#2026 06 04 18:49:58.206#Z#INFO#2f425741-6046-11f1-aadc-eeee0a90472b.OPERATION#http-nio-0.0.0.0-8080-exec-4#
[XS2StartProcessListener] Operation ID: 2f425741-6046-11f1-aadc-eeee0a90472b#
#2026 06 04 18:49:58.244#Z#DEBUG#2f425741-6046-11f1-aadc-eeee0a90472b.OPERATION#http-nio-0.0.0.0-8080-exec-4#
[XS2StartProcessListener] Process environment: {
  "SKIP_SSL_VALIDATION" : "false",
  "FLOWABLE_JOB_EXECUTOR_MAX_THREADS" : "128",
  "VERSION" : "2.46.0",
  "BASIC_AUTH_ENABLED" : "true",
  "FLOWABLE_JOB_EXECUTOR_QUEUE_CAPACITY" : "4",
  "CONTROLLER_CLIENT_CONNECTION_POOL_SIZE" : "192",
  "FLOWABLE_JOB_EXECUTOR_CORE_THREADS" : "64"
}#
#2026 06 04 18:49:58.244#Z#DEBUG#2f425741-6046-11f1-aadc-eeee0a90472b.OPERATION#http-nio-0.0.0.0-8080-exec-4#
[XS2StartProcessListener] Current user: hannes.quade@sap.com#
#2026 06 04 18:49:58.244#Z#DEBUG#2f425741-6046-11f1-aadc-eeee0a90472b.OPERATION#http-nio-0.0.0.0-8080-exec-4#
[XS2StartProcessListener] Client space: COE EMEA HANA TI Cloud#
#2026 06 04 18:49:58.244#Z#DEBUG#2f425741-6046-11f1-aadc-eeee0a90472b.OPERATION#http-nio-0.0.0.0-8080-exec-4#
[XS2StartProcessListener] Client organization: CoE EMEA HANA Platform_D054555#
#2026 06 04 18:49:58.244#Z#INFO#2f425741-6046-11f1-aadc-eeee0a90472b.OPERATION#http-nio-0.0.0.0-8080-exec-4#
[XS2StartProcessListener] Process variables: {
  "keepFiles" : false,
  "skipAppDigestCalculation" : false,
  "abortOnError" : false,
  "mtaId" : "MyHANAApp",
  "noFailOnMissingPermissions" : false,
  "isSecurityEnabled" : false,
  "apiRequestPath" : "https://deploy-service.cf.eu20.hana.ondemand.com/api/v1/spaces/4cc0a88c-ec98-47c4-9958-38b5e6ec9fcf/operations",
  "deleteServiceBrokers" : false,
  "appArchiveId" : "5b187547-79b7-47ab-ac4b-68432896eb81",
  "isDisposableUserProvidedServiceEnabled" : false,
  "deleteServiceKeys" : false,
  "noRestartSubscribedApps" : false,
  "noStart" : false,
  "deleteServices" : false
}#
#2026 06 04 18:49:58.307#Z#DEBUG#2f425741-6046-11f1-aadc-eeee0a90472b.OPERATION#flowable-async-job-executor-thread-9426#
[ValidateDeployParametersStep] Executing task "validateParametersTask" of process "2f427e77-6046-11f1-aadc-eeee0a90472b"...#
#2026 06 04 18:49:58.307#Z#DEBUG#2f425741-6046-11f1-aadc-eeee0a90472b.OPERATION#flowable-async-job-executor-thread-9426#
[ValidateDeployParametersStep] Validating parameters...#
#2026 06 04 18:49:58.308#Z#INFO#2f425741-6046-11f1-aadc-eeee0a90472b.OPERATION#flowable-async-job-executor-thread-9426#
[ValidateDeployParametersStep] Size of mtars is 9,772,040 and size of extension descriptors is 0#
#2026 06 04 18:49:58.343#Z#INFO#2f425741-6046-11f1-aadc-eeee0a90472b.OPERATION#flowable-async-job-executor-thread-9426#
[ValidateDeployParametersStep] Archive was not split! Total size in bytes: 9,772,040#
#2026 06 04 18:49:58.343#Z#INFO#2f425741-6046-11f1-aadc-eeee0a90472b.OPERATION#flowable-async-job-executor-thread-9426#
[ValidateDeployParametersStep] Deploying in org "CoE EMEA HANA Platform_D054555" and space "COE EMEA HANA TI Cloud"#
#2026 06 04 18:49:58.364#Z#DEBUG#2f425741-6046-11f1-aadc-eeee0a90472b.OPERATION#flowable-async-job-executor-thread-9426#
[ValidateDeployParametersStep] Parameters validated#
#2026 06 04 18:49:58.364#Z#DEBUG#2f425741-6046-11f1-aadc-eeee0a90472b.OPERATION#flowable-async-job-executor-thread-9426#
Step "Validate Parameters" finished#
#2026 06 04 18:49:58.394#Z#DEBUG#2f425741-6046-11f1-aadc-eeee0a90472b.OPERATION#flowable-async-job-executor-thread-9427#
[DeleteRemainingFileParts] Executing task "deleteRemainingFileParts" of process "2f427e77-6046-11f1-aadc-eeee0a90472b"...#
#2026 06 04 18:49:58.395#Z#DEBUG#2f425741-6046-11f1-aadc-eeee0a90472b.OPERATION#flowable-async-job-executor-thread-9427#
Step "Delete Remaining File Parts" finished#
#2026 06 04 18:49:58.426#Z#DEBUG#2f425741-6046-11f1-aadc-eeee0a90472b.OPERATION#flowable-async-job-executor-thread-9428#
[XS2ProcessMtaArchiveStep] Executing task "processArchiveTask" of process "2f427e77-6046-11f1-aadc-eeee0a90472b"...#
#2026 06 04 18:49:58.427#Z#DEBUG#2f425741-6046-11f1-aadc-eeee0a90472b.OPERATION#flowable-async-job-executor-thread-9428#
[XS2ProcessMtaArchiveStep] Processing MTA archive...#
#2026 06 04 18:49:58.427#Z#DEBUG#2f425741-6046-11f1-aadc-eeee0a90472b.OPERATION#flowable-async-job-executor-thread-9428#
[XS2ProcessMtaArchiveStep] MTA Archive ID: 5b187547-79b7-47ab-ac4b-68432896eb81#
#2026 06 04 18:49:58.777#Z#DEBUG#2f425741-6046-11f1-aadc-eeee0a90472b.OPERATION#flowable-async-job-executor-thread-9428#
[XS2ProcessMtaArchiveStep] MTA Descriptor length: 1,662#
#2026 06 04 18:49:58.777#Z#DEBUG#2f425741-6046-11f1-aadc-eeee0a90472b.OPERATION#flowable-async-job-executor-thread-9428#
[XS2ProcessMtaArchiveStep] MTA Archive Modules: [MyHANAApp-srv, MyHANAApp, MyHANAApp-db-deployer]#
#2026 06 04 18:49:58.777#Z#DEBUG#2f425741-6046-11f1-aadc-eeee0a90472b.OPERATION#flowable-async-job-executor-thread-9428#
[XS2ProcessMtaArchiveStep] MTA Archive Requires: []#
#2026 06 04 18:49:58.777#Z#DEBUG#2f425741-6046-11f1-aadc-eeee0a90472b.OPERATION#flowable-async-job-executor-thread-9428#
[XS2ProcessMtaArchiveStep] MTA Archive Resources: [MyHANAApp-auth]#
#2026 06 04 18:49:58.791#Z#DEBUG#2f425741-6046-11f1-aadc-eeee0a90472b.OPERATION#flowable-async-job-executor-thread-9428#
[XS2ProcessMtaArchiveStep] MTA archive processed#
#2026 06 04 18:49:58.791#Z#DEBUG#2f425741-6046-11f1-aadc-eeee0a90472b.OPERATION#flowable-async-job-executor-thread-9428#
Step "Process Archive" finished#
#2026 06 04 18:49:58.828#Z#DEBUG#2f425741-6046-11f1-aadc-eeee0a90472b.OPERATION#flowable-async-job-executor-thread-9429#
[ProcessMtaExtensionDescriptorsStep] Executing task "processExtensionDescriptorsTask" of process "2f427e77-6046-11f1-aadc-eeee0a90472b"...#
#2026 06 04 18:49:58.828#Z#DEBUG#2f425741-6046-11f1-aadc-eeee0a90472b.OPERATION#flowable-async-job-executor-thread-9429#
[ProcessMtaExtensionDescriptorsStep] Processing MTA extension descriptors...#
#2026 06 04 18:49:58.829#Z#DEBUG#2f425741-6046-11f1-aadc-eeee0a90472b.OPERATION#flowable-async-job-executor-thread-9429#
[ProcessMtaExtensionDescriptorsStep] Provided extension descriptors: [ ]#
#2026 06 04 18:49:58.829#Z#DEBUG#2f425741-6046-11f1-aadc-eeee0a90472b.OPERATION#flowable-async-job-executor-thread-9429#
[ProcessMtaExtensionDescriptorsStep] No extension descriptors in use#
#2026 06 04 18:49:58.829#Z#DEBUG#2f425741-6046-11f1-aadc-eeee0a90472b.OPERATION#flowable-async-job-executor-thread-9429#
[ProcessMtaExtensionDescriptorsStep] MTA extension descriptors processed#
#2026 06 04 18:49:58.829#Z#DEBUG#2f425741-6046-11f1-aadc-eeee0a90472b.OPERATION#flowable-async-job-executor-thread-9429#
Step "Process Extension Descriptors" finished#
#2026 06 04 18:49:58.859#Z#DEBUG#2f425741-6046-11f1-aadc-eeee0a90472b.OPERATION#flowable-async-job-executor-thread-9430#
[XS2DetectMtaSchemaVersionStep] Executing task "detectSchemaVersionTask" of process "2f427e77-6046-11f1-aadc-eeee0a90472b"...#
#2026 06 04 18:49:58.860#Z#DEBUG#2f425741-6046-11f1-aadc-eeee0a90472b.OPERATION#flowable-async-job-executor-thread-9430#
[XS2DetectMtaSchemaVersionStep] Detecting MTA major schema version...#
#2026 06 04 18:49:58.861#Z#INFO#2f425741-6046-11f1-aadc-eeee0a90472b.OPERATION#flowable-async-job-executor-thread-9430#
[XS2DetectMtaSchemaVersionStep] Detected MTA schema version: "3"#
#2026 06 04 18:49:58.870#Z#DEBUG#2f425741-6046-11f1-aadc-eeee0a90472b.OPERATION#flowable-async-job-executor-thread-9430#
Step "Detect Schema Version" finished#
#2026 06 04 18:49:58.900#Z#DEBUG#2f425741-6046-11f1-aadc-eeee0a90472b.OPERATION#flowable-async-job-executor-thread-9431#
[MergeDescriptorsStep] Executing task "mergeDescriptorsTask" of process "2f427e77-6046-11f1-aadc-eeee0a90472b"...#
#2026 06 04 18:49:58.900#Z#DEBUG#2f425741-6046-11f1-aadc-eeee0a90472b.OPERATION#flowable-async-job-executor-thread-9431#
[MergeDescriptorsStep] Validating and merging descriptors...#
#2026 06 04 18:49:58.902#Z#DEBUG#2f425741-6046-11f1-aadc-eeee0a90472b.OPERATION#flowable-async-job-executor-thread-9431#
[MergeDescriptorsStep] Merged deployment descriptor: {
  "majorSchemaVersion" : 3,
  "schemaVersion" : "3.3.0",
  "id" : "MyHANAApp",
  "version" : "1.0.0",
  "modules" : [ {
    "majorSchemaVersion" : 3,
    "name" : "MyHANAApp-srv",
    "type" : "javascript.nodejs",
    "path" : "MyHANAApp-srv",
    "properties" : { },
    "parameters" : {
      "buildpack" : "nodejs_buildpack",
      "instances" : 1
    },
    "requiredDependencies" : [ {
      "majorSchemaVersion" : 3,
      "name" : "********",
      "properties" : { },
      "parameters" : { },
      "propertiesMetadata" : {
        "metadata" : { }
      },
      "parametersMetadata" : {
        "metadata" : { }
      }
    }, {
      "majorSchemaVersion" : 3,
      "name" : "MyHANAApp-db",
      "properties" : { },
      "parameters" : { },
      "propertiesMetadata" : {
        "metadata" : { }
      },
      "parametersMetadata" : {
        "metadata" : { }
      }
    } ],
    "providedDependencies" : [ {
      "majorSchemaVersion" : 3,
      "name" : "srv-api",
      "isPublic" : false,
      "properties" : {
        "srv-url" : "${default-url}"
      },
      "parameters" : { },
      "propertiesMetadata" : {
        "metadata" : { }
      },
      "parametersMetadata" : {
        "metadata" : { }
      }
    }, {
      "majorSchemaVersion" : 3,
      "name" : "MyHANAApp-srv",
      "isPublic" : false,
      "properties" : { },
      "parameters" : { },
      "propertiesMetadata" : {
        "metadata" : { }
      },
      "parametersMetadata" : {
        "metadata" : { }
      }
    } ],
    "propertiesMetadata" : {
      "metadata" : { }
    },
    "parametersMetadata" : {
      "metadata" : { }
    },
    "hooks" : [ ]
  }, {
    "majorSchemaVersion" : 3,
    "name" : "MyHANAApp-db-deployer",
    "type" : "com.sap.xs.hdi",
    "path" : "MyHANAApp-db-deployer",
    "properties" : {
      "EXIT" : 1
    },
    "parameters" : {
      "memory" : "256M",
      "buildpack" : "nodejs_buildpack",
      "no-route" : true,
      "dependency-type" : "hard",
      "tasks" : [ {
        "name" : "deploy",
        "memory" : "256M",
        "command" : "npm start"
      } ],
      "no-start" : true
    },
    "requiredDependencies" : [ {
      "majorSchemaVersion" : 3,
      "name" : "MyHANAApp-db",
      "properties" : { },
      "parameters" : { },
      "propertiesMetadata" : {
        "metadata" : { }
      },
      "parametersMetadata" : {
        "metadata" : { }
      }
    } ],
    "providedDependencies" : [ {
      "majorSchemaVersion" : 3,
      "name" : "MyHANAApp-db-deployer",
      "isPublic" : false,
      "properties" : { },
      "parameters" : { },
      "propertiesMetadata" : {
        "metadata" : { }
      },
      "parametersMetadata" : {
        "metadata" : { }
      }
    } ],
    "propertiesMetadata" : {
      "metadata" : { }
    },
    "parametersMetadata" : {
      "metadata" : { }
    },
    "hooks" : [ ]
  }, {
    "majorSchemaVersion" : 3,
    "name" : "MyHANAApp",
    "type" : "javascript.nodejs",
    "path" : "MyHANAApp",
    "properties" : { },
    "parameters" : {
      "disk-quota" : "256M",
      "keep-existing-routes" : true,
      "memory" : "256M"
    },
    "requiredDependencies" : [ {
      "majorSchemaVersion" : 3,
      "name" : "srv-api",
      "group" : "destinations",
      "properties" : {
        "name" : "srv-api",
        "forwardAuthToken" : "********",
        "url" : "~{srv-url}"
      },
      "parameters" : { },
      "propertiesMetadata" : {
        "metadata" : { }
      },
      "parametersMetadata" : {
        "metadata" : { }
      }
    }, {
      "majorSchemaVersion" : 3,
      "name" : "********",
      "properties" : { },
      "parameters" : { },
      "propertiesMetadata" : {
        "metadata" : { }
      },
      "parametersMetadata" : {
        "metadata" : { }
      }
    } ],
    "providedDependencies" : [ {
      "majorSchemaVersion" : 3,
      "name" : "app-api",
      "isPublic" : false,
      "properties" : {
        "app-protocol" : "${protocol}",
        "app-uri" : "${default-uri}"
      },
      "parameters" : { },
      "propertiesMetadata" : {
        "metadata" : { }
      },
      "parametersMetadata" : {
        "metadata" : { }
      }
    }, {
      "majorSchemaVersion" : 3,
      "name" : "MyHANAApp",
      "isPublic" : false,
      "properties" : { },
      "parameters" : { },
      "propertiesMetadata" : {
        "metadata" : { }
      },
      "parametersMetadata" : {
        "metadata" : { }
      }
    } ],
    "propertiesMetadata" : {
      "metadata" : { }
    },
    "parametersMetadata" : {
      "metadata" : { }
    },
    "hooks" : [ ]
  } ],
  "resources" : [ {
    "majorSchemaVersion" : 3,
    "name" : "********",
    "type" : "org.cloudfoundry.managed-service",
    "properties" : { },
    "parameters" : {
      "path" : "./xs-security.json",
      "service-plan" : "application",
      "type" : "managed-service",
      "config" : {
        "oauth2-configuration" : "********",
        "tenant-mode" : "dedicated",
        "xsappname" : "MyHANAApp-${org}-${space}"
      },
      "service" : "xsuaa"
    },
    "isActive" : true,
    "isOptional" : false,
    "propertiesMetadata" : {
      "metadata" : { }
    },
    "parametersMetadata" : {
      "metadata" : { }
    },
    "requiredDependencies" : [ {
      "majorSchemaVersion" : 3,
      "name" : "app-api",
      "properties" : { },
      "parameters" : { },
      "propertiesMetadata" : {
        "metadata" : { }
      },
      "parametersMetadata" : {
        "metadata" : { }
      }
    } ],
    "processedAfter" : [ ]
  }, {
    "majorSchemaVersion" : 3,
    "name" : "MyHANAApp-db",
    "type" : "com.sap.xs.hdi-container",
    "properties" : { },
    "parameters" : {
      "type" : "managed-service",
      "service" : "hana",
      "service-plan" : "hdi-shared"
    },
    "isActive" : true,
    "isOptional" : false,
    "propertiesMetadata" : {
      "metadata" : { }
    },
    "parametersMetadata" : {
      "metadata" : { }
    },
    "requiredDependencies" : [ ],
    "processedAfter" : [ ]
  } ],
  "parameters" : {
    "enable-parallel-deployments" : true
  },
  "parametersMetadata" : {
    "metadata" : { }
  }
}#
#2026 06 04 18:49:58.903#Z#DEBUG#2f425741-6046-11f1-aadc-eeee0a90472b.OPERATION#flowable-async-job-executor-thread-9431#
[MergeDescriptorsStep] Descriptors validated and merged#
#2026 06 04 18:49:58.903#Z#DEBUG#2f425741-6046-11f1-aadc-eeee0a90472b.OPERATION#flowable-async-job-executor-thread-9431#
Step "Merge Descriptors" finished#
#2026 06 04 18:49:58.933#Z#DEBUG#2f425741-6046-11f1-aadc-eeee0a90472b.OPERATION#flowable-async-job-executor-thread-9432#
[DetectDeployedMtaStep] Executing task "detectDeployedMtaTask" of process "2f427e77-6046-11f1-aadc-eeee0a90472b"...#
#2026 06 04 18:49:58.934#Z#DEBUG#2f425741-6046-11f1-aadc-eeee0a90472b.OPERATION#flowable-async-job-executor-thread-9432#
[DetectDeployedMtaStep] Detecting deployed MTA...#
#2026 06 04 18:49:59.038#Z#DEBUG#2f425741-6046-11f1-aadc-eeee0a90472b.OPERATION#flowable-async-job-executor-thread-9432#
[DetectDeployedMtaStep] Detecting MTA by id MyHANAApp and namespace null#
#2026 06 04 18:49:59.038#Z#DEBUG#2f425741-6046-11f1-aadc-eeee0a90472b.OPERATION#flowable-async-job-executor-thread-9432#
[DetectDeployedMtaStep] Getting applications by metadata label selector "mta_id=ec807ea94ed79a44f90dccbd559c6f5f,!mta_namespace"...#
#2026 06 04 18:49:59.110#Z#DEBUG#2f425741-6046-11f1-aadc-eeee0a90472b.OPERATION#flowable-async-job-executor-thread-9432#
[DetectDeployedMtaStep] Getting service instances by metadata label selector "mta_id=ec807ea94ed79a44f90dccbd559c6f5f,!mta_namespace"...#
#2026 06 04 18:49:59.275#Z#DEBUG#2f425741-6046-11f1-aadc-eeee0a90472b.OPERATION#flowable-async-job-executor-thread-9432#
[DetectDeployedMtaStep] Deployed MTA: {
  "metadata" : {
    "id" : "MyHANAApp",
    "version" : "1.0.0"
  },
  "applications" : [ ],
  "services" : [ {
    "name" : "MyHANAApp-db",
    "metadata" : {
      "guid" : "584becf6-3c17-4525-8c45-31f4a82598bd",
      "createdAt" : [ 2026, 6, 4, 14, 10, 20 ],
      "updatedAt" : [ 2026, 6, 4, 14, 10, 20 ]
    },
    "v3Metadata" : {
      "annotations" : {
        "mta_id" : "MyHANAApp",
        "mta_version" : "1.0.0",
        "mta_resource" : "{\"name\":\"MyHANAApp-db\"}"
      },
      "labels" : {
        "mta_id" : "ec807ea94ed79a44f90dccbd559c6f5f"
      }
    },
    "label" : "hana",
    "plan" : "hdi-shared",
    "credentials" : "********",
    "tags" : [ ],
    "type" : "managed",
    "lastOperation" : {
      "type" : "CREATE",
      "state" : "SUCCEEDED"
    },
    "resourceName" : "MyHANAApp-db"
  }, {
    "name" : "********",
    "metadata" : {
      "guid" : "0f5592d4-0ff0-41b1-84b5-54188c7cf4c6",
      "createdAt" : [ 2026, 6, 4, 14, 14, 12 ],
      "updatedAt" : [ 2026, 6, 4, 14, 14, 12 ]
    },
    "v3Metadata" : {
      "annotations" : {
        "mta_id" : "MyHANAApp",
        "mta_version" : "1.0.0",
        "mta_resource" : "********"
      },
      "labels" : {
        "mta_id" : "ec807ea94ed79a44f90dccbd559c6f5f"
      }
    },
    "label" : "xsuaa",
    "plan" : "application",
    "credentials" : "********",
    "tags" : [ ],
    "type" : "managed",
    "lastOperation" : {
      "type" : "UPDATE",
      "description" : "Error updating application null (Error parsing xs-security.json data: Inconsistent xs-security.json: Invalid xsappname \"MyHANAApp-CoE EMEA HANA Platform_D054555-COE EMEA HANA TI Cloud\": May only include characters 'a'-'z', 'A'-'Z', '0'-'9', '_', '-', '', and '/'.)",
      "state" : "FAILED"
    },
    "resourceName" : "********"
  } ]
}#
#2026 06 04 18:49:59.275#Z#INFO#2f425741-6046-11f1-aadc-eeee0a90472b.OPERATION#flowable-async-job-executor-thread-9432#
[DetectDeployedMtaStep] Detected deployed MTA with ID "MyHANAApp" and version "1.0.0"#
#2026 06 04 18:49:59.287#Z#DEBUG#2f425741-6046-11f1-aadc-eeee0a90472b.OPERATION#flowable-async-job-executor-thread-9432#
[DetectDeployedMtaStep] Detecting backup mta by id "MyHANAApp" and namespace "null"#
#2026 06 04 18:49:59.287#Z#DEBUG#2f425741-6046-11f1-aadc-eeee0a90472b.OPERATION#flowable-async-job-executor-thread-9432#
[DetectDeployedMtaStep] Getting applications by metadata label selector "mta_id=ec807ea94ed79a44f90dccbd559c6f5f,mta_namespace=b698114a0995e936895b9598a6c19a2c"...#
#2026 06 04 18:49:59.332#Z#DEBUG#2f425741-6046-11f1-aadc-eeee0a90472b.OPERATION#flowable-async-job-executor-thread-9432#
[DetectDeployedMtaStep] Getting service instances by metadata label selector "mta_id=ec807ea94ed79a44f90dccbd559c6f5f,mta_namespace=b698114a0995e936895b9598a6c19a2c"...#
#2026 06 04 18:49:59.394#Z#DEBUG#2f425741-6046-11f1-aadc-eeee0a90472b.OPERATION#flowable-async-job-executor-thread-9432#
[DetectDeployedMtaStep] Deployed MTA service keys: [ ]#
#2026 06 04 18:49:59.394#Z#DEBUG#2f425741-6046-11f1-aadc-eeee0a90472b.OPERATION#flowable-async-job-executor-thread-9432#
Step "Detect Deployed MTA" finished#
#2026 06 04 18:49:59.426#Z#DEBUG#2f425741-6046-11f1-aadc-eeee0a90472b.OPERATION#flowable-async-job-executor-thread-9433#
[XS2CollectSystemParametersStep] Executing task "collectSystemParametersTask" of process "2f427e77-6046-11f1-aadc-eeee0a90472b"...#
#2026 06 04 18:49:59.427#Z#DEBUG#2f425741-6046-11f1-aadc-eeee0a90472b.OPERATION#flowable-async-job-executor-thread-9433#
[XS2CollectSystemParametersStep] Collecting system parameters...#
#2026 06 04 18:49:59.427#Z#DEBUG#2f425741-6046-11f1-aadc-eeee0a90472b.OPERATION#flowable-async-job-executor-thread-9433#
[XS2CollectSystemParametersStep] Getting default domain...#
#2026 06 04 18:49:59.458#Z#DEBUG#2f425741-6046-11f1-aadc-eeee0a90472b.OPERATION#flowable-async-job-executor-thread-9433#
[XS2CollectSystemParametersStep] Default domain: cfapps.eu20.hana.ondemand.com#
#2026 06 04 18:49:59.459#Z#DEBUG#2f425741-6046-11f1-aadc-eeee0a90472b.OPERATION#flowable-async-job-executor-thread-9433#
[XS2CollectSystemParametersStep] Checking for overwriting read-only parameters for mta with id: "MyHANAApp"#
#2026 06 04 18:49:59.460#Z#DEBUG#2f425741-6046-11f1-aadc-eeee0a90472b.OPERATION#flowable-async-job-executor-thread-9433#
[XS2CollectSystemParametersStep] No read-only parameters are overwritten#
#2026 06 04 18:49:59.481#Z#DEBUG#2f425741-6046-11f1-aadc-eeee0a90472b.OPERATION#flowable-async-job-executor-thread-9433#
[XS2CollectSystemParametersStep] Descriptor with system parameters: {
  "majorSchemaVersion" : 3,
  "schemaVersion" : "3.3.0",
  "id" : "MyHANAApp",
  "version" : "1.0.0",
  "modules" : [ {
    "majorSchemaVersion" : 3,
    "name" : "MyHANAApp-srv",
    "type" : "javascript.nodejs",
    "path" : "MyHANAApp-srv",
    "properties" : { },
    "parameters" : {
      "default-url" : "${protocol}://${default-uri}",
      "default-app-name" : "MyHANAApp-srv",
      "generated-password" : "********",
      "default-live-url" : "${protocol}://${default-live-uri}",
      "default-uri" : "${host}.${domain}",
      "default-instances" : 1,
      "default-live-host" : "coe-emea-hana-platform-d054555-coe-emea-hana-ti-cloud-m7c222000",
      "instances" : 1,
      "buildpack" : "nodejs_buildpack",
      "default-host" : "coe-emea-hana-platform-d054555-coe-emea-hana-ti-cloud-m7c222000",
      "app-name" : "${default-app-name}",
      "default-live-uri" : "coe-emea-hana-platform-d054555-coe-emea-hana-ti-cloud-m7c222000.${domain}",
      "protocol" : "https",
      "default-live-app-name" : "MyHANAApp-srv",
      "default-live-domain" : "cfapps.eu20.hana.ondemand.com",
      "domain" : "${default-domain}",
      "host" : "${default-host}",
      "generated-user" : "********"
    },
    "requiredDependencies" : [ {
      "majorSchemaVersion" : 3,
      "name" : "********",
      "properties" : { },
      "parameters" : { },
      "propertiesMetadata" : {
        "metadata" : { }
      },
      "parametersMetadata" : {
        "metadata" : { }
      }
    }, {
      "majorSchemaVersion" : 3,
      "name" : "MyHANAApp-db",
      "properties" : { },
      "parameters" : { },
      "propertiesMetadata" : {
        "metadata" : { }
      },
      "parametersMetadata" : {
        "metadata" : { }
      }
    } ],
    "providedDependencies" : [ {
      "majorSchemaVersion" : 3,
      "name" : "srv-api",
      "isPublic" : false,
      "properties" : {
        "srv-url" : "${default-url}"
      },
      "parameters" : { },
      "propertiesMetadata" : {
        "metadata" : { }
      },
      "parametersMetadata" : {
        "metadata" : { }
      }
    }, {
      "majorSchemaVersion" : 3,
      "name" : "MyHANAApp-srv",
      "isPublic" : false,
      "properties" : { },
      "parameters" : { },
      "propertiesMetadata" : {
        "metadata" : { }
      },
      "parametersMetadata" : {
        "metadata" : { }
      }
    } ],
    "propertiesMetadata" : {
      "metadata" : { }
    },
    "parametersMetadata" : {
      "metadata" : { }
    },
    "hooks" : [ ]
  }, {
    "majorSchemaVersion" : 3,
    "name" : "MyHANAApp-db-deployer",
    "type" : "com.sap.xs.hdi",
    "path" : "MyHANAApp-db-deployer",
    "properties" : {
      "EXIT" : 1
    },
    "parameters" : {
      "default-url" : "${protocol}://${default-uri}",
      "default-app-name" : "MyHANAApp-db-deployer",
      "generated-password" : "********",
      "default-live-url" : "${protocol}://${default-live-uri}",
      "default-uri" : "${host}.${domain}",
      "memory" : "256M",
      "default-instances" : 1,
      "no-route" : true,
      "default-live-host" : "coe-emea-hana-platform-d054555-coe-emea-hana-ti-cloud-m456f32b4",
      "instances" : "${default-instances}",
      "buildpack" : "nodejs_buildpack",
      "default-host" : "coe-emea-hana-platform-d054555-coe-emea-hana-ti-cloud-m456f32b4",
      "app-name" : "${default-app-name}",
      "default-live-uri" : "coe-emea-hana-platform-d054555-coe-emea-hana-ti-cloud-m456f32b4.${domain}",
      "protocol" : "https",
      "default-live-app-name" : "MyHANAApp-db-deployer",
      "default-live-domain" : "cfapps.eu20.hana.ondemand.com",
      "dependency-type" : "hard",
      "domain" : "${default-domain}",
      "host" : "${default-host}",
      "generated-user" : "********",
      "tasks" : [ {
        "name" : "deploy",
        "memory" : "256M",
        "command" : "npm start"
      } ],
      "no-start" : true
    },
    "requiredDependencies" : [ {
      "majorSchemaVersion" : 3,
      "name" : "MyHANAApp-db",
      "properties" : { },
      "parameters" : { },
      "propertiesMetadata" : {
        "metadata" : { }
      },
      "parametersMetadata" : {
        "metadata" : { }
      }
    } ],
    "providedDependencies" : [ {
      "majorSchemaVersion" : 3,
      "name" : "MyHANAApp-db-deployer",
      "isPublic" : false,
      "properties" : { },
      "parameters" : { },
      "propertiesMetadata" : {
        "metadata" : { }
      },
      "parametersMetadata" : {
        "metadata" : { }
      }
    } ],
    "propertiesMetadata" : {
      "metadata" : { }
    },
    "parametersMetadata" : {
      "metadata" : { }
    },
    "hooks" : [ ]
  }, {
    "majorSchemaVersion" : 3,
    "name" : "MyHANAApp",
    "type" : "javascript.nodejs",
    "path" : "MyHANAApp",
    "properties" : { },
    "parameters" : {
      "default-url" : "${protocol}://${default-uri}",
      "default-app-name" : "MyHANAApp",
      "generated-password" : "********",
      "default-live-url" : "${protocol}://${default-live-uri}",
      "default-uri" : "${host}.${domain}",
      "memory" : "256M",
      "default-instances" : 1,
      "default-live-host" : "coe-emea-hana-platform-d054555-coe-emea-hana-ti-cloud-myhanaapp",
      "instances" : "${default-instances}",
      "default-host" : "coe-emea-hana-platform-d054555-coe-emea-hana-ti-cloud-myhanaapp",
      "keep-existing-routes" : true,
      "app-name" : "${default-app-name}",
      "default-live-uri" : "coe-emea-hana-platform-d054555-coe-emea-hana-ti-cloud-myhanaapp.${domain}",
      "protocol" : "https",
      "default-live-app-name" : "MyHANAApp",
      "default-live-domain" : "cfapps.eu20.hana.ondemand.com",
      "disk-quota" : "256M",
      "domain" : "${default-domain}",
      "host" : "${default-host}",
      "generated-user" : "********"
    },
    "requiredDependencies" : [ {
      "majorSchemaVersion" : 3,
      "name" : "srv-api",
      "group" : "destinations",
      "properties" : {
        "name" : "srv-api",
        "forwardAuthToken" : "********",
        "url" : "~{srv-url}"
      },
      "parameters" : { },
      "propertiesMetadata" : {
        "metadata" : { }
      },
      "parametersMetadata" : {
        "metadata" : { }
      }
    }, {
      "majorSchemaVersion" : 3,
      "name" : "********",
      "properties" : { },
      "parameters" : { },
      "propertiesMetadata" : {
        "metadata" : { }
      },
      "parametersMetadata" : {
        "metadata" : { }
      }
    } ],
    "providedDependencies" : [ {
      "majorSchemaVersion" : 3,
      "name" : "app-api",
      "isPublic" : false,
      "properties" : {
        "app-protocol" : "${protocol}",
        "app-uri" : "${default-uri}"
      },
      "parameters" : { },
      "propertiesMetadata" : {
        "metadata" : { }
      },
      "parametersMetadata" : {
        "metadata" : { }
      }
    }, {
      "majorSchemaVersion" : 3,
      "name" : "MyHANAApp",
      "isPublic" : false,
      "properties" : { },
      "parameters" : { },
      "propertiesMetadata" : {
        "metadata" : { }
      },
      "parametersMetadata" : {
        "metadata" : { }
      }
    } ],
    "propertiesMetadata" : {
      "metadata" : { }
    },
    "parametersMetadata" : {
      "metadata" : { }
    },
    "hooks" : [ ]
  } ],
  "resources" : [ {
    "majorSchemaVersion" : 3,
    "name" : "********",
    "type" : "org.cloudfoundry.managed-service",
    "properties" : { },
    "parameters" : {
      "generated-password" : "********",
      "path" : "./xs-security.json",
      "service-name" : "${default-service-name}",
      "service-plan" : "application",
      "service" : "xsuaa",
      "generated-user" : "********",
      "default-xsappname" : "********",
      "type" : "managed-service",
      "config" : {
        "oauth2-configuration" : "********",
        "tenant-mode" : "dedicated",
        "xsappname" : "MyHANAApp-${org}-${space}"
      },
      "default-service-name" : "********",
      "default-container-name" : "COE_EMEA_HANA_PLATFORM_D054555_COE_EMEA_HANA_TI_CLOUD_MY1DDCA651"
    },
    "isActive" : true,
    "isOptional" : false,
    "propertiesMetadata" : {
      "metadata" : { }
    },
    "parametersMetadata" : {
      "metadata" : { }
    },
    "requiredDependencies" : [ {
      "majorSchemaVersion" : 3,
      "name" : "app-api",
      "properties" : { },
      "parameters" : { },
      "propertiesMetadata" : {
        "metadata" : { }
      },
      "parametersMetadata" : {
        "metadata" : { }
      }
    } ],
    "processedAfter" : [ ]
  }, {
    "majorSchemaVersion" : 3,
    "name" : "MyHANAApp-db",
    "type" : "com.sap.xs.hdi-container",
    "properties" : { },
    "parameters" : {
      "generated-password" : "********",
      "service-name" : "${default-service-name}",
      "service-plan" : "hdi-shared",
      "service" : "hana",
      "generated-user" : "********",
      "default-xsappname" : "MyHANAApp-db",
      "type" : "managed-service",
      "default-service-name" : "MyHANAApp-db",
      "default-container-name" : "COE_EMEA_HANA_PLATFORM_D054555_COE_EMEA_HANA_TI_CLOUD_MYHAE41099"
    },
    "isActive" : true,
    "isOptional" : false,
    "propertiesMetadata" : {
      "metadata" : { }
    },
    "parametersMetadata" : {
      "metadata" : { }
    },
    "requiredDependencies" : [ ],
    "processedAfter" : [ ]
  } ],
  "parameters" : {
    "mta-id" : "MyHANAApp",
    "authorization-url" : "********",
    "org-guid" : "faa2a59b-a78e-4aa0-9dad-78ce96e1bc24",
    "org" : "CoE EMEA HANA Platform_D054555",
    "deploy-target" : "CoE EMEA HANA Platform_D054555 COE EMEA HANA TI Cloud",
    "enable-parallel-deployments" : true,
    "space" : "COE EMEA HANA TI Cloud",
    "xs-api-url" : "https://api.cf.eu20.hana.ondemand.com",
    "deploy-url" : "deploy-service.cfapps.eu20.hana.ondemand.com",
    "xs-type" : "CF",
    "default-domain" : "cfapps.eu20.hana.ondemand.com",
    "mta-version" : "1.0.0",
    "xs-auth-url" : "********",
    "space-guid" : "4cc0a88c-ec98-47c4-9958-38b5e6ec9fcf",
    "user" : "********",
    "controller-url" : "https://api.cf.eu20.hana.ondemand.com",
    "timestamp" : "20260604184958"
  },
  "parametersMetadata" : {
    "metadata" : { }
  }
}#
#2026 06 04 18:49:59.482#Z#DEBUG#2f425741-6046-11f1-aadc-eeee0a90472b.OPERATION#flowable-async-job-executor-thread-9433#
[XS2CollectSystemParametersStep] Version rule: SAME_HIGHER#
#2026 06 04 18:49:59.482#Z#INFO#2f425741-6046-11f1-aadc-eeee0a90472b.OPERATION#flowable-async-job-executor-thread-9433#
[XS2CollectSystemParametersStep] Detected new MTA version: "1.0.0"#
#2026 06 04 18:49:59.490#Z#INFO#2f425741-6046-11f1-aadc-eeee0a90472b.OPERATION#flowable-async-job-executor-thread-9433#
[XS2CollectSystemParametersStep] Deployed MTA version: "1.0.0"#
#2026 06 04 18:49:59.501#Z#DEBUG#2f425741-6046-11f1-aadc-eeee0a90472b.OPERATION#flowable-async-job-executor-thread-9433#
[XS2CollectSystemParametersStep] MTA accepted for deployment#
#2026 06 04 18:49:59.501#Z#DEBUG#2f425741-6046-11f1-aadc-eeee0a90472b.OPERATION#flowable-async-job-executor-thread-9433#
[XS2CollectSystemParametersStep] System parameters collected#
#2026 06 04 18:49:59.501#Z#DEBUG#2f425741-6046-11f1-aadc-eeee0a90472b.OPERATION#flowable-async-job-executor-thread-9433#
Step "Collect System Parameters" finished#
#2026 06 04 18:49:59.534#Z#DEBUG#2f425741-6046-11f1-aadc-eeee0a90472b.OPERATION#flowable-async-job-executor-thread-9434#
[ProcessDescriptorStep] Executing task "processDescriptorTask" of process "2f427e77-6046-11f1-aadc-eeee0a90472b"...#
#2026 06 04 18:49:59.534#Z#DEBUG#2f425741-6046-11f1-aadc-eeee0a90472b.OPERATION#flowable-async-job-executor-thread-9434#
[ProcessDescriptorStep] Resolving properties and parameters in merged descriptor...#
#2026 06 04 18:49:59.538#Z#DEBUG#2f425741-6046-11f1-aadc-eeee0a90472b.OPERATION#flowable-async-job-executor-thread-9434#
[ProcessDescriptorStep] Subscriptions: [ ]#
#2026 06 04 18:49:59.538#Z#DEBUG#2f425741-6046-11f1-aadc-eeee0a90472b.OPERATION#flowable-async-job-executor-thread-9434#
[ProcessDescriptorStep] MTA modules: [MyHANAApp-srv, MyHANAApp, MyHANAApp-db-deployer]#
#2026 06 04 18:49:59.539#Z#DEBUG#2f425741-6046-11f1-aadc-eeee0a90472b.OPERATION#flowable-async-job-executor-thread-9434#
[ProcessDescriptorStep] Resolved deployment descriptor: {
  "majorSchemaVersion" : 3,
  "schemaVersion" : "3.3.0",
  "id" : "MyHANAApp",
  "version" : "1.0.0",
  "modules" : [ {
    "majorSchemaVersion" : 3,
    "name" : "MyHANAApp-srv",
    "type" : "javascript.nodejs",
    "path" : "MyHANAApp-srv",
    "properties" : { },
    "parameters" : {
      "default-url" : "https://coe-emea-hana-platform-d054555-coe-emea-hana-ti-cloud-m7c222000.cfapps.eu20.hana.ondemand.com",
      "default-app-name" : "MyHANAApp-srv",
      "generated-password" : "********",
      "default-live-url" : "https://coe-emea-hana-platform-d054555-coe-emea-hana-ti-cloud-m7c222000.cfapps.eu20.hana.ondemand.com",
      "default-uri" : "coe-emea-hana-platform-d054555-coe-emea-hana-ti-cloud-m7c222000.cfapps.eu20.hana.ondemand.com",
      "default-instances" : 1,
      "default-live-host" : "coe-emea-hana-platform-d054555-coe-emea-hana-ti-cloud-m7c222000",
      "instances" : 1,
      "buildpack" : "nodejs_buildpack",
      "default-host" : "coe-emea-hana-platform-d054555-coe-emea-hana-ti-cloud-m7c222000",
      "app-name" : "MyHANAApp-srv",
      "default-live-uri" : "coe-emea-hana-platform-d054555-coe-emea-hana-ti-cloud-m7c222000.cfapps.eu20.hana.ondemand.com",
      "protocol" : "https",
      "default-live-app-name" : "MyHANAApp-srv",
      "default-live-domain" : "cfapps.eu20.hana.ondemand.com",
      "domain" : "cfapps.eu20.hana.ondemand.com",
      "host" : "coe-emea-hana-platform-d054555-coe-emea-hana-ti-cloud-m7c222000",
      "generated-user" : "********"
    },
    "requiredDependencies" : [ {
      "majorSchemaVersion" : 3,
      "name" : "********",
      "properties" : { },
      "parameters" : { },
      "propertiesMetadata" : {
        "metadata" : { }
      },
      "parametersMetadata" : {
        "metadata" : { }
      }
    }, {
      "majorSchemaVersion" : 3,
      "name" : "MyHANAApp-db",
      "properties" : { },
      "parameters" : { },
      "propertiesMetadata" : {
        "metadata" : { }
      },
      "parametersMetadata" : {
        "metadata" : { }
      }
    } ],
    "providedDependencies" : [ {
      "majorSchemaVersion" : 3,
      "name" : "srv-api",
      "isPublic" : false,
      "properties" : {
        "srv-url" : "https://coe-emea-hana-platform-d054555-coe-emea-hana-ti-cloud-m7c222000.cfapps.eu20.hana.ondemand.com"
      },
      "parameters" : { },
      "propertiesMetadata" : {
        "metadata" : { }
      },
      "parametersMetadata" : {
        "metadata" : { }
      }
    }, {
      "majorSchemaVersion" : 3,
      "name" : "MyHANAApp-srv",
      "isPublic" : false,
      "properties" : { },
      "parameters" : { },
      "propertiesMetadata" : {
        "metadata" : { }
      },
      "parametersMetadata" : {
        "metadata" : { }
      }
    } ],
    "propertiesMetadata" : {
      "metadata" : { }
    },
    "parametersMetadata" : {
      "metadata" : { }
    },
    "hooks" : [ ]
  }, {
    "majorSchemaVersion" : 3,
    "name" : "MyHANAApp-db-deployer",
    "type" : "com.sap.xs.hdi",
    "path" : "MyHANAApp-db-deployer",
    "properties" : {
      "EXIT" : 1
    },
    "parameters" : {
      "default-url" : "https://coe-emea-hana-platform-d054555-coe-emea-hana-ti-cloud-m456f32b4.cfapps.eu20.hana.ondemand.com",
      "default-app-name" : "MyHANAApp-db-deployer",
      "generated-password" : "********",
      "default-live-url" : "https://coe-emea-hana-platform-d054555-coe-emea-hana-ti-cloud-m456f32b4.cfapps.eu20.hana.ondemand.com",
      "default-uri" : "coe-emea-hana-platform-d054555-coe-emea-hana-ti-cloud-m456f32b4.cfapps.eu20.hana.ondemand.com",
      "memory" : "256M",
      "default-instances" : 1,
      "no-route" : true,
      "default-live-host" : "coe-emea-hana-platform-d054555-coe-emea-hana-ti-cloud-m456f32b4",
      "instances" : 1,
      "buildpack" : "nodejs_buildpack",
      "default-host" : "coe-emea-hana-platform-d054555-coe-emea-hana-ti-cloud-m456f32b4",
      "app-name" : "MyHANAApp-db-deployer",
      "default-live-uri" : "coe-emea-hana-platform-d054555-coe-emea-hana-ti-cloud-m456f32b4.cfapps.eu20.hana.ondemand.com",
      "protocol" : "https",
      "default-live-app-name" : "MyHANAApp-db-deployer",
      "default-live-domain" : "cfapps.eu20.hana.ondemand.com",
      "dependency-type" : "hard",
      "domain" : "cfapps.eu20.hana.ondemand.com",
      "host" : "coe-emea-hana-platform-d054555-coe-emea-hana-ti-cloud-m456f32b4",
      "generated-user" : "********",
      "tasks" : [ {
        "command" : "npm start",
        "memory" : "256M",
        "name" : "deploy"
      } ],
      "no-start" : true
    },
    "requiredDependencies" : [ {
      "majorSchemaVersion" : 3,
      "name" : "MyHANAApp-db",
      "properties" : { },
      "parameters" : { },
      "propertiesMetadata" : {
        "metadata" : { }
      },
      "parametersMetadata" : {
        "metadata" : { }
      }
    } ],
    "providedDependencies" : [ {
      "majorSchemaVersion" : 3,
      "name" : "MyHANAApp-db-deployer",
      "isPublic" : false,
      "properties" : { },
      "parameters" : { },
      "propertiesMetadata" : {
        "metadata" : { }
      },
      "parametersMetadata" : {
        "metadata" : { }
      }
    } ],
    "propertiesMetadata" : {
      "metadata" : { }
    },
    "parametersMetadata" : {
      "metadata" : { }
    },
    "hooks" : [ ]
  }, {
    "majorSchemaVersion" : 3,
    "name" : "MyHANAApp",
    "type" : "javascript.nodejs",
    "path" : "MyHANAApp",
    "properties" : { },
    "parameters" : {
      "default-url" : "https://coe-emea-hana-platform-d054555-coe-emea-hana-ti-cloud-myhanaapp.cfapps.eu20.hana.ondemand.com",
      "default-app-name" : "MyHANAApp",
      "generated-password" : "********",
      "default-live-url" : "https://coe-emea-hana-platform-d054555-coe-emea-hana-ti-cloud-myhanaapp.cfapps.eu20.hana.ondemand.com",
      "default-uri" : "coe-emea-hana-platform-d054555-coe-emea-hana-ti-cloud-myhanaapp.cfapps.eu20.hana.ondemand.com",
      "memory" : "256M",
      "default-instances" : 1,
      "default-live-host" : "coe-emea-hana-platform-d054555-coe-emea-hana-ti-cloud-myhanaapp",
      "instances" : 1,
      "default-host" : "coe-emea-hana-platform-d054555-coe-emea-hana-ti-cloud-myhanaapp",
      "keep-existing-routes" : true,
      "app-name" : "MyHANAApp",
      "default-live-uri" : "coe-emea-hana-platform-d054555-coe-emea-hana-ti-cloud-myhanaapp.cfapps.eu20.hana.ondemand.com",
      "protocol" : "https",
      "default-live-app-name" : "MyHANAApp",
      "default-live-domain" : "cfapps.eu20.hana.ondemand.com",
      "disk-quota" : "256M",
      "domain" : "cfapps.eu20.hana.ondemand.com",
      "host" : "coe-emea-hana-platform-d054555-coe-emea-hana-ti-cloud-myhanaapp",
      "generated-user" : "********"
    },
    "requiredDependencies" : [ {
      "majorSchemaVersion" : 3,
      "name" : "srv-api",
      "group" : "destinations",
      "properties" : {
        "name" : "srv-api",
        "forwardAuthToken" : "********",
        "url" : "https://coe-emea-hana-platform-d054555-coe-emea-hana-ti-cloud-m7c222000.cfapps.eu20.hana.ondemand.com"
      },
      "parameters" : { },
      "propertiesMetadata" : {
        "metadata" : { }
      },
      "parametersMetadata" : {
        "metadata" : { }
      }
    }, {
      "majorSchemaVersion" : 3,
      "name" : "********",
      "properties" : { },
      "parameters" : { },
      "propertiesMetadata" : {
        "metadata" : { }
      },
      "parametersMetadata" : {
        "metadata" : { }
      }
    } ],
    "providedDependencies" : [ {
      "majorSchemaVersion" : 3,
      "name" : "app-api",
      "isPublic" : false,
      "properties" : {
        "app-protocol" : "https",
        "app-uri" : "coe-emea-hana-platform-d054555-coe-emea-hana-ti-cloud-myhanaapp.cfapps.eu20.hana.ondemand.com"
      },
      "parameters" : { },
      "propertiesMetadata" : {
        "metadata" : { }
      },
      "parametersMetadata" : {
        "metadata" : { }
      }
    }, {
      "majorSchemaVersion" : 3,
      "name" : "MyHANAApp",
      "isPublic" : false,
      "properties" : { },
      "parameters" : { },
      "propertiesMetadata" : {
        "metadata" : { }
      },
      "parametersMetadata" : {
        "metadata" : { }
      }
    } ],
    "propertiesMetadata" : {
      "metadata" : { }
    },
    "parametersMetadata" : {
      "metadata" : { }
    },
    "hooks" : [ ]
  } ],
  "resources" : [ {
    "majorSchemaVersion" : 3,
    "name" : "********",
    "type" : "org.cloudfoundry.managed-service",
    "properties" : { },
    "parameters" : {
      "generated-password" : "********",
      "path" : "./xs-security.json",
      "service-name" : "********",
      "service-plan" : "application",
      "service" : "xsuaa",
      "generated-user" : "********",
      "default-xsappname" : "********",
      "type" : "managed-service",
      "config" : {
        "oauth2-configuration" : "********",
        "tenant-mode" : "dedicated",
        "xsappname" : "MyHANAApp-CoE EMEA HANA Platform_D054555-COE EMEA HANA TI Cloud"
      },
      "default-service-name" : "********",
      "default-container-name" : "COE_EMEA_HANA_PLATFORM_D054555_COE_EMEA_HANA_TI_CLOUD_MY1DDCA651"
    },
    "isActive" : true,
    "isOptional" : false,
    "propertiesMetadata" : {
      "metadata" : { }
    },
    "parametersMetadata" : {
      "metadata" : { }
    },
    "requiredDependencies" : [ {
      "majorSchemaVersion" : 3,
      "name" : "app-api",
      "properties" : { },
      "parameters" : { },
      "propertiesMetadata" : {
        "metadata" : { }
      },
      "parametersMetadata" : {
        "metadata" : { }
      }
    } ],
    "processedAfter" : [ ]
  }, {
    "majorSchemaVersion" : 3,
    "name" : "MyHANAApp-db",
    "type" : "com.sap.xs.hdi-container",
    "properties" : { },
    "parameters" : {
      "generated-password" : "********",
      "service-name" : "MyHANAApp-db",
      "service-plan" : "hdi-shared",
      "service" : "hana",
      "generated-user" : "********",
      "default-xsappname" : "MyHANAApp-db",
      "type" : "managed-service",
      "default-service-name" : "MyHANAApp-db",
      "default-container-name" : "COE_EMEA_HANA_PLATFORM_D054555_COE_EMEA_HANA_TI_CLOUD_MYHAE41099"
    },
    "isActive" : true,
    "isOptional" : false,
    "propertiesMetadata" : {
      "metadata" : { }
    },
    "parametersMetadata" : {
      "metadata" : { }
    },
    "requiredDependencies" : [ ],
    "processedAfter" : [ ]
  } ],
  "parameters" : {
    "mta-id" : "MyHANAApp",
    "authorization-url" : "********",
    "org-guid" : "faa2a59b-a78e-4aa0-9dad-78ce96e1bc24",
    "org" : "CoE EMEA HANA Platform_D054555",
    "deploy-target" : "CoE EMEA HANA Platform_D054555 COE EMEA HANA TI Cloud",
    "enable-parallel-deployments" : true,
    "region-primary-domain" : "eu20.hana.ondemand.com",
    "space" : "COE EMEA HANA TI Cloud",
    "region-domain" : "eu20.hana.ondemand.com",
    "xs-api-url" : "https://api.cf.eu20.hana.ondemand.com",
    "deploy-url" : "deploy-service.cfapps.eu20.hana.ondemand.com",
    "xs-type" : "CF",
    "default-domain" : "cfapps.eu20.hana.ondemand.com",
    "mta-version" : "1.0.0",
    "xs-auth-url" : "********",
    "space-guid" : "4cc0a88c-ec98-47c4-9958-38b5e6ec9fcf",
    "user" : "********",
    "controller-url" : "https://api.cf.eu20.hana.ondemand.com",
    "timestamp" : "20260604184958"
  },
  "parametersMetadata" : {
    "metadata" : { }
  }
}#
#2026 06 04 18:49:59.539#Z#DEBUG#2f425741-6046-11f1-aadc-eeee0a90472b.OPERATION#flowable-async-job-executor-thread-9434#
[ProcessDescriptorStep] Merged descriptor properties and parameters resolved#
#2026 06 04 18:49:59.539#Z#DEBUG#2f425741-6046-11f1-aadc-eeee0a90472b.OPERATION#flowable-async-job-executor-thread-9434#
Step "Process Descriptor Step" finished#
#2026 06 04 18:49:59.571#Z#DEBUG#2f425741-6046-11f1-aadc-eeee0a90472b.OPERATION#flowable-async-job-executor-thread-9435#
[XS2BuildCloudDeployModelStep] Executing task "buildDeployModelTask" of process "2f427e77-6046-11f1-aadc-eeee0a90472b"...#
#2026 06 04 18:49:59.573#Z#DEBUG#2f425741-6046-11f1-aadc-eeee0a90472b.OPERATION#flowable-async-job-executor-thread-9435#
[XS2BuildCloudDeployModelStep] Service keys defined for content deployment grouped by service name: { }#
#2026 06 04 18:49:59.573#Z#DEBUG#2f425741-6046-11f1-aadc-eeee0a90472b.OPERATION#flowable-async-job-executor-thread-9435#
[XS2BuildCloudDeployModelStep] Building cloud deployment model...#
#2026 06 04 18:49:59.575#Z#DEBUG#2f425741-6046-11f1-aadc-eeee0a90472b.OPERATION#flowable-async-job-executor-thread-9435#
[XS2BuildCloudDeployModelStep] MTA archive modules: [MyHANAApp-srv, MyHANAApp, MyHANAApp-db-deployer]#
#2026 06 04 18:49:59.575#Z#DEBUG#2f425741-6046-11f1-aadc-eeee0a90472b.OPERATION#flowable-async-job-executor-thread-9435#
[XS2BuildCloudDeployModelStep] Deployed modules: []#
#2026 06 04 18:49:59.575#Z#DEBUG#2f425741-6046-11f1-aadc-eeee0a90472b.OPERATION#flowable-async-job-executor-thread-9435#
[XS2BuildCloudDeployModelStep] MTA modules: [MyHANAApp-srv, MyHANAApp, MyHANAApp-db-deployer]#
#2026 06 04 18:49:59.575#Z#DEBUG#2f425741-6046-11f1-aadc-eeee0a90472b.OPERATION#flowable-async-job-executor-thread-9435#
[XS2BuildCloudDeployModelStep] Service keys to create: {
  "MyHANAApp-auth" : "********",
  "MyHANAApp-db" : [ ]
}#
#2026 06 04 18:49:59.576#Z#DEBUG#2f425741-6046-11f1-aadc-eeee0a90472b.OPERATION#flowable-async-job-executor-thread-9435#
[XS2BuildCloudDeployModelStep] Modules to deploy: [{
  "majorSchemaVersion" : 3,
  "name" : "MyHANAApp-srv",
  "type" : "javascript.nodejs",
  "path" : "MyHANAApp-srv",
  "properties" : { },
  "parameters" : {
    "default-url" : "https://coe-emea-hana-platform-d054555-coe-emea-hana-ti-cloud-m7c222000.cfapps.eu20.hana.ondemand.com",
    "default-app-name" : "MyHANAApp-srv",
    "generated-password" : "********",
    "default-live-url" : "https://coe-emea-hana-platform-d054555-coe-emea-hana-ti-cloud-m7c222000.cfapps.eu20.hana.ondemand.com",
    "default-uri" : "coe-emea-hana-platform-d054555-coe-emea-hana-ti-cloud-m7c222000.cfapps.eu20.hana.ondemand.com",
    "default-instances" : 1,
    "default-live-host" : "coe-emea-hana-platform-d054555-coe-emea-hana-ti-cloud-m7c222000",
    "instances" : 1,
    "buildpack" : "nodejs_buildpack",
    "default-host" : "coe-emea-hana-platform-d054555-coe-emea-hana-ti-cloud-m7c222000",
    "app-name" : "MyHANAApp-srv",
    "default-live-uri" : "coe-emea-hana-platform-d054555-coe-emea-hana-ti-cloud-m7c222000.cfapps.eu20.hana.ondemand.com",
    "protocol" : "https",
    "default-live-app-name" : "MyHANAApp-srv",
    "default-live-domain" : "cfapps.eu20.hana.ondemand.com",
    "dependency-type" : "soft",
    "domain" : "cfapps.eu20.hana.ondemand.com",
    "host" : "coe-emea-hana-platform-d054555-coe-emea-hana-ti-cloud-m7c222000",
    "generated-user" : "********"
  },
  "requiredDependencies" : [ {
    "majorSchemaVersion" : 3,
    "name" : "********",
    "properties" : { },
    "parameters" : { },
    "propertiesMetadata" : {
      "metadata" : { }
    },
    "parametersMetadata" : {
      "metadata" : { }
    }
  }, {
    "majorSchemaVersion" : 3,
    "name" : "MyHANAApp-db",
    "properties" : { },
    "parameters" : { },
    "propertiesMetadata" : {
      "metadata" : { }
    },
    "parametersMetadata" : {
      "metadata" : { }
    }
  } ],
  "providedDependencies" : [ {
    "majorSchemaVersion" : 3,
    "name" : "srv-api",
    "isPublic" : false,
    "properties" : {
      "srv-url" : "https://coe-emea-hana-platform-d054555-coe-emea-hana-ti-cloud-m7c222000.cfapps.eu20.hana.ondemand.com"
    },
    "parameters" : { },
    "propertiesMetadata" : {
      "metadata" : { }
    },
    "parametersMetadata" : {
      "metadata" : { }
    }
  }, {
    "majorSchemaVersion" : 3,
    "name" : "MyHANAApp-srv",
    "isPublic" : false,
    "properties" : { },
    "parameters" : { },
    "propertiesMetadata" : {
      "metadata" : { }
    },
    "parametersMetadata" : {
      "metadata" : { }
    }
  } ],
  "propertiesMetadata" : {
    "metadata" : { }
  },
  "parametersMetadata" : {
    "metadata" : { }
  },
  "deployedAfter" : [ ],
  "hooks" : [ ]
}, {
  "majorSchemaVersion" : 3,
  "name" : "MyHANAApp-db-deployer",
  "type" : "com.sap.xs.hdi",
  "path" : "MyHANAApp-db-deployer",
  "properties" : {
    "EXIT" : 1
  },
  "parameters" : {
    "default-url" : "https://coe-emea-hana-platform-d054555-coe-emea-hana-ti-cloud-m456f32b4.cfapps.eu20.hana.ondemand.com",
    "default-app-name" : "MyHANAApp-db-deployer",
    "generated-password" : "********",
    "default-live-url" : "https://coe-emea-hana-platform-d054555-coe-emea-hana-ti-cloud-m456f32b4.cfapps.eu20.hana.ondemand.com",
    "default-uri" : "coe-emea-hana-platform-d054555-coe-emea-hana-ti-cloud-m456f32b4.cfapps.eu20.hana.ondemand.com",
    "memory" : "256M",
    "default-instances" : 1,
    "no-route" : true,
    "default-live-host" : "coe-emea-hana-platform-d054555-coe-emea-hana-ti-cloud-m456f32b4",
    "instances" : 1,
    "buildpack" : "nodejs_buildpack",
    "default-host" : "coe-emea-hana-platform-d054555-coe-emea-hana-ti-cloud-m456f32b4",
    "app-name" : "MyHANAApp-db-deployer",
    "default-live-uri" : "coe-emea-hana-platform-d054555-coe-emea-hana-ti-cloud-m456f32b4.cfapps.eu20.hana.ondemand.com",
    "protocol" : "https",
    "default-live-app-name" : "MyHANAApp-db-deployer",
    "default-live-domain" : "cfapps.eu20.hana.ondemand.com",
    "dependency-type" : "hard",
    "domain" : "cfapps.eu20.hana.ondemand.com",
    "host" : "coe-emea-hana-platform-d054555-coe-emea-hana-ti-cloud-m456f32b4",
    "generated-user" : "********",
    "tasks" : [ {
      "command" : "npm start",
      "memory" : "256M",
      "name" : "deploy"
    } ],
    "no-start" : true
  },
  "requiredDependencies" : [ {
    "majorSchemaVersion" : 3,
    "name" : "MyHANAApp-db",
    "properties" : { },
    "parameters" : { },
    "propertiesMetadata" : {
      "metadata" : { }
    },
    "parametersMetadata" : {
      "metadata" : { }
    }
  } ],
  "providedDependencies" : [ {
    "majorSchemaVersion" : 3,
    "name" : "MyHANAApp-db-deployer",
    "isPublic" : false,
    "properties" : { },
    "parameters" : { },
    "propertiesMetadata" : {
      "metadata" : { }
    },
    "parametersMetadata" : {
      "metadata" : { }
    }
  } ],
  "propertiesMetadata" : {
    "metadata" : { }
  },
  "parametersMetadata" : {
    "metadata" : { }
  },
  "deployedAfter" : [ ],
  "hooks" : [ ]
}, {
  "majorSchemaVersion" : 3,
  "name" : "MyHANAApp",
  "type" : "javascript.nodejs",
  "path" : "MyHANAApp",
  "properties" : { },
  "parameters" : {
    "default-url" : "https://coe-emea-hana-platform-d054555-coe-emea-hana-ti-cloud-myhanaapp.cfapps.eu20.hana.ondemand.com",
    "default-app-name" : "MyHANAApp",
    "generated-password" : "********",
    "default-live-url" : "https://coe-emea-hana-platform-d054555-coe-emea-hana-ti-cloud-myhanaapp.cfapps.eu20.hana.ondemand.com",
    "default-uri" : "coe-emea-hana-platform-d054555-coe-emea-hana-ti-cloud-myhanaapp.cfapps.eu20.hana.ondemand.com",
    "memory" : "256M",
    "default-instances" : 1,
    "default-live-host" : "coe-emea-hana-platform-d054555-coe-emea-hana-ti-cloud-myhanaapp",
    "instances" : 1,
    "default-host" : "coe-emea-hana-platform-d054555-coe-emea-hana-ti-cloud-myhanaapp",
    "keep-existing-routes" : true,
    "app-name" : "MyHANAApp",
    "default-live-uri" : "coe-emea-hana-platform-d054555-coe-emea-hana-ti-cloud-myhanaapp.cfapps.eu20.hana.ondemand.com",
    "protocol" : "https",
    "default-live-app-name" : "MyHANAApp",
    "default-live-domain" : "cfapps.eu20.hana.ondemand.com",
    "disk-quota" : "256M",
    "dependency-type" : "soft",
    "domain" : "cfapps.eu20.hana.ondemand.com",
    "host" : "coe-emea-hana-platform-d054555-coe-emea-hana-ti-cloud-myhanaapp",
    "generated-user" : "********"
  },
  "requiredDependencies" : [ {
    "majorSchemaVersion" : 3,
    "name" : "srv-api",
    "group" : "destinations",
    "properties" : {
      "name" : "srv-api",
      "forwardAuthToken" : "********",
      "url" : "https://coe-emea-hana-platform-d054555-coe-emea-hana-ti-cloud-m7c222000.cfapps.eu20.hana.ondemand.com"
    },
    "parameters" : { },
    "propertiesMetadata" : {
      "metadata" : { }
    },
    "parametersMetadata" : {
      "metadata" : { }
    }
  }, {
    "majorSchemaVersion" : 3,
    "name" : "********",
    "properties" : { },
    "parameters" : { },
    "propertiesMetadata" : {
      "metadata" : { }
    },
    "parametersMetadata" : {
      "metadata" : { }
    }
  } ],
  "providedDependencies" : [ {
    "majorSchemaVersion" : 3,
    "name" : "app-api",
    "isPublic" : false,
    "properties" : {
      "app-protocol" : "https",
      "app-uri" : "coe-emea-hana-platform-d054555-coe-emea-hana-ti-cloud-myhanaapp.cfapps.eu20.hana.ondemand.com"
    },
    "parameters" : { },
    "propertiesMetadata" : {
      "metadata" : { }
    },
    "parametersMetadata" : {
      "metadata" : { }
    }
  }, {
    "majorSchemaVersion" : 3,
    "name" : "MyHANAApp",
    "isPublic" : false,
    "properties" : { },
    "parameters" : { },
    "propertiesMetadata" : {
      "metadata" : { }
    },
    "parametersMetadata" : {
      "metadata" : { }
    }
  } ],
  "propertiesMetadata" : {
    "metadata" : { }
  },
  "parametersMetadata" : {
    "metadata" : { }
  },
  "deployedAfter" : [ ],
  "hooks" : [ ]
}]#
#2026 06 04 18:49:59.577#Z#DEBUG#2f425741-6046-11f1-aadc-eeee0a90472b.OPERATION#flowable-async-job-executor-thread-9435#
[XS2BuildCloudDeployModelStep] Custom domains: []#
#2026 06 04 18:49:59.580#Z#DEBUG#2f425741-6046-11f1-aadc-eeee0a90472b.OPERATION#flowable-async-job-executor-thread-9435#
[XS2BuildCloudDeployModelStep] Calculating resource batches...#
#2026 06 04 18:49:59.580#Z#DEBUG#2f425741-6046-11f1-aadc-eeee0a90472b.OPERATION#flowable-async-job-executor-thread-9435#
[XS2BuildCloudDeployModelStep] Calculating resource batches completed.#
#2026 06 04 18:49:59.580#Z#DEBUG#2f425741-6046-11f1-aadc-eeee0a90472b.OPERATION#flowable-async-job-executor-thread-9435#
[XS2BuildCloudDeployModelStep] Cloud deployment model built#
#2026 06 04 18:49:59.580#Z#DEBUG#2f425741-6046-11f1-aadc-eeee0a90472b.OPERATION#flowable-async-job-executor-thread-9435#
Step "Build Deploy Model" finished#
#2026 06 04 18:49:59.623#Z#DEBUG#2f425741-6046-11f1-aadc-eeee0a90472b.OPERATION#flowable-async-job-executor-thread-9436#
[BuildCloudUndeployModelStep] Executing task "buildUndeployModelTask" of process "2f427e77-6046-11f1-aadc-eeee0a90472b"...#
#2026 06 04 18:49:59.624#Z#DEBUG#2f425741-6046-11f1-aadc-eeee0a90472b.OPERATION#flowable-async-job-executor-thread-9436#
[BuildCloudUndeployModelStep] Building cloud undeployment model...#
#2026 06 04 18:49:59.625#Z#DEBUG#2f425741-6046-11f1-aadc-eeee0a90472b.OPERATION#flowable-async-job-executor-thread-9436#
[BuildCloudUndeployModelStep] Detecting service keys to delete.#
#2026 06 04 18:49:59.626#Z#DEBUG#2f425741-6046-11f1-aadc-eeee0a90472b.OPERATION#flowable-async-job-executor-thread-9436#
[BuildCloudUndeployModelStep] No deployed service keys detected!#
#2026 06 04 18:49:59.626#Z#DEBUG#2f425741-6046-11f1-aadc-eeee0a90472b.OPERATION#flowable-async-job-executor-thread-9436#
[BuildCloudUndeployModelStep] Detected service keys to delete "[]"#
#2026 06 04 18:49:59.629#Z#DEBUG#2f425741-6046-11f1-aadc-eeee0a90472b.OPERATION#flowable-async-job-executor-thread-9436#
[BuildCloudUndeployModelStep] MTA modules: [MyHANAApp-srv, MyHANAApp, MyHANAApp-db-deployer]#
#2026 06 04 18:49:59.629#Z#DEBUG#2f425741-6046-11f1-aadc-eeee0a90472b.OPERATION#flowable-async-job-executor-thread-9436#
[BuildCloudUndeployModelStep] Modules to undeploy: [ ]#
#2026 06 04 18:49:59.629#Z#DEBUG#2f425741-6046-11f1-aadc-eeee0a90472b.OPERATION#flowable-async-job-executor-thread-9436#
[BuildCloudUndeployModelStep] Modules that won't be changed: [ ]#
#2026 06 04 18:49:59.630#Z#DEBUG#2f425741-6046-11f1-aadc-eeee0a90472b.OPERATION#flowable-async-job-executor-thread-9436#
[BuildCloudUndeployModelStep] Subscriptions to delete: [ ]#
#2026 06 04 18:49:59.632#Z#DEBUG#2f425741-6046-11f1-aadc-eeee0a90472b.OPERATION#flowable-async-job-executor-thread-9436#
[BuildCloudUndeployModelStep] Cloud services to delete: []#
#2026 06 04 18:49:59.632#Z#DEBUG#2f425741-6046-11f1-aadc-eeee0a90472b.OPERATION#flowable-async-job-executor-thread-9436#
[BuildCloudUndeployModelStep] Cloud applications to undeploy: [ ]#
#2026 06 04 18:49:59.633#Z#DEBUG#2f425741-6046-11f1-aadc-eeee0a90472b.OPERATION#flowable-async-job-executor-thread-9436#
[BuildCloudUndeployModelStep] Cloud undeployment model built#
#2026 06 04 18:49:59.633#Z#DEBUG#2f425741-6046-11f1-aadc-eeee0a90472b.OPERATION#flowable-async-job-executor-thread-9436#
Step "Build Undeploy Model" finished#
#2026 06 04 18:49:59.683#Z#DEBUG#2f425741-6046-11f1-aadc-eeee0a90472b.OPERATION#flowable-async-job-executor-thread-9437#
[AddDomainsStep] Executing task "addDomainsTask" of process "2f427e77-6046-11f1-aadc-eeee0a90472b"...#
#2026 06 04 18:49:59.684#Z#DEBUG#2f425741-6046-11f1-aadc-eeee0a90472b.OPERATION#flowable-async-job-executor-thread-9437#
[AddDomainsStep] Custom domains: []#
#2026 06 04 18:49:59.684#Z#DEBUG#2f425741-6046-11f1-aadc-eeee0a90472b.OPERATION#flowable-async-job-executor-thread-9437#
Step "Add Domains" finished#
#2026 06 04 18:49:59.803#Z#DEBUG#2f425741-6046-11f1-aadc-eeee0a90472b.OPERATION#flowable-async-job-executor-thread-9439#
[ExtractBatchedServicesWithResolvedDynamicParametersStep] Executing task "prepareModulesDeploymentTask" of process "302ba607-6046-11f1-aadc-eeee0a90472b"...#
#2026 06 04 18:49:59.804#Z#DEBUG#2f425741-6046-11f1-aadc-eeee0a90472b.OPERATION#flowable-async-job-executor-thread-9439#
[ExtractBatchedServicesWithResolvedDynamicParametersStep] Extracting services and resolving dynamic parameters from batch#
#2026 06 04 18:49:59.805#Z#DEBUG#2f425741-6046-11f1-aadc-eeee0a90472b.OPERATION#flowable-async-job-executor-thread-9439#
[ExtractBatchedServicesWithResolvedDynamicParametersStep] Services to create: [ {
  "isOptional" : false,
  "isManaged" : true,
  "name" : "********",
  "v3Metadata" : {
    "annotations" : {
      "mta_id" : "MyHANAApp",
      "mta_version" : "1.0.0",
      "mta_resource" : "********"
    },
    "labels" : {
      "mta_id" : "ec807ea94ed79a44f90dccbd559c6f5f"
    }
  },
  "label" : "xsuaa",
  "plan" : "application",
  "credentials" : "********",
  "tags" : [ ],
  "type" : "managed",
  "resourceName" : "********",
  "shouldSkipParametersUpdate" : false,
  "shouldSkipPlanUpdate" : false,
  "shouldSkipTagsUpdate" : false,
  "shouldSkipSyslogUrlUpdate" : false
}, {
  "isOptional" : false,
  "isManaged" : true,
  "name" : "MyHANAApp-db",
  "v3Metadata" : {
    "annotations" : {
      "mta_id" : "MyHANAApp",
      "mta_version" : "1.0.0",
      "mta_resource" : "{\"name\":\"MyHANAApp-db\"}"
    },
    "labels" : {
      "mta_id" : "ec807ea94ed79a44f90dccbd559c6f5f"
    }
  },
  "label" : "hana",
  "plan" : "hdi-shared",
  "credentials" : "********",
  "tags" : [ ],
  "type" : "managed",
  "resourceName" : "MyHANAApp-db",
  "shouldSkipParametersUpdate" : false,
  "shouldSkipPlanUpdate" : false,
  "shouldSkipTagsUpdate" : false,
  "shouldSkipSyslogUrlUpdate" : false
} ]#
#2026 06 04 18:49:59.806#Z#DEBUG#2f425741-6046-11f1-aadc-eeee0a90472b.OPERATION#flowable-async-job-executor-thread-9439#
Step "Extract Services with Resolved Dynamic parameters from batch" finished#
#2026 06 04 18:49:59.899#Z#DEBUG#2f425741-6046-11f1-aadc-eeee0a90472b.OPERATION#flowable-async-job-executor-thread-9442#
[CheckServiceOperationStateStep] Executing task "CheckServiceOperationStateTask" of process "303df5c5-6046-11f1-aadc-eeee0a90472b"...#
#2026 06 04 18:49:59.899#Z#DEBUG#2f425741-6046-11f1-aadc-eeee0a90472b.OPERATION#flowable-async-job-executor-thread-9442#
[CheckServiceOperationStateStep] Getting service instance "MyHANAApp-auth"...#
#2026 06 04 18:50:00.050#Z#DEBUG#2f425741-6046-11f1-aadc-eeee0a90472b.OPERATION#flowable-async-job-executor-thread-9442#
Step "Check for service operations in Progress" finished#
#2026 06 04 18:50:00.099#Z#DEBUG#2f425741-6046-11f1-aadc-eeee0a90472b.OPERATION#flowable-async-job-executor-thread-9443#
[DetermineServiceCreateUpdateServiceActionsStep] Executing task "DetermineServiceCreateUpdateActionsTask" of process "303df5c5-6046-11f1-aadc-eeee0a90472b"...#
#2026 06 04 18:50:00.100#Z#INFO#2f425741-6046-11f1-aadc-eeee0a90472b.OPERATION#flowable-async-job-executor-thread-9443#
[DetermineServiceCreateUpdateServiceActionsStep] Processing service "MyHANAApp-auth"...#
#2026 06 04 18:50:00.111#Z#DEBUG#2f425741-6046-11f1-aadc-eeee0a90472b.OPERATION#flowable-async-job-executor-thread-9443#
[DetermineServiceCreateUpdateServiceActionsStep] Getting service instance "MyHANAApp-auth"...#
#2026 06 04 18:50:00.325#Z#INFO#2f425741-6046-11f1-aadc-eeee0a90472b.OPERATION#flowable-async-job-executor-thread-9443#
[DetermineServiceCreateUpdateServiceActionsStep] Setting service "MyHANAApp-auth" parameters from "xs-security.json"#
#2026 06 04 18:50:00.349#Z#DEBUG#2f425741-6046-11f1-aadc-eeee0a90472b.OPERATION#flowable-async-job-executor-thread-9443#
[DetermineServiceCreateUpdateServiceActionsStep] Existing service: {
  "name" : "********",
  "metadata" : {
    "guid" : "0f5592d4-0ff0-41b1-84b5-54188c7cf4c6",
    "createdAt" : [ 2026, 6, 4, 14, 14, 12 ],
    "updatedAt" : [ 2026, 6, 4, 14, 14, 12 ]
  },
  "v3Metadata" : {
    "annotations" : {
      "mta_id" : "MyHANAApp",
      "mta_version" : "1.0.0",
      "mta_resource" : "********"
    },
    "labels" : {
      "mta_id" : "ec807ea94ed79a44f90dccbd559c6f5f"
    }
  },
  "label" : "xsuaa",
  "plan" : "application",
  "credentials" : "********",
  "tags" : [ ],
  "type" : "managed",
  "lastOperation" : {
    "type" : "UPDATE",
    "description" : "Error updating application null (Error parsing xs-security.json data: Inconsistent xs-security.json: Invalid xsappname \"MyHANAApp-CoE EMEA HANA Platform_D054555-COE EMEA HANA TI Cloud\": May only include characters 'a'-'z', 'A'-'Z', '0'-'9', '_', '-', '', and '/'.)",
    "state" : "FAILED"
  }
}#
#2026 06 04 18:50:00.349#Z#DEBUG#2f425741-6046-11f1-aadc-eeee0a90472b.OPERATION#flowable-async-job-executor-thread-9443#
[DetermineServiceCreateUpdateServiceActionsStep] Service parameters will be updated#
#2026 06 04 18:50:00.349#Z#DEBUG#2f425741-6046-11f1-aadc-eeee0a90472b.OPERATION#flowable-async-job-executor-thread-9443#
[DetermineServiceCreateUpdateServiceActionsStep] New parameters: {
  "attributes" : [ ],
  "oauth2-configuration" : "********",
  "role-templates" : [ {
    "name" : "Admin",
    "description" : "generated",
    "scope-references" : [ "$XSAPPNAME.Admin" ],
    "attribute-references" : [ ]
  } ],
  "scopes" : [ {
    "name" : "$XSAPPNAME.Admin",
    "description" : "Admin"
  } ],
  "tenant-mode" : "dedicated",
  "xsappname" : "MyHANAApp-CoE EMEA HANA Platform_D054555-COE EMEA HANA TI Cloud"
}#
#2026 06 04 18:50:00.349#Z#DEBUG#2f425741-6046-11f1-aadc-eeee0a90472b.OPERATION#flowable-async-job-executor-thread-9443#
Step "Determine update actions" finished#
#2026 06 04 18:50:00.396#Z#DEBUG#2f425741-6046-11f1-aadc-eeee0a90472b.OPERATION#flowable-async-job-executor-thread-9444#
[CheckForServiceBindingOrKeyOperationStep] Executing task "CheckForServiceBindingOrKeyCreation" of process "303df5c5-6046-11f1-aadc-eeee0a90472b"...#
#2026 06 04 18:50:00.397#Z#DEBUG#2f425741-6046-11f1-aadc-eeee0a90472b.OPERATION#flowable-async-job-executor-thread-9444#
Step "Check for service binding or key creation" finished#
#2026 06 04 18:50:00.432#Z#DEBUG#2f425741-6046-11f1-aadc-eeee0a90472b.OPERATION#flowable-async-job-executor-thread-9445#
[UpdateServiceParametersStep] Executing task "UpdateServiceParametersTask" of process "303df5c5-6046-11f1-aadc-eeee0a90472b"...#
#2026 06 04 18:50:00.434#Z#INFO#2f425741-6046-11f1-aadc-eeee0a90472b.OPERATION#flowable-async-job-executor-thread-9445#
[UpdateServiceParametersStep] Updating service "MyHANAApp-auth"...#
#2026 06 04 18:50:00.446#Z#DEBUG#2f425741-6046-11f1-aadc-eeee0a90472b.OPERATION#flowable-async-job-executor-thread-9445#
[UpdateServiceParametersStep] Updating service parameters for service "MyHANAApp-auth"...#
#2026 06 04 18:50:00.575#Z#DEBUG#2f425741-6046-11f1-aadc-eeee0a90472b.OPERATION#flowable-async-job-executor-thread-9445#
[UpdateServiceParametersStep] Service "MyHANAApp-auth" updated#
#2026 06 04 18:50:00.575#Z#DEBUG#2f425741-6046-11f1-aadc-eeee0a90472b.OPERATION#flowable-async-job-executor-thread-9445#
[UpdateServiceParametersStep] Triggered service operations: {
  "MyHANAApp-auth" : "UPDATE"
}#
#2026 06 04 18:50:00.576#Z#DEBUG#2f425741-6046-11f1-aadc-eeee0a90472b.OPERATION#flowable-async-job-executor-thread-9445#
Step "Update parameters" finished#
#2026 06 04 18:50:01.102#Z#DEBUG#2f425741-6046-11f1-aadc-eeee0a90472b.OPERATION#flowable-async-job-executor-thread-6879#
[CheckServiceOperationStateStep] Executing task "CheckServiceOperationStateTask" of process "30f53740-6046-11f1-b82c-eeee0a8407d6"...#
#2026 06 04 18:50:01.220#Z#DEBUG#2f425741-6046-11f1-aadc-eeee0a90472b.OPERATION#flowable-async-job-executor-thread-6879#
[CheckServiceOperationStateStep] Getting service instance "MyHANAApp-db"...#
#2026 06 04 18:50:01.390#Z#DEBUG#2f425741-6046-11f1-aadc-eeee0a90472b.OPERATION#flowable-async-job-executor-thread-6879#
Step "Check for service operations in Progress" finished#
#2026 06 04 18:50:01.421#Z#DEBUG#2f425741-6046-11f1-aadc-eeee0a90472b.OPERATION#flowable-async-job-executor-thread-6880#
[DetermineServiceCreateUpdateServiceActionsStep] Executing task "DetermineServiceCreateUpdateActionsTask" of process "30f53740-6046-11f1-b82c-eeee0a8407d6"...#
#2026 06 04 18:50:01.422#Z#INFO#2f425741-6046-11f1-aadc-eeee0a90472b.OPERATION#flowable-async-job-executor-thread-6880#
[DetermineServiceCreateUpdateServiceActionsStep] Processing service "MyHANAApp-db"...#
#2026 06 04 18:50:01.430#Z#DEBUG#2f425741-6046-11f1-aadc-eeee0a90472b.OPERATION#flowable-async-job-executor-thread-6880#
[DetermineServiceCreateUpdateServiceActionsStep] Getting service instance "MyHANAApp-db"...#
#2026 06 04 18:50:01.546#Z#DEBUG#2f425741-6046-11f1-aadc-eeee0a90472b.OPERATION#flowable-async-job-executor-thread-6880#
[DetermineServiceCreateUpdateServiceActionsStep] Existing service: {
  "name" : "MyHANAApp-db",
  "metadata" : {
    "guid" : "584becf6-3c17-4525-8c45-31f4a82598bd",
    "createdAt" : [ 2026, 6, 4, 14, 10, 20 ],
    "updatedAt" : [ 2026, 6, 4, 14, 10, 20 ]
  },
  "v3Metadata" : {
    "annotations" : {
      "mta_id" : "MyHANAApp",
      "mta_version" : "1.0.0",
      "mta_resource" : "{\"name\":\"MyHANAApp-db\"}"
    },
    "labels" : {
      "mta_id" : "ec807ea94ed79a44f90dccbd559c6f5f"
    }
  },
  "label" : "hana",
  "plan" : "hdi-shared",
  "credentials" : "********",
  "tags" : [ ],
  "type" : "managed",
  "lastOperation" : {
    "type" : "CREATE",
    "state" : "SUCCEEDED"
  }
}#
#2026 06 04 18:50:01.546#Z#WARN#2f425741-6046-11f1-aadc-eeee0a90472b.OPERATION#flowable-async-job-executor-thread-6880#
[DetermineServiceCreateUpdateServiceActionsStep] Service parameters for service "MyHANAApp-db" will not be updated, as the parameters are not defined or empty.#
#2026 06 04 18:50:01.546#Z#DEBUG#2f425741-6046-11f1-aadc-eeee0a90472b.OPERATION#flowable-async-job-executor-thread-6880#
Step "Determine update actions" finished#
#2026 06 04 18:50:01.621#Z#DEBUG#2f425741-6046-11f1-aadc-eeee0a90472b.OPERATION#flowable-async-job-executor-thread-6881#
[CheckForServiceBindingOrKeyOperationStep] Executing task "CheckForServiceBindingOrKeyCreation" of process "30f53740-6046-11f1-b82c-eeee0a8407d6"...#
#2026 06 04 18:50:01.622#Z#DEBUG#2f425741-6046-11f1-aadc-eeee0a90472b.OPERATION#flowable-async-job-executor-thread-6881#
Step "Check for service binding or key creation" finished#
#2026 06 04 18:50:10.506#Z#DEBUG#2f425741-6046-11f1-aadc-eeee0a90472b.OPERATION#flowable-async-job-executor-thread-10647#
[UpdateServiceParametersStep] Executing task "UpdateServiceParametersTask" of process "303df5c5-6046-11f1-aadc-eeee0a90472b"...#
#2026 06 04 18:50:10.507#Z#DEBUG#2f425741-6046-11f1-aadc-eeee0a90472b.OPERATION#flowable-async-job-executor-thread-10647#
[UpdateServiceParametersStep] Polling service operations...#
#2026 06 04 18:50:10.622#Z#DEBUG#2f425741-6046-11f1-aadc-eeee0a90472b.OPERATION#flowable-async-job-executor-thread-10647#
[UpdateServiceParametersStep] Getting service instance "MyHANAApp-auth"...#
#2026 06 04 18:50:10.777#Z#WARN#2f425741-6046-11f1-aadc-eeee0a90472b.OPERATION#flowable-async-job-executor-thread-10647#
[UpdateServiceParametersStep] Updating service "MyHANAApp-auth" failed: Error updating application null (Error parsing xs-security.json data: Inconsistent xs-security.json: Invalid xsappname "MyHANAApp-CoE EMEA HANA Platform_D054555-COE EMEA HANA TI Cloud": May only include characters 'a'-'z', 'A'-'Z', '0'-'9', '_', '-', '', and '/'.)#
#2026 06 04 18:50:10.788#Z#DEBUG#2f425741-6046-11f1-aadc-eeee0a90472b.OPERATION#flowable-async-job-executor-thread-10647#
[UpdateServiceParametersStep] Last operation for service "MyHANAApp-auth": {
  "type" : "UPDATE",
  "description" : "Error updating application null (Error parsing xs-security.json data: Inconsistent xs-security.json: Invalid xsappname \"MyHANAApp-CoE EMEA HANA Platform_D054555-COE EMEA HANA TI Cloud\": May only include characters 'a'-'z', 'A'-'Z', '0'-'9', '_', '-', '', and '/'.)",
  "state" : "SUCCEEDED"
}#
#2026 06 04 18:50:10.789#Z#DEBUG#2f425741-6046-11f1-aadc-eeee0a90472b.OPERATION#flowable-async-job-executor-thread-10647#
[UpdateServiceParametersStep] Service "MyHANAApp-auth" updated#
#2026 06 04 18:50:10.789#Z#INFO#2f425741-6046-11f1-aadc-eeee0a90472b.OPERATION#flowable-async-job-executor-thread-10647#
[UpdateServiceParametersStep] 1 of 1 done#
#2026 06 04 18:50:10.796#Z#DEBUG#2f425741-6046-11f1-aadc-eeee0a90472b.OPERATION#flowable-async-job-executor-thread-10647#
[UpdateServiceParametersStep] Remaining services to poll: [ ]#
#2026 06 04 18:50:10.796#Z#DEBUG#2f425741-6046-11f1-aadc-eeee0a90472b.OPERATION#flowable-async-job-executor-thread-10647#
Step "Update parameters" finished#
#2026 06 04 18:50:11.011#Z#DEBUG#2f425741-6046-11f1-aadc-eeee0a90472b.OPERATION#flowable-async-job-executor-thread-10650#
[PrepareModulesDeploymentStep] Executing task "prepareModulesDeploymentTask" of process "36daeb5c-6046-11f1-8112-eeee0a96121a"...#
#2026 06 04 18:50:11.011#Z#DEBUG#2f425741-6046-11f1-aadc-eeee0a90472b.OPERATION#flowable-async-job-executor-thread-10650#
[PrepareModulesDeploymentStep] Preparing modules deployment...#
#2026 06 04 18:50:11.014#Z#DEBUG#2f425741-6046-11f1-aadc-eeee0a90472b.OPERATION#flowable-async-job-executor-thread-10650#
Step "Prepare Modules Deployment" finished#
#2026 06 04 18:50:11.051#Z#DEBUG#2f425741-6046-11f1-aadc-eeee0a90472b.OPERATION#flowable-async-job-executor-thread-10651#
[ComputeNextModulesStep] Executing task "computeNextModulesToDeployInParallel" of process "36daeb5c-6046-11f1-8112-eeee0a96121a"...#
#2026 06 04 18:50:11.051#Z#DEBUG#2f425741-6046-11f1-aadc-eeee0a90472b.OPERATION#flowable-async-job-executor-thread-10651#
[ComputeNextModulesStep] Computing modules for next parallel iteration...#
#2026 06 04 18:50:11.053#Z#DEBUG#2f425741-6046-11f1-aadc-eeee0a90472b.OPERATION#flowable-async-job-executor-thread-10651#
[ComputeNextModulesStep] Completed modules detected: []#
#2026 06 04 18:50:11.053#Z#DEBUG#2f425741-6046-11f1-aadc-eeee0a90472b.OPERATION#flowable-async-job-executor-thread-10651#
[ComputeNextModulesStep] All modules for deploy detected: [MyHANAApp-srv, MyHANAApp, MyHANAApp-db-deployer]#
#2026 06 04 18:50:11.053#Z#DEBUG#2f425741-6046-11f1-aadc-eeee0a90472b.OPERATION#flowable-async-job-executor-thread-10651#
[ComputeNextModulesStep] Modules not for deploy detected: []#
#2026 06 04 18:50:11.054#Z#DEBUG#2f425741-6046-11f1-aadc-eeee0a90472b.OPERATION#flowable-async-job-executor-thread-10651#
[ComputeNextModulesStep] Computed modules for next parallel iteration: [ {
  "majorSchemaVersion" : 3,
  "name" : "MyHANAApp-srv",
  "type" : "javascript.nodejs",
  "path" : "MyHANAApp-srv",
  "properties" : { },
  "parameters" : {
    "app-name" : "MyHANAApp-srv",
    "buildpack" : "nodejs_buildpack",
    "default-app-name" : "MyHANAApp-srv",
    "default-host" : "coe-emea-hana-platform-d054555-coe-emea-hana-ti-cloud-m7c222000",
    "default-instances" : 1,
    "default-live-app-name" : "MyHANAApp-srv",
    "default-live-domain" : "cfapps.eu20.hana.ondemand.com",
    "default-live-host" : "coe-emea-hana-platform-d054555-coe-emea-hana-ti-cloud-m7c222000",
    "default-live-uri" : "coe-emea-hana-platform-d054555-coe-emea-hana-ti-cloud-m7c222000.cfapps.eu20.hana.ondemand.com",
    "default-live-url" : "https://coe-emea-hana-platform-d054555-coe-emea-hana-ti-cloud-m7c222000.cfapps.eu20.hana.ondemand.com",
    "default-uri" : "coe-emea-hana-platform-d054555-coe-emea-hana-ti-cloud-m7c222000.cfapps.eu20.hana.ondemand.com",
    "default-url" : "https://coe-emea-hana-platform-d054555-coe-emea-hana-ti-cloud-m7c222000.cfapps.eu20.hana.ondemand.com",
    "dependency-type" : "soft",
    "domain" : "cfapps.eu20.hana.ondemand.com",
    "generated-password" : "********",
    "generated-user" : "********",
    "host" : "coe-emea-hana-platform-d054555-coe-emea-hana-ti-cloud-m7c222000",
    "instances" : 1,
    "protocol" : "https"
  },
  "requiredDependencies" : [ {
    "majorSchemaVersion" : 3,
    "name" : "********",
    "properties" : { },
    "parameters" : { },
    "propertiesMetadata" : {
      "metadata" : { }
    },
    "parametersMetadata" : {
      "metadata" : { }
    }
  }, {
    "majorSchemaVersion" : 3,
    "name" : "MyHANAApp-db",
    "properties" : { },
    "parameters" : { },
    "propertiesMetadata" : {
      "metadata" : { }
    },
    "parametersMetadata" : {
      "metadata" : { }
    }
  } ],
  "providedDependencies" : [ {
    "majorSchemaVersion" : 3,
    "name" : "srv-api",
    "isPublic" : false,
    "properties" : {
      "srv-url" : "https://coe-emea-hana-platform-d054555-coe-emea-hana-ti-cloud-m7c222000.cfapps.eu20.hana.ondemand.com"
    },
    "parameters" : { },
    "propertiesMetadata" : {
      "metadata" : { }
    },
    "parametersMetadata" : {
      "metadata" : { }
    }
  }, {
    "majorSchemaVersion" : 3,
    "name" : "MyHANAApp-srv",
    "isPublic" : false,
    "properties" : { },
    "parameters" : { },
    "propertiesMetadata" : {
      "metadata" : { }
    },
    "parametersMetadata" : {
      "metadata" : { }
    }
  } ],
  "propertiesMetadata" : {
    "metadata" : { }
  },
  "parametersMetadata" : {
    "metadata" : { }
  },
  "deployedAfter" : [ ],
  "hooks" : [ ]
}, {
  "majorSchemaVersion" : 3,
  "name" : "MyHANAApp-db-deployer",
  "type" : "com.sap.xs.hdi",
  "path" : "MyHANAApp-db-deployer",
  "properties" : {
    "EXIT" : 1
  },
  "parameters" : {
    "app-name" : "MyHANAApp-db-deployer",
    "buildpack" : "nodejs_buildpack",
    "default-app-name" : "MyHANAApp-db-deployer",
    "default-host" : "coe-emea-hana-platform-d054555-coe-emea-hana-ti-cloud-m456f32b4",
    "default-instances" : 1,
    "default-live-app-name" : "MyHANAApp-db-deployer",
    "default-live-domain" : "cfapps.eu20.hana.ondemand.com",
    "default-live-host" : "coe-emea-hana-platform-d054555-coe-emea-hana-ti-cloud-m456f32b4",
    "default-live-uri" : "coe-emea-hana-platform-d054555-coe-emea-hana-ti-cloud-m456f32b4.cfapps.eu20.hana.ondemand.com",
    "default-live-url" : "https://coe-emea-hana-platform-d054555-coe-emea-hana-ti-cloud-m456f32b4.cfapps.eu20.hana.ondemand.com",
    "default-uri" : "coe-emea-hana-platform-d054555-coe-emea-hana-ti-cloud-m456f32b4.cfapps.eu20.hana.ondemand.com",
    "default-url" : "https://coe-emea-hana-platform-d054555-coe-emea-hana-ti-cloud-m456f32b4.cfapps.eu20.hana.ondemand.com",
    "dependency-type" : "hard",
    "domain" : "cfapps.eu20.hana.ondemand.com",
    "generated-password" : "********",
    "generated-user" : "********",
    "host" : "coe-emea-hana-platform-d054555-coe-emea-hana-ti-cloud-m456f32b4",
    "instances" : 1,
    "memory" : "256M",
    "no-route" : true,
    "no-start" : true,
    "protocol" : "https",
    "tasks" : [ {
      "command" : "npm start",
      "memory" : "256M",
      "name" : "deploy"
    } ]
  },
  "requiredDependencies" : [ {
    "majorSchemaVersion" : 3,
    "name" : "MyHANAApp-db",
    "properties" : { },
    "parameters" : { },
    "propertiesMetadata" : {
      "metadata" : { }
    },
    "parametersMetadata" : {
      "metadata" : { }
    }
  } ],
  "providedDependencies" : [ {
    "majorSchemaVersion" : 3,
    "name" : "MyHANAApp-db-deployer",
    "isPublic" : false,
    "properties" : { },
    "parameters" : { },
    "propertiesMetadata" : {
      "metadata" : { }
    },
    "parametersMetadata" : {
      "metadata" : { }
    }
  } ],
  "propertiesMetadata" : {
    "metadata" : { }
  },
  "parametersMetadata" : {
    "metadata" : { }
  },
  "deployedAfter" : [ ],
  "hooks" : [ ]
}, {
  "majorSchemaVersion" : 3,
  "name" : "MyHANAApp",
  "type" : "javascript.nodejs",
  "path" : "MyHANAApp",
  "properties" : { },
  "parameters" : {
    "app-name" : "MyHANAApp",
    "default-app-name" : "MyHANAApp",
    "default-host" : "coe-emea-hana-platform-d054555-coe-emea-hana-ti-cloud-myhanaapp",
    "default-instances" : 1,
    "default-live-app-name" : "MyHANAApp",
    "default-live-domain" : "cfapps.eu20.hana.ondemand.com",
    "default-live-host" : "coe-emea-hana-platform-d054555-coe-emea-hana-ti-cloud-myhanaapp",
    "default-live-uri" : "coe-emea-hana-platform-d054555-coe-emea-hana-ti-cloud-myhanaapp.cfapps.eu20.hana.ondemand.com",
    "default-live-url" : "https://coe-emea-hana-platform-d054555-coe-emea-hana-ti-cloud-myhanaapp.cfapps.eu20.hana.ondemand.com",
    "default-uri" : "coe-emea-hana-platform-d054555-coe-emea-hana-ti-cloud-myhanaapp.cfapps.eu20.hana.ondemand.com",
    "default-url" : "https://coe-emea-hana-platform-d054555-coe-emea-hana-ti-cloud-myhanaapp.cfapps.eu20.hana.ondemand.com",
    "dependency-type" : "soft",
    "disk-quota" : "256M",
    "domain" : "cfapps.eu20.hana.ondemand.com",
    "generated-password" : "********",
    "generated-user" : "********",
    "host" : "coe-emea-hana-platform-d054555-coe-emea-hana-ti-cloud-myhanaapp",
    "instances" : 1,
    "keep-existing-routes" : true,
    "memory" : "256M",
    "protocol" : "https"
  },
  "requiredDependencies" : [ {
    "majorSchemaVersion" : 3,
    "name" : "srv-api",
    "group" : "destinations",
    "properties" : {
      "forwardAuthToken" : "********",
      "name" : "srv-api",
      "url" : "https://coe-emea-hana-platform-d054555-coe-emea-hana-ti-cloud-m7c222000.cfapps.eu20.hana.ondemand.com"
    },
    "parameters" : { },
    "propertiesMetadata" : {
      "metadata" : { }
    },
    "parametersMetadata" : {
      "metadata" : { }
    }
  }, {
    "majorSchemaVersion" : 3,
    "name" : "********",
    "properties" : { },
    "parameters" : { },
    "propertiesMetadata" : {
      "metadata" : { }
    },
    "parametersMetadata" : {
      "metadata" : { }
    }
  } ],
  "providedDependencies" : [ {
    "majorSchemaVersion" : 3,
    "name" : "app-api",
    "isPublic" : false,
    "properties" : {
      "app-protocol" : "https",
      "app-uri" : "coe-emea-hana-platform-d054555-coe-emea-hana-ti-cloud-myhanaapp.cfapps.eu20.hana.ondemand.com"
    },
    "parameters" : { },
    "propertiesMetadata" : {
      "metadata" : { }
    },
    "parametersMetadata" : {
      "metadata" : { }
    }
  }, {
    "majorSchemaVersion" : 3,
    "name" : "MyHANAApp",
    "isPublic" : false,
    "properties" : { },
    "parameters" : { },
    "propertiesMetadata" : {
      "metadata" : { }
    },
    "parametersMetadata" : {
      "metadata" : { }
    }
  } ],
  "propertiesMetadata" : {
    "metadata" : { }
  },
  "parametersMetadata" : {
    "metadata" : { }
  },
  "deployedAfter" : [ ],
  "hooks" : [ ]
} ]#
#2026 06 04 18:50:11.054#Z#DEBUG#2f425741-6046-11f1-aadc-eeee0a90472b.OPERATION#flowable-async-job-executor-thread-10651#
Step "Compute Next Modules To Deploy" finished#
#2026 06 04 18:50:11.198#Z#DEBUG#2f425741-6046-11f1-aadc-eeee0a90472b.OPERATION#flowable-async-job-executor-thread-10655#
[ProcessDescriptorStep] Executing task "reprocessDescriptorTask" of process "36f46797-6046-11f1-8112-eeee0a96121a"...#
#2026 06 04 18:50:11.199#Z#DEBUG#2f425741-6046-11f1-aadc-eeee0a90472b.OPERATION#flowable-async-job-executor-thread-10655#
[ProcessDescriptorStep] Resolving properties and parameters in merged descriptor...#
#2026 06 04 18:50:11.202#Z#DEBUG#2f425741-6046-11f1-aadc-eeee0a90472b.OPERATION#flowable-async-job-executor-thread-10655#
[ProcessDescriptorStep] Subscriptions: [ ]#
#2026 06 04 18:50:11.207#Z#DEBUG#2f425741-6046-11f1-aadc-eeee0a90472b.OPERATION#flowable-async-job-executor-thread-10655#
[ProcessDescriptorStep] MTA modules: [MyHANAApp-srv, MyHANAApp, MyHANAApp-db-deployer]#
#2026 06 04 18:50:11.209#Z#DEBUG#2f425741-6046-11f1-aadc-eeee0a90472b.OPERATION#flowable-async-job-executor-thread-10655#
[ProcessDescriptorStep] Resolved deployment descriptor: {
  "majorSchemaVersion" : 3,
  "schemaVersion" : "3.3.0",
  "id" : "MyHANAApp",
  "version" : "1.0.0",
  "modules" : [ {
    "majorSchemaVersion" : 3,
    "name" : "MyHANAApp-srv",
    "type" : "javascript.nodejs",
    "path" : "MyHANAApp-srv",
    "properties" : { },
    "parameters" : {
      "default-url" : "https://coe-emea-hana-platform-d054555-coe-emea-hana-ti-cloud-m7c222000.cfapps.eu20.hana.ondemand.com",
      "default-app-name" : "MyHANAApp-srv",
      "generated-password" : "********",
      "default-live-url" : "https://coe-emea-hana-platform-d054555-coe-emea-hana-ti-cloud-m7c222000.cfapps.eu20.hana.ondemand.com",
      "default-uri" : "coe-emea-hana-platform-d054555-coe-emea-hana-ti-cloud-m7c222000.cfapps.eu20.hana.ondemand.com",
      "default-instances" : 1,
      "default-live-host" : "coe-emea-hana-platform-d054555-coe-emea-hana-ti-cloud-m7c222000",
      "instances" : 1,
      "buildpack" : "nodejs_buildpack",
      "default-host" : "coe-emea-hana-platform-d054555-coe-emea-hana-ti-cloud-m7c222000",
      "app-name" : "MyHANAApp-srv",
      "default-live-uri" : "coe-emea-hana-platform-d054555-coe-emea-hana-ti-cloud-m7c222000.cfapps.eu20.hana.ondemand.com",
      "protocol" : "https",
      "default-live-app-name" : "MyHANAApp-srv",
      "default-live-domain" : "cfapps.eu20.hana.ondemand.com",
      "domain" : "cfapps.eu20.hana.ondemand.com",
      "host" : "coe-emea-hana-platform-d054555-coe-emea-hana-ti-cloud-m7c222000",
      "generated-user" : "********"
    },
    "requiredDependencies" : [ {
      "majorSchemaVersion" : 3,
      "name" : "********",
      "properties" : { },
      "parameters" : { },
      "propertiesMetadata" : {
        "metadata" : { }
      },
      "parametersMetadata" : {
        "metadata" : { }
      }
    }, {
      "majorSchemaVersion" : 3,
      "name" : "MyHANAApp-db",
      "properties" : { },
      "parameters" : { },
      "propertiesMetadata" : {
        "metadata" : { }
      },
      "parametersMetadata" : {
        "metadata" : { }
      }
    } ],
    "providedDependencies" : [ {
      "majorSchemaVersion" : 3,
      "name" : "srv-api",
      "isPublic" : false,
      "properties" : {
        "srv-url" : "https://coe-emea-hana-platform-d054555-coe-emea-hana-ti-cloud-m7c222000.cfapps.eu20.hana.ondemand.com"
      },
      "parameters" : { },
      "propertiesMetadata" : {
        "metadata" : { }
      },
      "parametersMetadata" : {
        "metadata" : { }
      }
    }, {
      "majorSchemaVersion" : 3,
      "name" : "MyHANAApp-srv",
      "isPublic" : false,
      "properties" : { },
      "parameters" : { },
      "propertiesMetadata" : {
        "metadata" : { }
      },
      "parametersMetadata" : {
        "metadata" : { }
      }
    } ],
    "propertiesMetadata" : {
      "metadata" : { }
    },
    "parametersMetadata" : {
      "metadata" : { }
    },
    "hooks" : [ ]
  }, {
    "majorSchemaVersion" : 3,
    "name" : "MyHANAApp-db-deployer",
    "type" : "com.sap.xs.hdi",
    "path" : "MyHANAApp-db-deployer",
    "properties" : {
      "EXIT" : 1
    },
    "parameters" : {
      "default-url" : "https://coe-emea-hana-platform-d054555-coe-emea-hana-ti-cloud-m456f32b4.cfapps.eu20.hana.ondemand.com",
      "default-app-name" : "MyHANAApp-db-deployer",
      "generated-password" : "********",
      "default-live-url" : "https://coe-emea-hana-platform-d054555-coe-emea-hana-ti-cloud-m456f32b4.cfapps.eu20.hana.ondemand.com",
      "default-uri" : "coe-emea-hana-platform-d054555-coe-emea-hana-ti-cloud-m456f32b4.cfapps.eu20.hana.ondemand.com",
      "memory" : "256M",
      "default-instances" : 1,
      "no-route" : true,
      "default-live-host" : "coe-emea-hana-platform-d054555-coe-emea-hana-ti-cloud-m456f32b4",
      "instances" : 1,
      "buildpack" : "nodejs_buildpack",
      "default-host" : "coe-emea-hana-platform-d054555-coe-emea-hana-ti-cloud-m456f32b4",
      "app-name" : "MyHANAApp-db-deployer",
      "default-live-uri" : "coe-emea-hana-platform-d054555-coe-emea-hana-ti-cloud-m456f32b4.cfapps.eu20.hana.ondemand.com",
      "protocol" : "https",
      "default-live-app-name" : "MyHANAApp-db-deployer",
      "default-live-domain" : "cfapps.eu20.hana.ondemand.com",
      "dependency-type" : "hard",
      "domain" : "cfapps.eu20.hana.ondemand.com",
      "host" : "coe-emea-hana-platform-d054555-coe-emea-hana-ti-cloud-m456f32b4",
      "generated-user" : "********",
      "tasks" : [ {
        "command" : "npm start",
        "memory" : "256M",
        "name" : "deploy"
      } ],
      "no-start" : true
    },
    "requiredDependencies" : [ {
      "majorSchemaVersion" : 3,
      "name" : "MyHANAApp-db",
      "properties" : { },
      "parameters" : { },
      "propertiesMetadata" : {
        "metadata" : { }
      },
      "parametersMetadata" : {
        "metadata" : { }
      }
    } ],
    "providedDependencies" : [ {
      "majorSchemaVersion" : 3,
      "name" : "MyHANAApp-db-deployer",
      "isPublic" : false,
      "properties" : { },
      "parameters" : { },
      "propertiesMetadata" : {
        "metadata" : { }
      },
      "parametersMetadata" : {
        "metadata" : { }
      }
    } ],
    "propertiesMetadata" : {
      "metadata" : { }
    },
    "parametersMetadata" : {
      "metadata" : { }
    },
    "hooks" : [ ]
  }, {
    "majorSchemaVersion" : 3,
    "name" : "MyHANAApp",
    "type" : "javascript.nodejs",
    "path" : "MyHANAApp",
    "properties" : { },
    "parameters" : {
      "default-url" : "https://coe-emea-hana-platform-d054555-coe-emea-hana-ti-cloud-myhanaapp.cfapps.eu20.hana.ondemand.com",
      "default-app-name" : "MyHANAApp",
      "generated-password" : "********",
      "default-live-url" : "https://coe-emea-hana-platform-d054555-coe-emea-hana-ti-cloud-myhanaapp.cfapps.eu20.hana.ondemand.com",
      "default-uri" : "coe-emea-hana-platform-d054555-coe-emea-hana-ti-cloud-myhanaapp.cfapps.eu20.hana.ondemand.com",
      "memory" : "256M",
      "default-instances" : 1,
      "default-live-host" : "coe-emea-hana-platform-d054555-coe-emea-hana-ti-cloud-myhanaapp",
      "instances" : 1,
      "default-host" : "coe-emea-hana-platform-d054555-coe-emea-hana-ti-cloud-myhanaapp",
      "keep-existing-routes" : true,
      "app-name" : "MyHANAApp",
      "default-live-uri" : "coe-emea-hana-platform-d054555-coe-emea-hana-ti-cloud-myhanaapp.cfapps.eu20.hana.ondemand.com",
      "protocol" : "https",
      "default-live-app-name" : "MyHANAApp",
      "default-live-domain" : "cfapps.eu20.hana.ondemand.com",
      "disk-quota" : "256M",
      "domain" : "cfapps.eu20.hana.ondemand.com",
      "host" : "coe-emea-hana-platform-d054555-coe-emea-hana-ti-cloud-myhanaapp",
      "generated-user" : "********"
    },
    "requiredDependencies" : [ {
      "majorSchemaVersion" : 3,
      "name" : "srv-api",
      "group" : "destinations",
      "properties" : {
        "name" : "srv-api",
        "forwardAuthToken" : "********",
        "url" : "https://coe-emea-hana-platform-d054555-coe-emea-hana-ti-cloud-m7c222000.cfapps.eu20.hana.ondemand.com"
      },
      "parameters" : { },
      "propertiesMetadata" : {
        "metadata" : { }
      },
      "parametersMetadata" : {
        "metadata" : { }
      }
    }, {
      "majorSchemaVersion" : 3,
      "name" : "********",
      "properties" : { },
      "parameters" : { },
      "propertiesMetadata" : {
        "metadata" : { }
      },
      "parametersMetadata" : {
        "metadata" : { }
      }
    } ],
    "providedDependencies" : [ {
      "majorSchemaVersion" : 3,
      "name" : "app-api",
      "isPublic" : false,
      "properties" : {
        "app-protocol" : "https",
        "app-uri" : "coe-emea-hana-platform-d054555-coe-emea-hana-ti-cloud-myhanaapp.cfapps.eu20.hana.ondemand.com"
      },
      "parameters" : { },
      "propertiesMetadata" : {
        "metadata" : { }
      },
      "parametersMetadata" : {
        "metadata" : { }
      }
    }, {
      "majorSchemaVersion" : 3,
      "name" : "MyHANAApp",
      "isPublic" : false,
      "properties" : { },
      "parameters" : { },
      "propertiesMetadata" : {
        "metadata" : { }
      },
      "parametersMetadata" : {
        "metadata" : { }
      }
    } ],
    "propertiesMetadata" : {
      "metadata" : { }
    },
    "parametersMetadata" : {
      "metadata" : { }
    },
    "hooks" : [ ]
  } ],
  "resources" : [ {
    "majorSchemaVersion" : 3,
    "name" : "********",
    "type" : "org.cloudfoundry.managed-service",
    "properties" : { },
    "parameters" : {
      "generated-password" : "********",
      "path" : "./xs-security.json",
      "service-name" : "********",
      "service-plan" : "application",
      "service" : "xsuaa",
      "generated-user" : "********",
      "default-xsappname" : "********",
      "type" : "managed-service",
      "config" : {
        "oauth2-configuration" : "********",
        "tenant-mode" : "dedicated",
        "xsappname" : "MyHANAApp-CoE EMEA HANA Platform_D054555-COE EMEA HANA TI Cloud"
      },
      "default-service-name" : "********",
      "default-container-name" : "COE_EMEA_HANA_PLATFORM_D054555_COE_EMEA_HANA_TI_CLOUD_MY1DDCA651"
    },
    "isActive" : true,
    "isOptional" : false,
    "propertiesMetadata" : {
      "metadata" : { }
    },
    "parametersMetadata" : {
      "metadata" : { }
    },
    "requiredDependencies" : [ {
      "majorSchemaVersion" : 3,
      "name" : "app-api",
      "properties" : { },
      "parameters" : { },
      "propertiesMetadata" : {
        "metadata" : { }
      },
      "parametersMetadata" : {
        "metadata" : { }
      }
    } ],
    "processedAfter" : [ ]
  }, {
    "majorSchemaVersion" : 3,
    "name" : "MyHANAApp-db",
    "type" : "com.sap.xs.hdi-container",
    "properties" : { },
    "parameters" : {
      "generated-password" : "********",
      "service-name" : "MyHANAApp-db",
      "service-plan" : "hdi-shared",
      "service" : "hana",
      "generated-user" : "********",
      "default-xsappname" : "MyHANAApp-db",
      "type" : "managed-service",
      "default-service-name" : "MyHANAApp-db",
      "default-container-name" : "COE_EMEA_HANA_PLATFORM_D054555_COE_EMEA_HANA_TI_CLOUD_MYHAE41099"
    },
    "isActive" : true,
    "isOptional" : false,
    "propertiesMetadata" : {
      "metadata" : { }
    },
    "parametersMetadata" : {
      "metadata" : { }
    },
    "requiredDependencies" : [ ],
    "processedAfter" : [ ]
  } ],
  "parameters" : {
    "mta-id" : "MyHANAApp",
    "authorization-url" : "********",
    "org-guid" : "faa2a59b-a78e-4aa0-9dad-78ce96e1bc24",
    "org" : "CoE EMEA HANA Platform_D054555",
    "deploy-target" : "CoE EMEA HANA Platform_D054555 COE EMEA HANA TI Cloud",
    "enable-parallel-deployments" : true,
    "region-primary-domain" : "eu20.hana.ondemand.com",
    "space" : "COE EMEA HANA TI Cloud",
    "region-domain" : "eu20.hana.ondemand.com",
    "xs-api-url" : "https://api.cf.eu20.hana.ondemand.com",
    "deploy-url" : "deploy-service.cfapps.eu20.hana.ondemand.com",
    "xs-type" : "CF",
    "default-domain" : "cfapps.eu20.hana.ondemand.com",
    "mta-version" : "1.0.0",
    "xs-auth-url" : "********",
    "space-guid" : "4cc0a88c-ec98-47c4-9958-38b5e6ec9fcf",
    "user" : "********",
    "controller-url" : "https://api.cf.eu20.hana.ondemand.com",
    "timestamp" : "20260604184958"
  },
  "parametersMetadata" : {
    "metadata" : { }
  }
}#
#2026 06 04 18:50:11.209#Z#DEBUG#2f425741-6046-11f1-aadc-eeee0a90472b.OPERATION#flowable-async-job-executor-thread-10655#
[ProcessDescriptorStep] Merged descriptor properties and parameters resolved#
#2026 06 04 18:50:11.209#Z#DEBUG#2f425741-6046-11f1-aadc-eeee0a90472b.OPERATION#flowable-async-job-executor-thread-10655#
Step "Re-Process Descriptor Step" finished#
#2026 06 04 18:50:11.240#Z#DEBUG#2f425741-6046-11f1-aadc-eeee0a90472b.OPERATION#flowable-async-job-executor-thread-10656#
[BuildApplicationDeployModelStep] Executing task "buildApplicationDeployModelTask" of process "36f46797-6046-11f1-8112-eeee0a96121a"...#
#2026 06 04 18:50:11.241#Z#DEBUG#2f425741-6046-11f1-aadc-eeee0a90472b.OPERATION#flowable-async-job-executor-thread-10656#
[BuildApplicationDeployModelStep] Building cloud deployment model for application "MyHANAApp"...#
#2026 06 04 18:50:11.246#Z#DEBUG#2f425741-6046-11f1-aadc-eeee0a90472b.OPERATION#flowable-async-job-executor-thread-10656#
[BuildApplicationDeployModelStep] No health-check-type is specified. Setting default type: port#
#2026 06 04 18:50:11.246#Z#INFO#2f425741-6046-11f1-aadc-eeee0a90472b.OPERATION#flowable-async-job-executor-thread-10656#
[BuildApplicationDeployModelStep] Building configuration entries for org CoE EMEA HANA Platform_D054555, space COE EMEA HANA TI Cloud, spaceId 4cc0a88c-ec98-47c4-9958-38b5e6ec9fcf and namespace null!#
#2026 06 04 18:50:11.247#Z#DEBUG#2f425741-6046-11f1-aadc-eeee0a90472b.OPERATION#flowable-async-job-executor-thread-10656#
[BuildApplicationDeployModelStep] Configuration entries to publish: [ ]#
#2026 06 04 18:50:11.247#Z#DEBUG#2f425741-6046-11f1-aadc-eeee0a90472b.OPERATION#flowable-async-job-executor-thread-10656#
[BuildApplicationDeployModelStep] Cloud deployment model for application built#
#2026 06 04 18:50:11.247#Z#DEBUG#2f425741-6046-11f1-aadc-eeee0a90472b.OPERATION#flowable-async-job-executor-thread-10656#
Step "Build Application Deploy Model" finished#
#2026 06 04 18:50:11.368#Z#DEBUG#2f425741-6046-11f1-aadc-eeee0a90472b.OPERATION#flowable-async-job-executor-thread-10660#
[ProcessDescriptorStep] Executing task "reprocessDescriptorTask" of process "370d4676-6046-11f1-8112-eeee0a96121a"...#
#2026 06 04 18:50:11.368#Z#DEBUG#2f425741-6046-11f1-aadc-eeee0a90472b.OPERATION#flowable-async-job-executor-thread-10660#
[ProcessDescriptorStep] Resolving properties and parameters in merged descriptor...#
#2026 06 04 18:50:11.372#Z#DEBUG#2f425741-6046-11f1-aadc-eeee0a90472b.OPERATION#flowable-async-job-executor-thread-10660#
[ProcessDescriptorStep] Subscriptions: [ ]#
#2026 06 04 18:50:11.375#Z#DEBUG#2f425741-6046-11f1-aadc-eeee0a90472b.OPERATION#flowable-async-job-executor-thread-10660#
[ProcessDescriptorStep] MTA modules: [MyHANAApp-srv, MyHANAApp, MyHANAApp-db-deployer]#
#2026 06 04 18:50:11.377#Z#DEBUG#2f425741-6046-11f1-aadc-eeee0a90472b.OPERATION#flowable-async-job-executor-thread-10660#
[ProcessDescriptorStep] Resolved deployment descriptor: {
  "majorSchemaVersion" : 3,
  "schemaVersion" : "3.3.0",
  "id" : "MyHANAApp",
  "version" : "1.0.0",
  "modules" : [ {
    "majorSchemaVersion" : 3,
    "name" : "MyHANAApp-srv",
    "type" : "javascript.nodejs",
    "path" : "MyHANAApp-srv",
    "properties" : { },
    "parameters" : {
      "default-url" : "https://coe-emea-hana-platform-d054555-coe-emea-hana-ti-cloud-m7c222000.cfapps.eu20.hana.ondemand.com",
      "default-app-name" : "MyHANAApp-srv",
      "generated-password" : "********",
      "default-live-url" : "https://coe-emea-hana-platform-d054555-coe-emea-hana-ti-cloud-m7c222000.cfapps.eu20.hana.ondemand.com",
      "default-uri" : "coe-emea-hana-platform-d054555-coe-emea-hana-ti-cloud-m7c222000.cfapps.eu20.hana.ondemand.com",
      "default-instances" : 1,
      "default-live-host" : "coe-emea-hana-platform-d054555-coe-emea-hana-ti-cloud-m7c222000",
      "instances" : 1,
      "buildpack" : "nodejs_buildpack",
      "default-host" : "coe-emea-hana-platform-d054555-coe-emea-hana-ti-cloud-m7c222000",
      "app-name" : "MyHANAApp-srv",
      "default-live-uri" : "coe-emea-hana-platform-d054555-coe-emea-hana-ti-cloud-m7c222000.cfapps.eu20.hana.ondemand.com",
      "protocol" : "https",
      "default-live-app-name" : "MyHANAApp-srv",
      "default-live-domain" : "cfapps.eu20.hana.ondemand.com",
      "domain" : "cfapps.eu20.hana.ondemand.com",
      "host" : "coe-emea-hana-platform-d054555-coe-emea-hana-ti-cloud-m7c222000",
      "generated-user" : "********"
    },
    "requiredDependencies" : [ {
      "majorSchemaVersion" : 3,
      "name" : "********",
      "properties" : { },
      "parameters" : { },
      "propertiesMetadata" : {
        "metadata" : { }
      },
      "parametersMetadata" : {
        "metadata" : { }
      }
    }, {
      "majorSchemaVersion" : 3,
      "name" : "MyHANAApp-db",
      "properties" : { },
      "parameters" : { },
      "propertiesMetadata" : {
        "metadata" : { }
      },
      "parametersMetadata" : {
        "metadata" : { }
      }
    } ],
    "providedDependencies" : [ {
      "majorSchemaVersion" : 3,
      "name" : "srv-api",
      "isPublic" : false,
      "properties" : {
        "srv-url" : "https://coe-emea-hana-platform-d054555-coe-emea-hana-ti-cloud-m7c222000.cfapps.eu20.hana.ondemand.com"
      },
      "parameters" : { },
      "propertiesMetadata" : {
        "metadata" : { }
      },
      "parametersMetadata" : {
        "metadata" : { }
      }
    }, {
      "majorSchemaVersion" : 3,
      "name" : "MyHANAApp-srv",
      "isPublic" : false,
      "properties" : { },
      "parameters" : { },
      "propertiesMetadata" : {
        "metadata" : { }
      },
      "parametersMetadata" : {
        "metadata" : { }
      }
    } ],
    "propertiesMetadata" : {
      "metadata" : { }
    },
    "parametersMetadata" : {
      "metadata" : { }
    },
    "hooks" : [ ]
  }, {
    "majorSchemaVersion" : 3,
    "name" : "MyHANAApp-db-deployer",
    "type" : "com.sap.xs.hdi",
    "path" : "MyHANAApp-db-deployer",
    "properties" : {
      "EXIT" : 1
    },
    "parameters" : {
      "default-url" : "https://coe-emea-hana-platform-d054555-coe-emea-hana-ti-cloud-m456f32b4.cfapps.eu20.hana.ondemand.com",
      "default-app-name" : "MyHANAApp-db-deployer",
      "generated-password" : "********",
      "default-live-url" : "https://coe-emea-hana-platform-d054555-coe-emea-hana-ti-cloud-m456f32b4.cfapps.eu20.hana.ondemand.com",
      "default-uri" : "coe-emea-hana-platform-d054555-coe-emea-hana-ti-cloud-m456f32b4.cfapps.eu20.hana.ondemand.com",
      "memory" : "256M",
      "default-instances" : 1,
      "no-route" : true,
      "default-live-host" : "coe-emea-hana-platform-d054555-coe-emea-hana-ti-cloud-m456f32b4",
      "instances" : 1,
      "buildpack" : "nodejs_buildpack",
      "default-host" : "coe-emea-hana-platform-d054555-coe-emea-hana-ti-cloud-m456f32b4",
      "app-name" : "MyHANAApp-db-deployer",
      "default-live-uri" : "coe-emea-hana-platform-d054555-coe-emea-hana-ti-cloud-m456f32b4.cfapps.eu20.hana.ondemand.com",
      "protocol" : "https",
      "default-live-app-name" : "MyHANAApp-db-deployer",
      "default-live-domain" : "cfapps.eu20.hana.ondemand.com",
      "dependency-type" : "hard",
      "domain" : "cfapps.eu20.hana.ondemand.com",
      "host" : "coe-emea-hana-platform-d054555-coe-emea-hana-ti-cloud-m456f32b4",
      "generated-user" : "********",
      "tasks" : [ {
        "command" : "npm start",
        "memory" : "256M",
        "name" : "deploy"
      } ],
      "no-start" : true
    },
    "requiredDependencies" : [ {
      "majorSchemaVersion" : 3,
      "name" : "MyHANAApp-db",
      "properties" : { },
      "parameters" : { },
      "propertiesMetadata" : {
        "metadata" : { }
      },
      "parametersMetadata" : {
        "metadata" : { }
      }
    } ],
    "providedDependencies" : [ {
      "majorSchemaVersion" : 3,
      "name" : "MyHANAApp-db-deployer",
      "isPublic" : false,
      "properties" : { },
      "parameters" : { },
      "propertiesMetadata" : {
        "metadata" : { }
      },
      "parametersMetadata" : {
        "metadata" : { }
      }
    } ],
    "propertiesMetadata" : {
      "metadata" : { }
    },
    "parametersMetadata" : {
      "metadata" : { }
    },
    "hooks" : [ ]
  }, {
    "majorSchemaVersion" : 3,
    "name" : "MyHANAApp",
    "type" : "javascript.nodejs",
    "path" : "MyHANAApp",
    "properties" : { },
    "parameters" : {
      "default-url" : "https://coe-emea-hana-platform-d054555-coe-emea-hana-ti-cloud-myhanaapp.cfapps.eu20.hana.ondemand.com",
      "default-app-name" : "MyHANAApp",
      "generated-password" : "********",
      "default-live-url" : "https://coe-emea-hana-platform-d054555-coe-emea-hana-ti-cloud-myhanaapp.cfapps.eu20.hana.ondemand.com",
      "default-uri" : "coe-emea-hana-platform-d054555-coe-emea-hana-ti-cloud-myhanaapp.cfapps.eu20.hana.ondemand.com",
      "memory" : "256M",
      "default-instances" : 1,
      "default-live-host" : "coe-emea-hana-platform-d054555-coe-emea-hana-ti-cloud-myhanaapp",
      "instances" : 1,
      "default-host" : "coe-emea-hana-platform-d054555-coe-emea-hana-ti-cloud-myhanaapp",
      "keep-existing-routes" : true,
      "app-name" : "MyHANAApp",
      "default-live-uri" : "coe-emea-hana-platform-d054555-coe-emea-hana-ti-cloud-myhanaapp.cfapps.eu20.hana.ondemand.com",
      "protocol" : "https",
      "default-live-app-name" : "MyHANAApp",
      "default-live-domain" : "cfapps.eu20.hana.ondemand.com",
      "disk-quota" : "256M",
      "domain" : "cfapps.eu20.hana.ondemand.com",
      "host" : "coe-emea-hana-platform-d054555-coe-emea-hana-ti-cloud-myhanaapp",
      "generated-user" : "********"
    },
    "requiredDependencies" : [ {
      "majorSchemaVersion" : 3,
      "name" : "srv-api",
      "group" : "destinations",
      "properties" : {
        "name" : "srv-api",
        "forwardAuthToken" : "********",
        "url" : "https://coe-emea-hana-platform-d054555-coe-emea-hana-ti-cloud-m7c222000.cfapps.eu20.hana.ondemand.com"
      },
      "parameters" : { },
      "propertiesMetadata" : {
        "metadata" : { }
      },
      "parametersMetadata" : {
        "metadata" : { }
      }
    }, {
      "majorSchemaVersion" : 3,
      "name" : "********",
      "properties" : { },
      "parameters" : { },
      "propertiesMetadata" : {
        "metadata" : { }
      },
      "parametersMetadata" : {
        "metadata" : { }
      }
    } ],
    "providedDependencies" : [ {
      "majorSchemaVersion" : 3,
      "name" : "app-api",
      "isPublic" : false,
      "properties" : {
        "app-protocol" : "https",
        "app-uri" : "coe-emea-hana-platform-d054555-coe-emea-hana-ti-cloud-myhanaapp.cfapps.eu20.hana.ondemand.com"
      },
      "parameters" : { },
      "propertiesMetadata" : {
        "metadata" : { }
      },
      "parametersMetadata" : {
        "metadata" : { }
      }
    }, {
      "majorSchemaVersion" : 3,
      "name" : "MyHANAApp",
      "isPublic" : false,
      "properties" : { },
      "parameters" : { },
      "propertiesMetadata" : {
        "metadata" : { }
      },
      "parametersMetadata" : {
        "metadata" : { }
      }
    } ],
    "propertiesMetadata" : {
      "metadata" : { }
    },
    "parametersMetadata" : {
      "metadata" : { }
    },
    "hooks" : [ ]
  } ],
  "resources" : [ {
    "majorSchemaVersion" : 3,
    "name" : "********",
    "type" : "org.cloudfoundry.managed-service",
    "properties" : { },
    "parameters" : {
      "generated-password" : "********",
      "path" : "./xs-security.json",
      "service-name" : "********",
      "service-plan" : "application",
      "service" : "xsuaa",
      "generated-user" : "********",
      "default-xsappname" : "********",
      "type" : "managed-service",
      "config" : {
        "oauth2-configuration" : "********",
        "tenant-mode" : "dedicated",
        "xsappname" : "MyHANAApp-CoE EMEA HANA Platform_D054555-COE EMEA HANA TI Cloud"
      },
      "default-service-name" : "********",
      "default-container-name" : "COE_EMEA_HANA_PLATFORM_D054555_COE_EMEA_HANA_TI_CLOUD_MY1DDCA651"
    },
    "isActive" : true,
    "isOptional" : false,
    "propertiesMetadata" : {
      "metadata" : { }
    },
    "parametersMetadata" : {
      "metadata" : { }
    },
    "requiredDependencies" : [ {
      "majorSchemaVersion" : 3,
      "name" : "app-api",
      "properties" : { },
      "parameters" : { },
      "propertiesMetadata" : {
        "metadata" : { }
      },
      "parametersMetadata" : {
        "metadata" : { }
      }
    } ],
    "processedAfter" : [ ]
  }, {
    "majorSchemaVersion" : 3,
    "name" : "MyHANAApp-db",
    "type" : "com.sap.xs.hdi-container",
    "properties" : { },
    "parameters" : {
      "generated-password" : "********",
      "service-name" : "MyHANAApp-db",
      "service-plan" : "hdi-shared",
      "service" : "hana",
      "generated-user" : "********",
      "default-xsappname" : "MyHANAApp-db",
      "type" : "managed-service",
      "default-service-name" : "MyHANAApp-db",
      "default-container-name" : "COE_EMEA_HANA_PLATFORM_D054555_COE_EMEA_HANA_TI_CLOUD_MYHAE41099"
    },
    "isActive" : true,
    "isOptional" : false,
    "propertiesMetadata" : {
      "metadata" : { }
    },
    "parametersMetadata" : {
      "metadata" : { }
    },
    "requiredDependencies" : [ ],
    "processedAfter" : [ ]
  } ],
  "parameters" : {
    "mta-id" : "MyHANAApp",
    "authorization-url" : "********",
    "org-guid" : "faa2a59b-a78e-4aa0-9dad-78ce96e1bc24",
    "org" : "CoE EMEA HANA Platform_D054555",
    "deploy-target" : "CoE EMEA HANA Platform_D054555 COE EMEA HANA TI Cloud",
    "enable-parallel-deployments" : true,
    "region-primary-domain" : "eu20.hana.ondemand.com",
    "space" : "COE EMEA HANA TI Cloud",
    "region-domain" : "eu20.hana.ondemand.com",
    "xs-api-url" : "https://api.cf.eu20.hana.ondemand.com",
    "deploy-url" : "deploy-service.cfapps.eu20.hana.ondemand.com",
    "xs-type" : "CF",
    "default-domain" : "cfapps.eu20.hana.ondemand.com",
    "mta-version" : "1.0.0",
    "xs-auth-url" : "********",
    "space-guid" : "4cc0a88c-ec98-47c4-9958-38b5e6ec9fcf",
    "user" : "********",
    "controller-url" : "https://api.cf.eu20.hana.ondemand.com",
    "timestamp" : "20260604184958"
  },
  "parametersMetadata" : {
    "metadata" : { }
  }
}#
#2026 06 04 18:50:11.377#Z#DEBUG#2f425741-6046-11f1-aadc-eeee0a90472b.OPERATION#flowable-async-job-executor-thread-10660#
[ProcessDescriptorStep] Merged descriptor properties and parameters resolved#
#2026 06 04 18:50:11.377#Z#DEBUG#2f425741-6046-11f1-aadc-eeee0a90472b.OPERATION#flowable-async-job-executor-thread-10660#
Step "Re-Process Descriptor Step" finished#
#2026 06 04 18:50:11.407#Z#DEBUG#2f425741-6046-11f1-aadc-eeee0a90472b.OPERATION#flowable-async-job-executor-thread-10661#
[BuildApplicationDeployModelStep] Executing task "buildApplicationDeployModelTask" of process "370d4676-6046-11f1-8112-eeee0a96121a"...#
#2026 06 04 18:50:11.408#Z#DEBUG#2f425741-6046-11f1-aadc-eeee0a90472b.OPERATION#flowable-async-job-executor-thread-10661#
[BuildApplicationDeployModelStep] Building cloud deployment model for application "MyHANAApp-srv"...#
#2026 06 04 18:50:11.412#Z#DEBUG#2f425741-6046-11f1-aadc-eeee0a90472b.OPERATION#flowable-async-job-executor-thread-10661#
[BuildApplicationDeployModelStep] No health-check-type is specified. Setting default type: port#
#2026 06 04 18:50:11.412#Z#INFO#2f425741-6046-11f1-aadc-eeee0a90472b.OPERATION#flowable-async-job-executor-thread-10661#
[BuildApplicationDeployModelStep] Building configuration entries for org CoE EMEA HANA Platform_D054555, space COE EMEA HANA TI Cloud, spaceId 4cc0a88c-ec98-47c4-9958-38b5e6ec9fcf and namespace null!#
#2026 06 04 18:50:11.413#Z#DEBUG#2f425741-6046-11f1-aadc-eeee0a90472b.OPERATION#flowable-async-job-executor-thread-10661#
[BuildApplicationDeployModelStep] Configuration entries to publish: [ ]#
#2026 06 04 18:50:11.413#Z#DEBUG#2f425741-6046-11f1-aadc-eeee0a90472b.OPERATION#flowable-async-job-executor-thread-10661#
[BuildApplicationDeployModelStep] Cloud deployment model for application built#
#2026 06 04 18:50:11.413#Z#DEBUG#2f425741-6046-11f1-aadc-eeee0a90472b.OPERATION#flowable-async-job-executor-thread-10661#
Step "Build Application Deploy Model" finished#
#2026 06 04 18:50:11.279#Z#DEBUG#2f425741-6046-11f1-aadc-eeee0a90472b.OPERATION#flowable-async-job-executor-thread-10659#
[CreateOrUpdateAppStep] Executing task "createAppTask" of process "36f46797-6046-11f1-8112-eeee0a96121a"...#
#2026 06 04 18:50:11.280#Z#DEBUG#2f425741-6046-11f1-aadc-eeee0a90472b.OPERATION#flowable-async-job-executor-thread-10659#
[CreateOrUpdateAppStep] Getting application "MyHANAApp"...#
#2026 06 04 18:50:11.351#Z#INFO#2f425741-6046-11f1-aadc-eeee0a90472b.OPERATION#flowable-async-job-executor-thread-10659#
[CreateOrUpdateAppStep] Creating application "MyHANAApp" from MTA module "MyHANAApp"...#
#2026 06 04 18:50:11.361#Z#DEBUG#2f425741-6046-11f1-aadc-eeee0a90472b.OPERATION#flowable-async-job-executor-thread-10659#
[CreateOrUpdateAppStep] Creating application "MyHANAApp" with disk "256" memory "256", URIs "coe-emea-hana-platform-d054555-coe-emea-hana-ti-cloud-myhanaapp.cfapps.eu20.hana.ondemand.com" and staging: "{
  "buildpacks" : [ ],
  "healthCheckType" : "port",
  "appFeatures" : { }
}"#
#2026 06 04 18:50:11.453#Z#DEBUG#2f425741-6046-11f1-aadc-eeee0a90472b.OPERATION#flowable-async-job-executor-thread-10662#
[CreateOrUpdateAppStep] Executing task "createAppTask" of process "370d4676-6046-11f1-8112-eeee0a96121a"...#
#2026 06 04 18:50:11.454#Z#DEBUG#2f425741-6046-11f1-aadc-eeee0a90472b.OPERATION#flowable-async-job-executor-thread-10662#
[CreateOrUpdateAppStep] Getting application "MyHANAApp-srv"...#
#2026 06 04 18:50:11.504#Z#INFO#2f425741-6046-11f1-aadc-eeee0a90472b.OPERATION#flowable-async-job-executor-thread-10662#
[CreateOrUpdateAppStep] Creating application "MyHANAApp-srv" from MTA module "MyHANAApp-srv"...#
#2026 06 04 18:50:11.514#Z#DEBUG#2f425741-6046-11f1-aadc-eeee0a90472b.OPERATION#flowable-async-job-executor-thread-10662#
[CreateOrUpdateAppStep] Creating application "MyHANAApp-srv" with disk "null" memory "null", URIs "coe-emea-hana-platform-d054555-coe-emea-hana-ti-cloud-m7c222000.cfapps.eu20.hana.ondemand.com" and staging: "{
  "buildpacks" : [ "nodejs_buildpack" ],
  "healthCheckType" : "port",
  "appFeatures" : { }
}"#
#2026 06 04 18:50:12.186#Z#DEBUG#2f425741-6046-11f1-aadc-eeee0a90472b.OPERATION#flowable-async-job-executor-thread-10659#
[CreateOrUpdateAppStep] Application "MyHANAApp" created#
#2026 06 04 18:50:12.186#Z#DEBUG#2f425741-6046-11f1-aadc-eeee0a90472b.OPERATION#flowable-async-job-executor-thread-10659#
Step "Create App" finished#
#2026 06 04 18:50:12.244#Z#DEBUG#2f425741-6046-11f1-aadc-eeee0a90472b.OPERATION#flowable-async-job-executor-thread-10662#
[CreateOrUpdateAppStep] Application "MyHANAApp-srv" created#
#2026 06 04 18:50:12.244#Z#DEBUG#2f425741-6046-11f1-aadc-eeee0a90472b.OPERATION#flowable-async-job-executor-thread-10662#
Step "Create App" finished#
#2026 06 04 18:50:12.294#Z#DEBUG#2f425741-6046-11f1-aadc-eeee0a90472b.OPERATION#flowable-async-job-executor-thread-10664#
[CheckServiceBindingOperationStep] Executing task "checkForServiceBindingOperationInProgress" of process "379f9bb5-6046-11f1-8112-eeee0a96121a"...#
#2026 06 04 18:50:12.294#Z#DEBUG#2f425741-6046-11f1-aadc-eeee0a90472b.OPERATION#flowable-async-job-executor-thread-10664#
[CheckServiceBindingOperationStep] Checking for service binding operation in progress between app "MyHANAApp" and service instance "MyHANAApp-auth"#
#2026 06 04 18:50:12.295#Z#DEBUG#2f425741-6046-11f1-aadc-eeee0a90472b.OPERATION#flowable-async-job-executor-thread-10664#
[CheckServiceBindingOperationStep] Getting application guid "MyHANAApp"...#
#2026 06 04 18:50:12.351#Z#DEBUG#2f425741-6046-11f1-aadc-eeee0a90472b.OPERATION#flowable-async-job-executor-thread-10667#
[CheckServiceBindingOperationStep] Executing task "checkForServiceBindingOperationInProgress" of process "37aa2347-6046-11f1-8112-eeee0a96121a"...#
#2026 06 04 18:50:12.351#Z#DEBUG#2f425741-6046-11f1-aadc-eeee0a90472b.OPERATION#flowable-async-job-executor-thread-10667#
[CheckServiceBindingOperationStep] Checking for service binding operation in progress between app "MyHANAApp-srv" and service instance "MyHANAApp-db"#
#2026 06 04 18:50:12.351#Z#DEBUG#2f425741-6046-11f1-aadc-eeee0a90472b.OPERATION#flowable-async-job-executor-thread-10667#
[CheckServiceBindingOperationStep] Getting application guid "MyHANAApp-srv"...#
#2026 06 04 18:50:12.355#Z#DEBUG#2f425741-6046-11f1-aadc-eeee0a90472b.OPERATION#flowable-async-job-executor-thread-10664#
[CheckServiceBindingOperationStep] Getting GUID of required service instance "MyHANAApp-auth"...#
#2026 06 04 18:50:12.394#Z#DEBUG#2f425741-6046-11f1-aadc-eeee0a90472b.OPERATION#flowable-async-job-executor-thread-10664#
[CheckServiceBindingOperationStep] Getting binding of service instance "0f5592d4-0ff0-41b1-84b5-54188c7cf4c6" with application "cc4bff5a-9d3c-4f77-af10-cb050dde00c4"...#
#2026 06 04 18:50:12.423#Z#DEBUG#2f425741-6046-11f1-aadc-eeee0a90472b.OPERATION#flowable-async-job-executor-thread-10664#
Step "Check For Service Binding Operation In Progress" finished#
#2026 06 04 18:50:12.428#Z#DEBUG#2f425741-6046-11f1-aadc-eeee0a90472b.OPERATION#flowable-async-job-executor-thread-10667#
[CheckServiceBindingOperationStep] Getting GUID of required service instance "MyHANAApp-db"...#
#2026 06 04 18:50:12.483#Z#DEBUG#2f425741-6046-11f1-aadc-eeee0a90472b.OPERATION#flowable-async-job-executor-thread-10667#
[CheckServiceBindingOperationStep] Getting binding of service instance "584becf6-3c17-4525-8c45-31f4a82598bd" with application "ce0cc505-8bf7-4783-b85c-8208b84081a0"...#
#2026 06 04 18:50:12.509#Z#DEBUG#2f425741-6046-11f1-aadc-eeee0a90472b.OPERATION#flowable-async-job-executor-thread-10667#
Step "Check For Service Binding Operation In Progress" finished#
#2026 06 04 18:50:12.457#Z#DEBUG#2f425741-6046-11f1-aadc-eeee0a90472b.OPERATION#flowable-async-job-executor-thread-10668#
[DetermineApplicationServiceBindingActionsStep] Executing task "determineApplicationServiceBindingActionsTask" of process "379f9bb5-6046-11f1-8112-eeee0a96121a"...#
#2026 06 04 18:50:12.458#Z#DEBUG#2f425741-6046-11f1-aadc-eeee0a90472b.OPERATION#flowable-async-job-executor-thread-10668#
[DetermineApplicationServiceBindingActionsStep] Determine bind/unbind operations of application "MyHANAApp" to service instance "MyHANAApp-auth"#
#2026 06 04 18:50:12.458#Z#DEBUG#2f425741-6046-11f1-aadc-eeee0a90472b.OPERATION#flowable-async-job-executor-thread-10668#
[DetermineApplicationServiceBindingActionsStep] Getting application "MyHANAApp"...#
#2026 06 04 18:50:12.511#Z#DEBUG#2f425741-6046-11f1-aadc-eeee0a90472b.OPERATION#flowable-async-job-executor-thread-10668#
[DetermineApplicationServiceBindingActionsStep] Binding parameters for application "MyHANAApp": { }#
#2026 06 04 18:50:12.538#Z#DEBUG#2f425741-6046-11f1-aadc-eeee0a90472b.OPERATION#flowable-async-job-executor-thread-10669#
[DetermineApplicationServiceBindingActionsStep] Executing task "determineApplicationServiceBindingActionsTask" of process "37aa2347-6046-11f1-8112-eeee0a96121a"...#
#2026 06 04 18:50:12.539#Z#DEBUG#2f425741-6046-11f1-aadc-eeee0a90472b.OPERATION#flowable-async-job-executor-thread-10669#
[DetermineApplicationServiceBindingActionsStep] Determine bind/unbind operations of application "MyHANAApp-srv" to service instance "MyHANAApp-db"#
#2026 06 04 18:50:12.539#Z#DEBUG#2f425741-6046-11f1-aadc-eeee0a90472b.OPERATION#flowable-async-job-executor-thread-10669#
[DetermineApplicationServiceBindingActionsStep] Getting application "MyHANAApp-srv"...#
#2026 06 04 18:50:12.553#Z#DEBUG#2f425741-6046-11f1-aadc-eeee0a90472b.OPERATION#flowable-async-job-executor-thread-10668#
[DetermineApplicationServiceBindingActionsStep] Calculated binding operations between application "MyHANAApp" and service instance "MyHANAApp-auth": unbind - false bind - true#
#2026 06 04 18:50:12.553#Z#DEBUG#2f425741-6046-11f1-aadc-eeee0a90472b.OPERATION#flowable-async-job-executor-thread-10668#
Step "Determine Application Service Binding Actions" finished#
#2026 06 04 18:50:12.592#Z#DEBUG#2f425741-6046-11f1-aadc-eeee0a90472b.OPERATION#flowable-async-job-executor-thread-10669#
[DetermineApplicationServiceBindingActionsStep] Binding parameters for application "MyHANAApp-srv": { }#
#2026 06 04 18:50:12.617#Z#DEBUG#2f425741-6046-11f1-aadc-eeee0a90472b.OPERATION#flowable-async-job-executor-thread-10669#
[DetermineApplicationServiceBindingActionsStep] Calculated binding operations between application "MyHANAApp-srv" and service instance "MyHANAApp-db": unbind - false bind - true#
#2026 06 04 18:50:12.617#Z#DEBUG#2f425741-6046-11f1-aadc-eeee0a90472b.OPERATION#flowable-async-job-executor-thread-10669#
Step "Determine Application Service Binding Actions" finished#
#2026 06 04 18:50:12.591#Z#DEBUG#2f425741-6046-11f1-aadc-eeee0a90472b.OPERATION#flowable-async-job-executor-thread-10670#
[BindServiceToApplicationStep] Executing task "bindServiceToApplicationTask" of process "379f9bb5-6046-11f1-8112-eeee0a96121a"...#
#2026 06 04 18:50:12.592#Z#INFO#2f425741-6046-11f1-aadc-eeee0a90472b.OPERATION#flowable-async-job-executor-thread-10670#
[BindServiceToApplicationStep] Binding service instance "MyHANAApp-auth" to application "MyHANAApp"...#
#2026 06 04 18:50:12.603#Z#DEBUG#2f425741-6046-11f1-aadc-eeee0a90472b.OPERATION#flowable-async-job-executor-thread-10670#
[BindServiceToApplicationStep] Binding service instance "MyHANAApp-auth" to application "MyHANAApp" with parameters: { }#
#2026 06 04 18:50:12.654#Z#DEBUG#2f425741-6046-11f1-aadc-eeee0a90472b.OPERATION#flowable-async-job-executor-thread-10671#
[BindServiceToApplicationStep] Executing task "bindServiceToApplicationTask" of process "37aa2347-6046-11f1-8112-eeee0a96121a"...#
#2026 06 04 18:50:12.655#Z#INFO#2f425741-6046-11f1-aadc-eeee0a90472b.OPERATION#flowable-async-job-executor-thread-10671#
[BindServiceToApplicationStep] Binding service instance "MyHANAApp-db" to application "MyHANAApp-srv"...#
#2026 06 04 18:50:12.668#Z#DEBUG#2f425741-6046-11f1-aadc-eeee0a90472b.OPERATION#flowable-async-job-executor-thread-10671#
[BindServiceToApplicationStep] Binding service instance "MyHANAApp-db" to application "MyHANAApp-srv" with parameters: { }#
#2026 06 04 18:50:12.771#Z#DEBUG#2f425741-6046-11f1-aadc-eeee0a90472b.OPERATION#flowable-async-job-executor-thread-10670#
Step "Bind Service to Application" finished#
#2026 06 04 18:50:12.863#Z#DEBUG#2f425741-6046-11f1-aadc-eeee0a90472b.OPERATION#flowable-async-job-executor-thread-10671#
Step "Bind Service to Application" finished#
#2026 06 04 18:50:13.198#Z#DEBUG#2f425741-6046-11f1-aadc-eeee0a90472b.OPERATION#flowable-async-job-executor-thread-6886#
[ProcessDescriptorStep] Executing task "reprocessDescriptorTask" of process "3823e652-6046-11f1-b82c-eeee0a8407d6"...#
#2026 06 04 18:50:13.199#Z#DEBUG#2f425741-6046-11f1-aadc-eeee0a90472b.OPERATION#flowable-async-job-executor-thread-6886#
[ProcessDescriptorStep] Resolving properties and parameters in merged descriptor...#
#2026 06 04 18:50:13.203#Z#DEBUG#2f425741-6046-11f1-aadc-eeee0a90472b.OPERATION#flowable-async-job-executor-thread-6886#
[ProcessDescriptorStep] Subscriptions: [ ]#
#2026 06 04 18:50:13.208#Z#DEBUG#2f425741-6046-11f1-aadc-eeee0a90472b.OPERATION#flowable-async-job-executor-thread-6886#
[ProcessDescriptorStep] MTA modules: [MyHANAApp-srv, MyHANAApp, MyHANAApp-db-deployer]#
#2026 06 04 18:50:13.211#Z#DEBUG#2f425741-6046-11f1-aadc-eeee0a90472b.OPERATION#flowable-async-job-executor-thread-6886#
[ProcessDescriptorStep] Resolved deployment descriptor: {
  "majorSchemaVersion" : 3,
  "schemaVersion" : "3.3.0",
  "id" : "MyHANAApp",
  "version" : "1.0.0",
  "modules" : [ {
    "majorSchemaVersion" : 3,
    "name" : "MyHANAApp-srv",
    "type" : "javascript.nodejs",
    "path" : "MyHANAApp-srv",
    "properties" : { },
    "parameters" : {
      "default-url" : "https://coe-emea-hana-platform-d054555-coe-emea-hana-ti-cloud-m7c222000.cfapps.eu20.hana.ondemand.com",
      "default-app-name" : "MyHANAApp-srv",
      "generated-password" : "********",
      "default-live-url" : "https://coe-emea-hana-platform-d054555-coe-emea-hana-ti-cloud-m7c222000.cfapps.eu20.hana.ondemand.com",
      "default-uri" : "coe-emea-hana-platform-d054555-coe-emea-hana-ti-cloud-m7c222000.cfapps.eu20.hana.ondemand.com",
      "default-instances" : 1,
      "default-live-host" : "coe-emea-hana-platform-d054555-coe-emea-hana-ti-cloud-m7c222000",
      "instances" : 1,
      "buildpack" : "nodejs_buildpack",
      "default-host" : "coe-emea-hana-platform-d054555-coe-emea-hana-ti-cloud-m7c222000",
      "app-name" : "MyHANAApp-srv",
      "default-live-uri" : "coe-emea-hana-platform-d054555-coe-emea-hana-ti-cloud-m7c222000.cfapps.eu20.hana.ondemand.com",
      "protocol" : "https",
      "default-live-app-name" : "MyHANAApp-srv",
      "default-live-domain" : "cfapps.eu20.hana.ondemand.com",
      "domain" : "cfapps.eu20.hana.ondemand.com",
      "host" : "coe-emea-hana-platform-d054555-coe-emea-hana-ti-cloud-m7c222000",
      "generated-user" : "********"
    },
    "requiredDependencies" : [ {
      "majorSchemaVersion" : 3,
      "name" : "********",
      "properties" : { },
      "parameters" : { },
      "propertiesMetadata" : {
        "metadata" : { }
      },
      "parametersMetadata" : {
        "metadata" : { }
      }
    }, {
      "majorSchemaVersion" : 3,
      "name" : "MyHANAApp-db",
      "properties" : { },
      "parameters" : { },
      "propertiesMetadata" : {
        "metadata" : { }
      },
      "parametersMetadata" : {
        "metadata" : { }
      }
    } ],
    "providedDependencies" : [ {
      "majorSchemaVersion" : 3,
      "name" : "srv-api",
      "isPublic" : false,
      "properties" : {
        "srv-url" : "https://coe-emea-hana-platform-d054555-coe-emea-hana-ti-cloud-m7c222000.cfapps.eu20.hana.ondemand.com"
      },
      "parameters" : { },
      "propertiesMetadata" : {
        "metadata" : { }
      },
      "parametersMetadata" : {
        "metadata" : { }
      }
    }, {
      "majorSchemaVersion" : 3,
      "name" : "MyHANAApp-srv",
      "isPublic" : false,
      "properties" : { },
      "parameters" : { },
      "propertiesMetadata" : {
        "metadata" : { }
      },
      "parametersMetadata" : {
        "metadata" : { }
      }
    } ],
    "propertiesMetadata" : {
      "metadata" : { }
    },
    "parametersMetadata" : {
      "metadata" : { }
    },
    "hooks" : [ ]
  }, {
    "majorSchemaVersion" : 3,
    "name" : "MyHANAApp-db-deployer",
    "type" : "com.sap.xs.hdi",
    "path" : "MyHANAApp-db-deployer",
    "properties" : {
      "EXIT" : 1
    },
    "parameters" : {
      "default-url" : "https://coe-emea-hana-platform-d054555-coe-emea-hana-ti-cloud-m456f32b4.cfapps.eu20.hana.ondemand.com",
      "default-app-name" : "MyHANAApp-db-deployer",
      "generated-password" : "********",
      "default-live-url" : "https://coe-emea-hana-platform-d054555-coe-emea-hana-ti-cloud-m456f32b4.cfapps.eu20.hana.ondemand.com",
      "default-uri" : "coe-emea-hana-platform-d054555-coe-emea-hana-ti-cloud-m456f32b4.cfapps.eu20.hana.ondemand.com",
      "memory" : "256M",
      "default-instances" : 1,
      "no-route" : true,
      "default-live-host" : "coe-emea-hana-platform-d054555-coe-emea-hana-ti-cloud-m456f32b4",
      "instances" : 1,
      "buildpack" : "nodejs_buildpack",
      "default-host" : "coe-emea-hana-platform-d054555-coe-emea-hana-ti-cloud-m456f32b4",
      "app-name" : "MyHANAApp-db-deployer",
      "default-live-uri" : "coe-emea-hana-platform-d054555-coe-emea-hana-ti-cloud-m456f32b4.cfapps.eu20.hana.ondemand.com",
      "protocol" : "https",
      "default-live-app-name" : "MyHANAApp-db-deployer",
      "default-live-domain" : "cfapps.eu20.hana.ondemand.com",
      "dependency-type" : "hard",
      "domain" : "cfapps.eu20.hana.ondemand.com",
      "host" : "coe-emea-hana-platform-d054555-coe-emea-hana-ti-cloud-m456f32b4",
      "generated-user" : "********",
      "tasks" : [ {
        "command" : "npm start",
        "memory" : "256M",
        "name" : "deploy"
      } ],
      "no-start" : true
    },
    "requiredDependencies" : [ {
      "majorSchemaVersion" : 3,
      "name" : "MyHANAApp-db",
      "properties" : { },
      "parameters" : { },
      "propertiesMetadata" : {
        "metadata" : { }
      },
      "parametersMetadata" : {
        "metadata" : { }
      }
    } ],
    "providedDependencies" : [ {
      "majorSchemaVersion" : 3,
      "name" : "MyHANAApp-db-deployer",
      "isPublic" : false,
      "properties" : { },
      "parameters" : { },
      "propertiesMetadata" : {
        "metadata" : { }
      },
      "parametersMetadata" : {
        "metadata" : { }
      }
    } ],
    "propertiesMetadata" : {
      "metadata" : { }
    },
    "parametersMetadata" : {
      "metadata" : { }
    },
    "hooks" : [ ]
  }, {
    "majorSchemaVersion" : 3,
    "name" : "MyHANAApp",
    "type" : "javascript.nodejs",
    "path" : "MyHANAApp",
    "properties" : { },
    "parameters" : {
      "default-url" : "https://coe-emea-hana-platform-d054555-coe-emea-hana-ti-cloud-myhanaapp.cfapps.eu20.hana.ondemand.com",
      "default-app-name" : "MyHANAApp",
      "generated-password" : "********",
      "default-live-url" : "https://coe-emea-hana-platform-d054555-coe-emea-hana-ti-cloud-myhanaapp.cfapps.eu20.hana.ondemand.com",
      "default-uri" : "coe-emea-hana-platform-d054555-coe-emea-hana-ti-cloud-myhanaapp.cfapps.eu20.hana.ondemand.com",
      "memory" : "256M",
      "default-instances" : 1,
      "default-live-host" : "coe-emea-hana-platform-d054555-coe-emea-hana-ti-cloud-myhanaapp",
      "instances" : 1,
      "default-host" : "coe-emea-hana-platform-d054555-coe-emea-hana-ti-cloud-myhanaapp",
      "keep-existing-routes" : true,
      "app-name" : "MyHANAApp",
      "default-live-uri" : "coe-emea-hana-platform-d054555-coe-emea-hana-ti-cloud-myhanaapp.cfapps.eu20.hana.ondemand.com",
      "protocol" : "https",
      "default-live-app-name" : "MyHANAApp",
      "default-live-domain" : "cfapps.eu20.hana.ondemand.com",
      "disk-quota" : "256M",
      "domain" : "cfapps.eu20.hana.ondemand.com",
      "host" : "coe-emea-hana-platform-d054555-coe-emea-hana-ti-cloud-myhanaapp",
      "generated-user" : "********"
    },
    "requiredDependencies" : [ {
      "majorSchemaVersion" : 3,
      "name" : "srv-api",
      "group" : "destinations",
      "properties" : {
        "name" : "srv-api",
        "forwardAuthToken" : "********",
        "url" : "https://coe-emea-hana-platform-d054555-coe-emea-hana-ti-cloud-m7c222000.cfapps.eu20.hana.ondemand.com"
      },
      "parameters" : { },
      "propertiesMetadata" : {
        "metadata" : { }
      },
      "parametersMetadata" : {
        "metadata" : { }
      }
    }, {
      "majorSchemaVersion" : 3,
      "name" : "********",
      "properties" : { },
      "parameters" : { },
      "propertiesMetadata" : {
        "metadata" : { }
      },
      "parametersMetadata" : {
        "metadata" : { }
      }
    } ],
    "providedDependencies" : [ {
      "majorSchemaVersion" : 3,
      "name" : "app-api",
      "isPublic" : false,
      "properties" : {
        "app-protocol" : "https",
        "app-uri" : "coe-emea-hana-platform-d054555-coe-emea-hana-ti-cloud-myhanaapp.cfapps.eu20.hana.ondemand.com"
      },
      "parameters" : { },
      "propertiesMetadata" : {
        "metadata" : { }
      },
      "parametersMetadata" : {
        "metadata" : { }
      }
    }, {
      "majorSchemaVersion" : 3,
      "name" : "MyHANAApp",
      "isPublic" : false,
      "properties" : { },
      "parameters" : { },
      "propertiesMetadata" : {
        "metadata" : { }
      },
      "parametersMetadata" : {
        "metadata" : { }
      }
    } ],
    "propertiesMetadata" : {
      "metadata" : { }
    },
    "parametersMetadata" : {
      "metadata" : { }
    },
    "hooks" : [ ]
  } ],
  "resources" : [ {
    "majorSchemaVersion" : 3,
    "name" : "********",
    "type" : "org.cloudfoundry.managed-service",
    "properties" : { },
    "parameters" : {
      "generated-password" : "********",
      "path" : "./xs-security.json",
      "service-name" : "********",
      "service-plan" : "application",
      "service" : "xsuaa",
      "generated-user" : "********",
      "default-xsappname" : "********",
      "type" : "managed-service",
      "config" : {
        "oauth2-configuration" : "********",
        "tenant-mode" : "dedicated",
        "xsappname" : "MyHANAApp-CoE EMEA HANA Platform_D054555-COE EMEA HANA TI Cloud"
      },
      "default-service-name" : "********",
      "default-container-name" : "COE_EMEA_HANA_PLATFORM_D054555_COE_EMEA_HANA_TI_CLOUD_MY1DDCA651"
    },
    "isActive" : true,
    "isOptional" : false,
    "propertiesMetadata" : {
      "metadata" : { }
    },
    "parametersMetadata" : {
      "metadata" : { }
    },
    "requiredDependencies" : [ {
      "majorSchemaVersion" : 3,
      "name" : "app-api",
      "properties" : { },
      "parameters" : { },
      "propertiesMetadata" : {
        "metadata" : { }
      },
      "parametersMetadata" : {
        "metadata" : { }
      }
    } ],
    "processedAfter" : [ ]
  }, {
    "majorSchemaVersion" : 3,
    "name" : "MyHANAApp-db",
    "type" : "com.sap.xs.hdi-container",
    "properties" : { },
    "parameters" : {
      "generated-password" : "********",
      "service-name" : "MyHANAApp-db",
      "service-plan" : "hdi-shared",
      "service" : "hana",
      "generated-user" : "********",
      "default-xsappname" : "MyHANAApp-db",
      "type" : "managed-service",
      "default-service-name" : "MyHANAApp-db",
      "default-container-name" : "COE_EMEA_HANA_PLATFORM_D054555_COE_EMEA_HANA_TI_CLOUD_MYHAE41099"
    },
    "isActive" : true,
    "isOptional" : false,
    "propertiesMetadata" : {
      "metadata" : { }
    },
    "parametersMetadata" : {
      "metadata" : { }
    },
    "requiredDependencies" : [ ],
    "processedAfter" : [ ]
  } ],
  "parameters" : {
    "mta-id" : "MyHANAApp",
    "authorization-url" : "********",
    "org-guid" : "faa2a59b-a78e-4aa0-9dad-78ce96e1bc24",
    "org" : "CoE EMEA HANA Platform_D054555",
    "deploy-target" : "CoE EMEA HANA Platform_D054555 COE EMEA HANA TI Cloud",
    "enable-parallel-deployments" : true,
    "region-primary-domain" : "eu20.hana.ondemand.com",
    "space" : "COE EMEA HANA TI Cloud",
    "region-domain" : "eu20.hana.ondemand.com",
    "xs-api-url" : "https://api.cf.eu20.hana.ondemand.com",
    "deploy-url" : "deploy-service.cfapps.eu20.hana.ondemand.com",
    "xs-type" : "CF",
    "default-domain" : "cfapps.eu20.hana.ondemand.com",
    "mta-version" : "1.0.0",
    "xs-auth-url" : "********",
    "space-guid" : "4cc0a88c-ec98-47c4-9958-38b5e6ec9fcf",
    "user" : "********",
    "controller-url" : "https://api.cf.eu20.hana.ondemand.com",
    "timestamp" : "20260604184958"
  },
  "parametersMetadata" : {
    "metadata" : { }
  }
}#
#2026 06 04 18:50:13.211#Z#DEBUG#2f425741-6046-11f1-aadc-eeee0a90472b.OPERATION#flowable-async-job-executor-thread-6886#
[ProcessDescriptorStep] Merged descriptor properties and parameters resolved#
#2026 06 04 18:50:13.211#Z#DEBUG#2f425741-6046-11f1-aadc-eeee0a90472b.OPERATION#flowable-async-job-executor-thread-6886#
Step "Re-Process Descriptor Step" finished#
#2026 06 04 18:50:13.243#Z#DEBUG#2f425741-6046-11f1-aadc-eeee0a90472b.OPERATION#flowable-async-job-executor-thread-6887#
[BuildApplicationDeployModelStep] Executing task "buildApplicationDeployModelTask" of process "3823e652-6046-11f1-b82c-eeee0a8407d6"...#
#2026 06 04 18:50:13.245#Z#DEBUG#2f425741-6046-11f1-aadc-eeee0a90472b.OPERATION#flowable-async-job-executor-thread-6887#
[BuildApplicationDeployModelStep] Building cloud deployment model for application "MyHANAApp-db-deployer"...#
#2026 06 04 18:50:13.249#Z#DEBUG#2f425741-6046-11f1-aadc-eeee0a90472b.OPERATION#flowable-async-job-executor-thread-6887#
[BuildApplicationDeployModelStep] No health-check-type is specified. Setting default type: port#
#2026 06 04 18:50:13.250#Z#INFO#2f425741-6046-11f1-aadc-eeee0a90472b.OPERATION#flowable-async-job-executor-thread-6887#
[BuildApplicationDeployModelStep] Building configuration entries for org CoE EMEA HANA Platform_D054555, space COE EMEA HANA TI Cloud, spaceId 4cc0a88c-ec98-47c4-9958-38b5e6ec9fcf and namespace null!#
#2026 06 04 18:50:13.251#Z#DEBUG#2f425741-6046-11f1-aadc-eeee0a90472b.OPERATION#flowable-async-job-executor-thread-6887#
[BuildApplicationDeployModelStep] Configuration entries to publish: [ ]#
#2026 06 04 18:50:13.251#Z#DEBUG#2f425741-6046-11f1-aadc-eeee0a90472b.OPERATION#flowable-async-job-executor-thread-6887#
[BuildApplicationDeployModelStep] Cloud deployment model for application built#
#2026 06 04 18:50:13.251#Z#DEBUG#2f425741-6046-11f1-aadc-eeee0a90472b.OPERATION#flowable-async-job-executor-thread-6887#
Step "Build Application Deploy Model" finished#
#2026 06 04 18:50:13.123#Z#DEBUG#2f425741-6046-11f1-aadc-eeee0a90472b.OPERATION#flowable-async-job-executor-thread-6885#
[CheckServiceBindingOperationStep] Executing task "checkForServiceBindingOperationInProgress" of process "381eb696-6046-11f1-b82c-eeee0a8407d6"...#
#2026 06 04 18:50:13.123#Z#DEBUG#2f425741-6046-11f1-aadc-eeee0a90472b.OPERATION#flowable-async-job-executor-thread-6885#
[CheckServiceBindingOperationStep] Checking for service binding operation in progress between app "MyHANAApp-srv" and service instance "MyHANAApp-auth"#
#2026 06 04 18:50:13.124#Z#DEBUG#2f425741-6046-11f1-aadc-eeee0a90472b.OPERATION#flowable-async-job-executor-thread-6885#
[CheckServiceBindingOperationStep] Getting application guid "MyHANAApp-srv"...#
#2026 06 04 18:50:13.170#Z#DEBUG#2f425741-6046-11f1-aadc-eeee0a90472b.OPERATION#flowable-async-job-executor-thread-6885#
[CheckServiceBindingOperationStep] Getting GUID of required service instance "MyHANAApp-auth"...#
#2026 06 04 18:50:13.226#Z#DEBUG#2f425741-6046-11f1-aadc-eeee0a90472b.OPERATION#flowable-async-job-executor-thread-6885#
[CheckServiceBindingOperationStep] Getting binding of service instance "0f5592d4-0ff0-41b1-84b5-54188c7cf4c6" with application "ce0cc505-8bf7-4783-b85c-8208b84081a0"...#
#2026 06 04 18:50:13.255#Z#DEBUG#2f425741-6046-11f1-aadc-eeee0a90472b.OPERATION#flowable-async-job-executor-thread-6885#
Step "Check For Service Binding Operation In Progress" finished#
#2026 06 04 18:50:13.288#Z#DEBUG#2f425741-6046-11f1-aadc-eeee0a90472b.OPERATION#flowable-async-job-executor-thread-6888#
[DetermineApplicationServiceBindingActionsStep] Executing task "determineApplicationServiceBindingActionsTask" of process "381eb696-6046-11f1-b82c-eeee0a8407d6"...#
#2026 06 04 18:50:13.289#Z#DEBUG#2f425741-6046-11f1-aadc-eeee0a90472b.OPERATION#flowable-async-job-executor-thread-6888#
[DetermineApplicationServiceBindingActionsStep] Determine bind/unbind operations of application "MyHANAApp-srv" to service instance "MyHANAApp-auth"#
#2026 06 04 18:50:13.289#Z#DEBUG#2f425741-6046-11f1-aadc-eeee0a90472b.OPERATION#flowable-async-job-executor-thread-6888#
[DetermineApplicationServiceBindingActionsStep] Getting application "MyHANAApp-srv"...#
#2026 06 04 18:50:13.357#Z#DEBUG#2f425741-6046-11f1-aadc-eeee0a90472b.OPERATION#flowable-async-job-executor-thread-6888#
[DetermineApplicationServiceBindingActionsStep] Binding parameters for application "MyHANAApp-srv": { }#
#2026 06 04 18:50:13.397#Z#DEBUG#2f425741-6046-11f1-aadc-eeee0a90472b.OPERATION#flowable-async-job-executor-thread-6888#
[DetermineApplicationServiceBindingActionsStep] Calculated binding operations between application "MyHANAApp-srv" and service instance "MyHANAApp-auth": unbind - false bind - true#
#2026 06 04 18:50:13.397#Z#DEBUG#2f425741-6046-11f1-aadc-eeee0a90472b.OPERATION#flowable-async-job-executor-thread-6888#
Step "Determine Application Service Binding Actions" finished#
#2026 06 04 18:50:13.434#Z#DEBUG#2f425741-6046-11f1-aadc-eeee0a90472b.OPERATION#flowable-async-job-executor-thread-6890#
[BindServiceToApplicationStep] Executing task "bindServiceToApplicationTask" of process "381eb696-6046-11f1-b82c-eeee0a8407d6"...#
#2026 06 04 18:50:13.435#Z#INFO#2f425741-6046-11f1-aadc-eeee0a90472b.OPERATION#flowable-async-job-executor-thread-6890#
[BindServiceToApplicationStep] Binding service instance "MyHANAApp-auth" to application "MyHANAApp-srv"...#
#2026 06 04 18:50:13.444#Z#DEBUG#2f425741-6046-11f1-aadc-eeee0a90472b.OPERATION#flowable-async-job-executor-thread-6890#
[BindServiceToApplicationStep] Binding service instance "MyHANAApp-auth" to application "MyHANAApp-srv" with parameters: { }#
#2026 06 04 18:50:13.604#Z#DEBUG#2f425741-6046-11f1-aadc-eeee0a90472b.OPERATION#flowable-async-job-executor-thread-6890#
Step "Bind Service to Application" finished#
#2026 06 04 18:50:13.292#Z#DEBUG#2f425741-6046-11f1-aadc-eeee0a90472b.OPERATION#flowable-async-job-executor-thread-6889#
[CreateOrUpdateAppStep] Executing task "createAppTask" of process "3823e652-6046-11f1-b82c-eeee0a8407d6"...#
#2026 06 04 18:50:13.294#Z#DEBUG#2f425741-6046-11f1-aadc-eeee0a90472b.OPERATION#flowable-async-job-executor-thread-6889#
[CreateOrUpdateAppStep] Getting application "MyHANAApp-db-deployer"...#
#2026 06 04 18:50:13.342#Z#INFO#2f425741-6046-11f1-aadc-eeee0a90472b.OPERATION#flowable-async-job-executor-thread-6889#
[CreateOrUpdateAppStep] Creating application "MyHANAApp-db-deployer" from MTA module "MyHANAApp-db-deployer"...#
#2026 06 04 18:50:13.352#Z#DEBUG#2f425741-6046-11f1-aadc-eeee0a90472b.OPERATION#flowable-async-job-executor-thread-6889#
[CreateOrUpdateAppStep] Creating application "MyHANAApp-db-deployer" with disk "null" memory "256", URIs "" and staging: "{
  "buildpacks" : [ "nodejs_buildpack" ],
  "healthCheckType" : "port",
  "appFeatures" : { }
}"#
#2026 06 04 18:50:13.648#Z#DEBUG#2f425741-6046-11f1-aadc-eeee0a90472b.OPERATION#flowable-async-job-executor-thread-6889#
[CreateOrUpdateAppStep] Application "MyHANAApp-db-deployer" created#
#2026 06 04 18:50:13.648#Z#DEBUG#2f425741-6046-11f1-aadc-eeee0a90472b.OPERATION#flowable-async-job-executor-thread-6889#
Step "Create App" finished#
#2026 06 04 18:50:13.742#Z#DEBUG#2f425741-6046-11f1-aadc-eeee0a90472b.OPERATION#flowable-async-job-executor-thread-6892#
[CheckServiceBindingOperationStep] Executing task "checkForServiceBindingOperationInProgress" of process "387e89dd-6046-11f1-b82c-eeee0a8407d6"...#
#2026 06 04 18:50:13.742#Z#DEBUG#2f425741-6046-11f1-aadc-eeee0a90472b.OPERATION#flowable-async-job-executor-thread-6892#
[CheckServiceBindingOperationStep] Checking for service binding operation in progress between app "MyHANAApp-db-deployer" and service instance "MyHANAApp-db"#
#2026 06 04 18:50:13.742#Z#DEBUG#2f425741-6046-11f1-aadc-eeee0a90472b.OPERATION#flowable-async-job-executor-thread-6892#
[CheckServiceBindingOperationStep] Getting application guid "MyHANAApp-db-deployer"...#
#2026 06 04 18:50:13.806#Z#DEBUG#2f425741-6046-11f1-aadc-eeee0a90472b.OPERATION#flowable-async-job-executor-thread-6892#
[CheckServiceBindingOperationStep] Getting GUID of required service instance "MyHANAApp-db"...#
#2026 06 04 18:50:13.875#Z#DEBUG#2f425741-6046-11f1-aadc-eeee0a90472b.OPERATION#flowable-async-job-executor-thread-6892#
[CheckServiceBindingOperationStep] Getting binding of service instance "584becf6-3c17-4525-8c45-31f4a82598bd" with application "ab6e6def-2a5d-4374-a5e1-6cd692beac58"...#
#2026 06 04 18:50:13.905#Z#DEBUG#2f425741-6046-11f1-aadc-eeee0a90472b.OPERATION#flowable-async-job-executor-thread-6892#
Step "Check For Service Binding Operation In Progress" finished#
#2026 06 04 18:50:13.935#Z#DEBUG#2f425741-6046-11f1-aadc-eeee0a90472b.OPERATION#flowable-async-job-executor-thread-6893#
[DetermineApplicationServiceBindingActionsStep] Executing task "determineApplicationServiceBindingActionsTask" of process "387e89dd-6046-11f1-b82c-eeee0a8407d6"...#
#2026 06 04 18:50:13.936#Z#DEBUG#2f425741-6046-11f1-aadc-eeee0a90472b.OPERATION#flowable-async-job-executor-thread-6893#
[DetermineApplicationServiceBindingActionsStep] Determine bind/unbind operations of application "MyHANAApp-db-deployer" to service instance "MyHANAApp-db"#
#2026 06 04 18:50:13.936#Z#DEBUG#2f425741-6046-11f1-aadc-eeee0a90472b.OPERATION#flowable-async-job-executor-thread-6893#
[DetermineApplicationServiceBindingActionsStep] Getting application "MyHANAApp-db-deployer"...#
#2026 06 04 18:50:14.000#Z#DEBUG#2f425741-6046-11f1-aadc-eeee0a90472b.OPERATION#flowable-async-job-executor-thread-6893#
[DetermineApplicationServiceBindingActionsStep] Binding parameters for application "MyHANAApp-db-deployer": { }#
#2026 06 04 18:50:14.024#Z#DEBUG#2f425741-6046-11f1-aadc-eeee0a90472b.OPERATION#flowable-async-job-executor-thread-6893#
[DetermineApplicationServiceBindingActionsStep] Calculated binding operations between application "MyHANAApp-db-deployer" and service instance "MyHANAApp-db": unbind - false bind - true#
#2026 06 04 18:50:14.024#Z#DEBUG#2f425741-6046-11f1-aadc-eeee0a90472b.OPERATION#flowable-async-job-executor-thread-6893#
Step "Determine Application Service Binding Actions" finished#
#2026 06 04 18:50:14.059#Z#DEBUG#2f425741-6046-11f1-aadc-eeee0a90472b.OPERATION#flowable-async-job-executor-thread-6894#
[BindServiceToApplicationStep] Executing task "bindServiceToApplicationTask" of process "387e89dd-6046-11f1-b82c-eeee0a8407d6"...#
#2026 06 04 18:50:14.060#Z#INFO#2f425741-6046-11f1-aadc-eeee0a90472b.OPERATION#flowable-async-job-executor-thread-6894#
[BindServiceToApplicationStep] Binding service instance "MyHANAApp-db" to application "MyHANAApp-db-deployer"...#
#2026 06 04 18:50:14.070#Z#DEBUG#2f425741-6046-11f1-aadc-eeee0a90472b.OPERATION#flowable-async-job-executor-thread-6894#
[BindServiceToApplicationStep] Binding service instance "MyHANAApp-db" to application "MyHANAApp-db-deployer" with parameters: { }#
#2026 06 04 18:50:14.241#Z#DEBUG#2f425741-6046-11f1-aadc-eeee0a90472b.OPERATION#flowable-async-job-executor-thread-6894#
Step "Bind Service to Application" finished#
#2026 06 04 18:50:20.519#Z#DEBUG#2f425741-6046-11f1-aadc-eeee0a90472b.OPERATION#flowable-async-job-executor-thread-10675#
[BindServiceToApplicationStep] Executing task "bindServiceToApplicationTask" of process "379f9bb5-6046-11f1-8112-eeee0a96121a"...#
#2026 06 04 18:50:20.520#Z#DEBUG#2f425741-6046-11f1-aadc-eeee0a90472b.OPERATION#flowable-async-job-executor-thread-10675#
[BindServiceToApplicationStep] Getting async job "a3a9901f-e128-4925-b0a1-29dce98af07c"#
#2026 06 04 18:50:20.531#Z#DEBUG#2f425741-6046-11f1-aadc-eeee0a90472b.OPERATION#flowable-async-job-executor-thread-10677#
[BindServiceToApplicationStep] Executing task "bindServiceToApplicationTask" of process "37aa2347-6046-11f1-8112-eeee0a96121a"...#
#2026 06 04 18:50:20.532#Z#DEBUG#2f425741-6046-11f1-aadc-eeee0a90472b.OPERATION#flowable-async-job-executor-thread-10677#
[BindServiceToApplicationStep] Getting async job "feb6ce3b-79ef-4134-b016-42e20185ea48"#
#2026 06 04 18:50:20.539#Z#DEBUG#2f425741-6046-11f1-aadc-eeee0a90472b.OPERATION#flowable-async-job-executor-thread-10678#
[BindServiceToApplicationStep] Executing task "bindServiceToApplicationTask" of process "381eb696-6046-11f1-b82c-eeee0a8407d6"...#
#2026 06 04 18:50:20.542#Z#DEBUG#2f425741-6046-11f1-aadc-eeee0a90472b.OPERATION#flowable-async-job-executor-thread-10678#
[BindServiceToApplicationStep] Getting async job "334e6501-d353-4486-8541-1129f6aa9d37"#
#2026 06 04 18:50:20.547#Z#DEBUG#2f425741-6046-11f1-aadc-eeee0a90472b.OPERATION#flowable-async-job-executor-thread-10679#
[BindServiceToApplicationStep] Executing task "bindServiceToApplicationTask" of process "387e89dd-6046-11f1-b82c-eeee0a8407d6"...#
#2026 06 04 18:50:20.548#Z#DEBUG#2f425741-6046-11f1-aadc-eeee0a90472b.OPERATION#flowable-async-job-executor-thread-10679#
[BindServiceToApplicationStep] Getting async job "02629805-54a9-4ce0-b140-9066ae21bd3c"#
#2026 06 04 18:50:20.563#Z#DEBUG#2f425741-6046-11f1-aadc-eeee0a90472b.OPERATION#flowable-async-job-executor-thread-10675#
[BindServiceToApplicationStep] Getting service instance "MyHANAApp-auth"...#
#2026 06 04 18:50:20.575#Z#DEBUG#2f425741-6046-11f1-aadc-eeee0a90472b.OPERATION#flowable-async-job-executor-thread-10678#
[BindServiceToApplicationStep] Getting service instance "MyHANAApp-auth"...#
#2026 06 04 18:50:20.575#Z#DEBUG#2f425741-6046-11f1-aadc-eeee0a90472b.OPERATION#flowable-async-job-executor-thread-10677#
[BindServiceToApplicationStep] Getting service instance "MyHANAApp-db"...#
#2026 06 04 18:50:20.587#Z#DEBUG#2f425741-6046-11f1-aadc-eeee0a90472b.OPERATION#flowable-async-job-executor-thread-10679#
[BindServiceToApplicationStep] Getting service instance "MyHANAApp-db"...#
#2026 06 04 18:50:20.686#Z#DEBUG#2f425741-6046-11f1-aadc-eeee0a90472b.OPERATION#flowable-async-job-executor-thread-10675#
[BindServiceToApplicationStep] Async service binding operation with id "a3a9901f-e128-4925-b0a1-29dce98af07c" finished#
#2026 06 04 18:50:20.686#Z#DEBUG#2f425741-6046-11f1-aadc-eeee0a90472b.OPERATION#flowable-async-job-executor-thread-10675#
Step "Bind Service to Application" finished#
#2026 06 04 18:50:20.713#Z#DEBUG#2f425741-6046-11f1-aadc-eeee0a90472b.OPERATION#flowable-async-job-executor-thread-10677#
[BindServiceToApplicationStep] Async service binding operation with id "feb6ce3b-79ef-4134-b016-42e20185ea48" finished#
#2026 06 04 18:50:20.713#Z#DEBUG#2f425741-6046-11f1-aadc-eeee0a90472b.OPERATION#flowable-async-job-executor-thread-10677#
Step "Bind Service to Application" finished#
#2026 06 04 18:50:20.740#Z#DEBUG#2f425741-6046-11f1-aadc-eeee0a90472b.OPERATION#flowable-async-job-executor-thread-10679#
[BindServiceToApplicationStep] Async service binding operation with id "02629805-54a9-4ce0-b140-9066ae21bd3c" finished#
#2026 06 04 18:50:20.741#Z#DEBUG#2f425741-6046-11f1-aadc-eeee0a90472b.OPERATION#flowable-async-job-executor-thread-10679#
Step "Bind Service to Application" finished#
#2026 06 04 18:50:20.768#Z#DEBUG#2f425741-6046-11f1-aadc-eeee0a90472b.OPERATION#flowable-async-job-executor-thread-10678#
[BindServiceToApplicationStep] Async service binding operation with id "334e6501-d353-4486-8541-1129f6aa9d37" finished#
#2026 06 04 18:50:20.768#Z#DEBUG#2f425741-6046-11f1-aadc-eeee0a90472b.OPERATION#flowable-async-job-executor-thread-10678#
Step "Bind Service to Application" finished#
#2026 06 04 18:50:20.806#Z#DEBUG#2f425741-6046-11f1-aadc-eeee0a90472b.OPERATION#flowable-async-job-executor-thread-10683#
[DetermineVcapServicesPropertiesChangedStep] Executing task "determineVcapServicesPropertiesChangedTask" of process "3cb15de5-6046-11f1-8112-eeee0a96121a"...#
#2026 06 04 18:50:20.807#Z#DEBUG#2f425741-6046-11f1-aadc-eeee0a90472b.OPERATION#flowable-async-job-executor-thread-10683#
[DetermineVcapServicesPropertiesChangedStep] VCAP_SERVICES properties for application "MyHANAApp" changed: true#
#2026 06 04 18:50:20.807#Z#DEBUG#2f425741-6046-11f1-aadc-eeee0a90472b.OPERATION#flowable-async-job-executor-thread-10683#
Step "Determine vcap services properties changed" finished#
#2026 06 04 18:50:20.841#Z#DEBUG#2f425741-6046-11f1-aadc-eeee0a90472b.OPERATION#flowable-async-job-executor-thread-10686#
[DetermineVcapServicesPropertiesChangedStep] Executing task "determineVcapServicesPropertiesChangedTask" of process "3cb99b53-6046-11f1-8112-eeee0a96121a"...#
#2026 06 04 18:50:20.841#Z#DEBUG#2f425741-6046-11f1-aadc-eeee0a90472b.OPERATION#flowable-async-job-executor-thread-10686#
[DetermineVcapServicesPropertiesChangedStep] VCAP_SERVICES properties for application "MyHANAApp-db-deployer" changed: true#
#2026 06 04 18:50:20.842#Z#DEBUG#2f425741-6046-11f1-aadc-eeee0a90472b.OPERATION#flowable-async-job-executor-thread-10686#
Step "Determine vcap services properties changed" finished#
#2026 06 04 18:50:20.882#Z#DEBUG#2f425741-6046-11f1-aadc-eeee0a90472b.OPERATION#flowable-async-job-executor-thread-10688#
[DetermineVcapServicesPropertiesChangedStep] Executing task "determineVcapServicesPropertiesChangedTask" of process "3cbfdcf0-6046-11f1-8112-eeee0a96121a"...#
#2026 06 04 18:50:20.883#Z#DEBUG#2f425741-6046-11f1-aadc-eeee0a90472b.OPERATION#flowable-async-job-executor-thread-10688#
[DetermineVcapServicesPropertiesChangedStep] VCAP_SERVICES properties for application "MyHANAApp-srv" changed: true#
#2026 06 04 18:50:20.883#Z#DEBUG#2f425741-6046-11f1-aadc-eeee0a90472b.OPERATION#flowable-async-job-executor-thread-10688#
Step "Determine vcap services properties changed" finished#
#2026 06 04 18:50:20.837#Z#DEBUG#2f425741-6046-11f1-aadc-eeee0a90472b.OPERATION#flowable-async-job-executor-thread-10685#
[UploadAppStep] Executing task "uploadAppTask" of process "3cb15de5-6046-11f1-8112-eeee0a96121a"...#
#2026 06 04 18:50:20.838#Z#DEBUG#2f425741-6046-11f1-aadc-eeee0a90472b.OPERATION#flowable-async-job-executor-thread-10685#
[UploadAppStep] Application upload timeout is default one: 3,600 seconds#
#2026 06 04 18:50:20.839#Z#INFO#2f425741-6046-11f1-aadc-eeee0a90472b.OPERATION#flowable-async-job-executor-thread-10685#
[UploadAppStep] Uploading application "MyHANAApp"...#
#2026 06 04 18:50:20.847#Z#DEBUG#2f425741-6046-11f1-aadc-eeee0a90472b.OPERATION#flowable-async-job-executor-thread-10685#
[UploadAppStep] Getting application "MyHANAApp"...#
#2026 06 04 18:50:20.869#Z#DEBUG#2f425741-6046-11f1-aadc-eeee0a90472b.OPERATION#flowable-async-job-executor-thread-10687#
[UploadAppStep] Executing task "uploadAppTask" of process "3cb99b53-6046-11f1-8112-eeee0a96121a"...#
#2026 06 04 18:50:20.871#Z#DEBUG#2f425741-6046-11f1-aadc-eeee0a90472b.OPERATION#flowable-async-job-executor-thread-10687#
[UploadAppStep] Application upload timeout is default one: 3,600 seconds#
#2026 06 04 18:50:20.871#Z#INFO#2f425741-6046-11f1-aadc-eeee0a90472b.OPERATION#flowable-async-job-executor-thread-10687#
[UploadAppStep] Uploading application "MyHANAApp-db-deployer"...#
#2026 06 04 18:50:20.879#Z#DEBUG#2f425741-6046-11f1-aadc-eeee0a90472b.OPERATION#flowable-async-job-executor-thread-10687#
[UploadAppStep] Getting application "MyHANAApp-db-deployer"...#
#2026 06 04 18:50:20.900#Z#DEBUG#2f425741-6046-11f1-aadc-eeee0a90472b.OPERATION#flowable-async-job-executor-thread-10685#
[UploadAppStep] Getting environment of application "cc4bff5a-9d3c-4f77-af10-cb050dde00c4"...#
#2026 06 04 18:50:20.915#Z#DEBUG#2f425741-6046-11f1-aadc-eeee0a90472b.OPERATION#flowable-async-job-executor-thread-10689#
[UploadAppStep] Executing task "uploadAppTask" of process "3cbfdcf0-6046-11f1-8112-eeee0a96121a"...#
#2026 06 04 18:50:20.916#Z#DEBUG#2f425741-6046-11f1-aadc-eeee0a90472b.OPERATION#flowable-async-job-executor-thread-10689#
[UploadAppStep] Application upload timeout is default one: 3,600 seconds#
#2026 06 04 18:50:20.916#Z#INFO#2f425741-6046-11f1-aadc-eeee0a90472b.OPERATION#flowable-async-job-executor-thread-10689#
[UploadAppStep] Uploading application "MyHANAApp-srv"...#
#2026 06 04 18:50:20.921#Z#DEBUG#2f425741-6046-11f1-aadc-eeee0a90472b.OPERATION#flowable-async-job-executor-thread-10687#
[UploadAppStep] Getting environment of application "ab6e6def-2a5d-4374-a5e1-6cd692beac58"...#
#2026 06 04 18:50:20.924#Z#DEBUG#2f425741-6046-11f1-aadc-eeee0a90472b.OPERATION#flowable-async-job-executor-thread-10689#
[UploadAppStep] Getting application "MyHANAApp-srv"...#
#2026 06 04 18:50:20.940#Z#INFO#2f425741-6046-11f1-aadc-eeee0a90472b.OPERATION#flowable-async-job-executor-thread-10685#
[UploadAppStep] Calculating application digest: "MyHANAApp"#
#2026 06 04 18:50:20.952#Z#DEBUG#2f425741-6046-11f1-aadc-eeee0a90472b.OPERATION#flowable-async-job-executor-thread-10685#
Step "Upload App" finished#
#2026 06 04 18:50:20.955#Z#INFO#2f425741-6046-11f1-aadc-eeee0a90472b.OPERATION#flowable-async-job-executor-thread-10687#
[UploadAppStep] Calculating application digest: "MyHANAApp-db-deployer"#
#2026 06 04 18:50:20.981#Z#DEBUG#2f425741-6046-11f1-aadc-eeee0a90472b.OPERATION#flowable-async-job-executor-thread-10689#
[UploadAppStep] Getting environment of application "ce0cc505-8bf7-4783-b85c-8208b84081a0"...#
#2026 06 04 18:50:21.032#Z#INFO#2f425741-6046-11f1-aadc-eeee0a90472b.OPERATION#flowable-async-job-executor-thread-10689#
[UploadAppStep] Calculating application digest: "MyHANAApp-srv"#
#2026 06 04 18:50:21.054#Z#DEBUG#2f425741-6046-11f1-aadc-eeee0a90472b.OPERATION#flowable-async-job-executor-thread-10687#
Step "Upload App" finished#
#2026 06 04 18:50:21.261#Z#DEBUG#2f425741-6046-11f1-aadc-eeee0a90472b.OPERATION#flowable-async-job-executor-thread-10689#
Step "Upload App" finished#
#2026 06 04 18:50:30.556#Z#DEBUG#2f425741-6046-11f1-aadc-eeee0a90472b.OPERATION#flowable-async-job-executor-thread-10693#
[UploadAppStep] Executing task "uploadAppTask" of process "3cb15de5-6046-11f1-8112-eeee0a96121a"...#
#2026 06 04 18:50:30.558#Z#DEBUG#2f425741-6046-11f1-aadc-eeee0a90472b.OPERATION#flowable-async-job-executor-thread-10693#
[UploadAppStep] Application upload timeout is default one: 3,600 seconds#
#2026 06 04 18:50:30.560#Z#DEBUG#2f425741-6046-11f1-aadc-eeee0a90472b.OPERATION#pool-21-thread-4#
[UploadAppStep] Upload of application: MyHANAApp started on instance: 0#
#2026 06 04 18:50:30.560#Z#DEBUG#2f425741-6046-11f1-aadc-eeee0a90472b.OPERATION#pool-21-thread-4#
[UploadAppStep] Uploading file "MyHANAApp/data.zip" for application "MyHANAApp"#
#2026 06 04 18:50:30.562#Z#DEBUG#2f425741-6046-11f1-aadc-eeee0a90472b.OPERATION#flowable-async-job-executor-thread-10694#
[UploadAppStep] Executing task "uploadAppTask" of process "3cb99b53-6046-11f1-8112-eeee0a96121a"...#
#2026 06 04 18:50:30.563#Z#DEBUG#2f425741-6046-11f1-aadc-eeee0a90472b.OPERATION#flowable-async-job-executor-thread-10694#
[UploadAppStep] Application upload timeout is default one: 3,600 seconds#
#2026 06 04 18:50:30.566#Z#DEBUG#2f425741-6046-11f1-aadc-eeee0a90472b.OPERATION#pool-21-thread-5#
[UploadAppStep] Upload of application: MyHANAApp-db-deployer started on instance: 0#
#2026 06 04 18:50:30.566#Z#DEBUG#2f425741-6046-11f1-aadc-eeee0a90472b.OPERATION#pool-21-thread-5#
[UploadAppStep] Uploading file "MyHANAApp-db-deployer/data.zip" for application "MyHANAApp-db-deployer"#
#2026 06 04 18:50:30.572#Z#INFO#2f425741-6046-11f1-aadc-eeee0a90472b.OPERATION#pool-21-thread-4#
[UploadAppStep] Time elapsed for app binary download: 12 in millis#
#2026 06 04 18:50:30.573#Z#INFO#2f425741-6046-11f1-aadc-eeee0a90472b.OPERATION#pool-21-thread-4#
[UploadAppStep] Size of app MyHANAApp is 23,091 bytes#
#2026 06 04 18:50:30.573#Z#DEBUG#2f425741-6046-11f1-aadc-eeee0a90472b.OPERATION#pool-21-thread-4#
[UploadAppStep] Asynchronously uploading binaries for application "MyHANAApp"...#
#2026 06 04 18:50:30.577#Z#DEBUG#2f425741-6046-11f1-aadc-eeee0a90472b.OPERATION#flowable-async-job-executor-thread-10695#
[UploadAppStep] Executing task "uploadAppTask" of process "3cbfdcf0-6046-11f1-8112-eeee0a96121a"...#
#2026 06 04 18:50:30.578#Z#DEBUG#2f425741-6046-11f1-aadc-eeee0a90472b.OPERATION#flowable-async-job-executor-thread-10695#
[UploadAppStep] Application upload timeout is default one: 3,600 seconds#
#2026 06 04 18:50:30.579#Z#DEBUG#2f425741-6046-11f1-aadc-eeee0a90472b.OPERATION#pool-21-thread-6#
[UploadAppStep] Upload of application: MyHANAApp-srv started on instance: 0#
#2026 06 04 18:50:30.579#Z#DEBUG#2f425741-6046-11f1-aadc-eeee0a90472b.OPERATION#pool-21-thread-6#
[UploadAppStep] Uploading file "MyHANAApp-srv/data.zip" for application "MyHANAApp-srv"#
#2026 06 04 18:50:30.693#Z#INFO#2f425741-6046-11f1-aadc-eeee0a90472b.OPERATION#pool-21-thread-5#
[UploadAppStep] Time elapsed for app binary download: 126 in millis#
#2026 06 04 18:50:30.693#Z#INFO#2f425741-6046-11f1-aadc-eeee0a90472b.OPERATION#pool-21-thread-5#
[UploadAppStep] Size of app MyHANAApp-db-deployer is 2,769,769 bytes#
#2026 06 04 18:50:30.693#Z#DEBUG#2f425741-6046-11f1-aadc-eeee0a90472b.OPERATION#pool-21-thread-5#
[UploadAppStep] Asynchronously uploading binaries for application "MyHANAApp-db-deployer"...#
#2026 06 04 18:50:30.819#Z#INFO#2f425741-6046-11f1-aadc-eeee0a90472b.OPERATION#pool-21-thread-6#
[UploadAppStep] Time elapsed for app binary download: 239 in millis#
#2026 06 04 18:50:30.819#Z#INFO#2f425741-6046-11f1-aadc-eeee0a90472b.OPERATION#pool-21-thread-6#
[UploadAppStep] Size of app MyHANAApp-srv is 7,899,526 bytes#
#2026 06 04 18:50:30.819#Z#DEBUG#2f425741-6046-11f1-aadc-eeee0a90472b.OPERATION#pool-21-thread-6#
[UploadAppStep] Asynchronously uploading binaries for application "MyHANAApp-srv"...#
#2026 06 04 18:50:30.864#Z#INFO#2f425741-6046-11f1-aadc-eeee0a90472b.OPERATION#pool-21-thread-4#
[UploadAppStep] Started async upload of application "MyHANAApp"#
#2026 06 04 18:50:30.872#Z#INFO#2f425741-6046-11f1-aadc-eeee0a90472b.OPERATION#flowable-async-job-executor-thread-10693#
[UploadAppStep] Time elapsed for upload: 313 in millis#
#2026 06 04 18:50:30.872#Z#DEBUG#2f425741-6046-11f1-aadc-eeee0a90472b.OPERATION#flowable-async-job-executor-thread-10693#
[UploadAppStep] Getting application "MyHANAApp"...#
#2026 06 04 18:50:30.900#Z#DEBUG#2f425741-6046-11f1-aadc-eeee0a90472b.OPERATION#App upload monitor: 040e3cc8-abaf-4557-9a63-1c6c4b812874#
[UploadAppStep] Upload status: PROCESSING_UPLOAD#
#2026 06 04 18:50:30.943#Z#DEBUG#2f425741-6046-11f1-aadc-eeee0a90472b.OPERATION#flowable-async-job-executor-thread-10693#
[UploadAppStep] Getting environment of application "cc4bff5a-9d3c-4f77-af10-cb050dde00c4"...#
#2026 06 04 18:50:30.976#Z#INFO#2f425741-6046-11f1-aadc-eeee0a90472b.OPERATION#pool-21-thread-5#
[UploadAppStep] Started async upload of application "MyHANAApp-db-deployer"#
#2026 06 04 18:50:30.984#Z#INFO#2f425741-6046-11f1-aadc-eeee0a90472b.OPERATION#flowable-async-job-executor-thread-10694#
[UploadAppStep] Time elapsed for upload: 420 in millis#
#2026 06 04 18:50:30.984#Z#DEBUG#2f425741-6046-11f1-aadc-eeee0a90472b.OPERATION#flowable-async-job-executor-thread-10694#
[UploadAppStep] Getting application "MyHANAApp-db-deployer"...#
#2026 06 04 18:50:30.987#Z#DEBUG#2f425741-6046-11f1-aadc-eeee0a90472b.OPERATION#flowable-async-job-executor-thread-10693#
[UploadAppStep] Updating environment of application "MyHANAApp"#
#2026 06 04 18:50:31.031#Z#DEBUG#2f425741-6046-11f1-aadc-eeee0a90472b.OPERATION#App upload monitor: e8d8a355-86f5-44bb-9444-ca1736861655#
[UploadAppStep] Upload status: PROCESSING_UPLOAD#
#2026 06 04 18:50:31.036#Z#DEBUG#2f425741-6046-11f1-aadc-eeee0a90472b.OPERATION#flowable-async-job-executor-thread-10694#
[UploadAppStep] Getting environment of application "ab6e6def-2a5d-4374-a5e1-6cd692beac58"...#
#2026 06 04 18:50:31.080#Z#DEBUG#2f425741-6046-11f1-aadc-eeee0a90472b.OPERATION#flowable-async-job-executor-thread-10694#
[UploadAppStep] Updating environment of application "MyHANAApp-db-deployer"#
#2026 06 04 18:50:31.101#Z#DEBUG#2f425741-6046-11f1-aadc-eeee0a90472b.OPERATION#flowable-async-job-executor-thread-10693#
Step "Upload App" finished#
#2026 06 04 18:50:31.167#Z#INFO#2f425741-6046-11f1-aadc-eeee0a90472b.OPERATION#pool-21-thread-6#
[UploadAppStep] Started async upload of application "MyHANAApp-srv"#
#2026 06 04 18:50:31.175#Z#INFO#2f425741-6046-11f1-aadc-eeee0a90472b.OPERATION#flowable-async-job-executor-thread-10695#
[UploadAppStep] Time elapsed for upload: 596 in millis#
#2026 06 04 18:50:31.175#Z#DEBUG#2f425741-6046-11f1-aadc-eeee0a90472b.OPERATION#flowable-async-job-executor-thread-10695#
[UploadAppStep] Getting application "MyHANAApp-srv"...#
#2026 06 04 18:50:31.190#Z#DEBUG#2f425741-6046-11f1-aadc-eeee0a90472b.OPERATION#flowable-async-job-executor-thread-10694#
Step "Upload App" finished#
#2026 06 04 18:50:31.193#Z#DEBUG#2f425741-6046-11f1-aadc-eeee0a90472b.OPERATION#App upload monitor: a22607cb-07fe-47c1-b9c5-ec98dc1c0e2e#
[UploadAppStep] Upload status: PROCESSING_UPLOAD#
#2026 06 04 18:50:31.225#Z#DEBUG#2f425741-6046-11f1-aadc-eeee0a90472b.OPERATION#flowable-async-job-executor-thread-10695#
[UploadAppStep] Getting environment of application "ce0cc505-8bf7-4783-b85c-8208b84081a0"...#
#2026 06 04 18:50:31.275#Z#DEBUG#2f425741-6046-11f1-aadc-eeee0a90472b.OPERATION#flowable-async-job-executor-thread-10695#
[UploadAppStep] Updating environment of application "MyHANAApp-srv"#
#2026 06 04 18:50:31.402#Z#DEBUG#2f425741-6046-11f1-aadc-eeee0a90472b.OPERATION#flowable-async-job-executor-thread-10695#
Step "Upload App" finished#
#2026 06 04 18:50:35.938#Z#DEBUG#2f425741-6046-11f1-aadc-eeee0a90472b.OPERATION#App upload monitor: 040e3cc8-abaf-4557-9a63-1c6c4b812874#
[UploadAppStep] Upload status: READY#
#2026 06 04 18:50:36.073#Z#DEBUG#2f425741-6046-11f1-aadc-eeee0a90472b.OPERATION#App upload monitor: e8d8a355-86f5-44bb-9444-ca1736861655#
[UploadAppStep] Upload status: READY#
#2026 06 04 18:50:36.241#Z#DEBUG#2f425741-6046-11f1-aadc-eeee0a90472b.OPERATION#App upload monitor: a22607cb-07fe-47c1-b9c5-ec98dc1c0e2e#
[UploadAppStep] Upload status: PROCESSING_UPLOAD#
#2026 06 04 18:50:40.585#Z#DEBUG#2f425741-6046-11f1-aadc-eeee0a90472b.OPERATION#flowable-async-job-executor-thread-10699#
[UploadAppStep] Executing task "uploadAppTask" of process "3cb15de5-6046-11f1-8112-eeee0a96121a"...#
#2026 06 04 18:50:40.586#Z#DEBUG#2f425741-6046-11f1-aadc-eeee0a90472b.OPERATION#flowable-async-job-executor-thread-10699#
[UploadAppStep] Application upload timeout is default one: 3,600 seconds#
#2026 06 04 18:50:40.586#Z#DEBUG#2f425741-6046-11f1-aadc-eeee0a90472b.OPERATION#flowable-async-job-executor-thread-10699#
[UploadAppStep] Checking upload status of application "MyHANAApp"...#
#2026 06 04 18:50:40.587#Z#DEBUG#2f425741-6046-11f1-aadc-eeee0a90472b.OPERATION#flowable-async-job-executor-thread-10699#
[UploadAppStep] Getting package "040e3cc8-abaf-4557-9a63-1c6c4b812874"...#
#2026 06 04 18:50:40.598#Z#DEBUG#2f425741-6046-11f1-aadc-eeee0a90472b.OPERATION#flowable-async-job-executor-thread-10700#
[UploadAppStep] Executing task "uploadAppTask" of process "3cb99b53-6046-11f1-8112-eeee0a96121a"...#
#2026 06 04 18:50:40.599#Z#DEBUG#2f425741-6046-11f1-aadc-eeee0a90472b.OPERATION#flowable-async-job-executor-thread-10700#
[UploadAppStep] Application upload timeout is default one: 3,600 seconds#
#2026 06 04 18:50:40.600#Z#DEBUG#2f425741-6046-11f1-aadc-eeee0a90472b.OPERATION#flowable-async-job-executor-thread-10700#
[UploadAppStep] Checking upload status of application "MyHANAApp-db-deployer"...#
#2026 06 04 18:50:40.600#Z#DEBUG#2f425741-6046-11f1-aadc-eeee0a90472b.OPERATION#flowable-async-job-executor-thread-10700#
[UploadAppStep] Getting package "e8d8a355-86f5-44bb-9444-ca1736861655"...#
#2026 06 04 18:50:40.603#Z#DEBUG#2f425741-6046-11f1-aadc-eeee0a90472b.OPERATION#flowable-async-job-executor-thread-10701#
[UploadAppStep] Executing task "uploadAppTask" of process "3cbfdcf0-6046-11f1-8112-eeee0a96121a"...#
#2026 06 04 18:50:40.604#Z#DEBUG#2f425741-6046-11f1-aadc-eeee0a90472b.OPERATION#flowable-async-job-executor-thread-10701#
[UploadAppStep] Application upload timeout is default one: 3,600 seconds#
#2026 06 04 18:50:40.604#Z#DEBUG#2f425741-6046-11f1-aadc-eeee0a90472b.OPERATION#flowable-async-job-executor-thread-10701#
[UploadAppStep] Checking upload status of application "MyHANAApp-srv"...#
#2026 06 04 18:50:40.605#Z#DEBUG#2f425741-6046-11f1-aadc-eeee0a90472b.OPERATION#flowable-async-job-executor-thread-10701#
[UploadAppStep] Getting package "a22607cb-07fe-47c1-b9c5-ec98dc1c0e2e"...#
#2026 06 04 18:50:40.624#Z#DEBUG#2f425741-6046-11f1-aadc-eeee0a90472b.OPERATION#flowable-async-job-executor-thread-10699#
[UploadAppStep] Application "MyHANAApp" uploaded#
#2026 06 04 18:50:40.625#Z#DEBUG#2f425741-6046-11f1-aadc-eeee0a90472b.OPERATION#flowable-async-job-executor-thread-10699#
Step "Upload App" finished#
#2026 06 04 18:50:40.627#Z#DEBUG#2f425741-6046-11f1-aadc-eeee0a90472b.OPERATION#flowable-async-job-executor-thread-10700#
[UploadAppStep] Application "MyHANAApp-db-deployer" uploaded#
#2026 06 04 18:50:40.628#Z#DEBUG#2f425741-6046-11f1-aadc-eeee0a90472b.OPERATION#flowable-async-job-executor-thread-10700#
Step "Upload App" finished#
#2026 06 04 18:50:40.637#Z#DEBUG#2f425741-6046-11f1-aadc-eeee0a90472b.OPERATION#flowable-async-job-executor-thread-10701#
[UploadAppStep] Application "MyHANAApp-srv" uploaded#
#2026 06 04 18:50:40.638#Z#DEBUG#2f425741-6046-11f1-aadc-eeee0a90472b.OPERATION#flowable-async-job-executor-thread-10701#
Step "Upload App" finished#
#2026 06 04 18:50:40.657#Z#DEBUG#2f425741-6046-11f1-aadc-eeee0a90472b.OPERATION#flowable-async-job-executor-thread-10702#
[ScaleAppStep] Executing task "scaleAppTask" of process "3cb15de5-6046-11f1-8112-eeee0a96121a"...#
#2026 06 04 18:50:40.658#Z#DEBUG#2f425741-6046-11f1-aadc-eeee0a90472b.OPERATION#flowable-async-job-executor-thread-10702#
[ScaleAppStep] Scaling application "MyHANAApp"...#
#2026 06 04 18:50:40.658#Z#DEBUG#2f425741-6046-11f1-aadc-eeee0a90472b.OPERATION#flowable-async-job-executor-thread-10702#
[ScaleAppStep] Application "MyHANAApp" scaled#
#2026 06 04 18:50:40.658#Z#DEBUG#2f425741-6046-11f1-aadc-eeee0a90472b.OPERATION#flowable-async-job-executor-thread-10702#
Step "Scale App" finished#
#2026 06 04 18:50:40.666#Z#DEBUG#2f425741-6046-11f1-aadc-eeee0a90472b.OPERATION#flowable-async-job-executor-thread-10703#
[ScaleAppStep] Executing task "scaleAppTask" of process "3cb99b53-6046-11f1-8112-eeee0a96121a"...#
#2026 06 04 18:50:40.667#Z#DEBUG#2f425741-6046-11f1-aadc-eeee0a90472b.OPERATION#flowable-async-job-executor-thread-10703#
[ScaleAppStep] Scaling application "MyHANAApp-db-deployer"...#
#2026 06 04 18:50:40.667#Z#DEBUG#2f425741-6046-11f1-aadc-eeee0a90472b.OPERATION#flowable-async-job-executor-thread-10703#
[ScaleAppStep] Application "MyHANAApp-db-deployer" scaled#
#2026 06 04 18:50:40.667#Z#DEBUG#2f425741-6046-11f1-aadc-eeee0a90472b.OPERATION#flowable-async-job-executor-thread-10703#
Step "Scale App" finished#
#2026 06 04 18:50:40.672#Z#DEBUG#2f425741-6046-11f1-aadc-eeee0a90472b.OPERATION#flowable-async-job-executor-thread-10704#
[ScaleAppStep] Executing task "scaleAppTask" of process "3cbfdcf0-6046-11f1-8112-eeee0a96121a"...#
#2026 06 04 18:50:40.673#Z#DEBUG#2f425741-6046-11f1-aadc-eeee0a90472b.OPERATION#flowable-async-job-executor-thread-10704#
[ScaleAppStep] Scaling application "MyHANAApp-srv"...#
#2026 06 04 18:50:40.673#Z#DEBUG#2f425741-6046-11f1-aadc-eeee0a90472b.OPERATION#flowable-async-job-executor-thread-10704#
[ScaleAppStep] Application "MyHANAApp-srv" scaled#
#2026 06 04 18:50:40.673#Z#DEBUG#2f425741-6046-11f1-aadc-eeee0a90472b.OPERATION#flowable-async-job-executor-thread-10704#
Step "Scale App" finished#
#2026 06 04 18:50:40.683#Z#DEBUG#2f425741-6046-11f1-aadc-eeee0a90472b.OPERATION#flowable-async-job-executor-thread-10705#
[DetermineDesiredStateAchievingActionsStep] Executing task "determineDesiredStateAchievingActionsTask" of process "3cb15de5-6046-11f1-8112-eeee0a96121a"...#
#2026 06 04 18:50:40.689#Z#DEBUG#2f425741-6046-11f1-aadc-eeee0a90472b.OPERATION#flowable-async-job-executor-thread-10705#
[DetermineDesiredStateAchievingActionsStep] Getting application "MyHANAApp"...#
#2026 06 04 18:50:40.695#Z#DEBUG#2f425741-6046-11f1-aadc-eeee0a90472b.OPERATION#flowable-async-job-executor-thread-10706#
[DetermineDesiredStateAchievingActionsStep] Executing task "determineDesiredStateAchievingActionsTask" of process "3cb99b53-6046-11f1-8112-eeee0a96121a"...#
#2026 06 04 18:50:40.696#Z#DEBUG#2f425741-6046-11f1-aadc-eeee0a90472b.OPERATION#flowable-async-job-executor-thread-10706#
[DetermineDesiredStateAchievingActionsStep] Getting application "MyHANAApp-db-deployer"...#
#2026 06 04 18:50:40.705#Z#DEBUG#2f425741-6046-11f1-aadc-eeee0a90472b.OPERATION#flowable-async-job-executor-thread-10707#
[DetermineDesiredStateAchievingActionsStep] Executing task "determineDesiredStateAchievingActionsTask" of process "3cbfdcf0-6046-11f1-8112-eeee0a96121a"...#
#2026 06 04 18:50:40.706#Z#DEBUG#2f425741-6046-11f1-aadc-eeee0a90472b.OPERATION#flowable-async-job-executor-thread-10707#
[DetermineDesiredStateAchievingActionsStep] Getting application "MyHANAApp-srv"...#
#2026 06 04 18:50:40.743#Z#DEBUG#2f425741-6046-11f1-aadc-eeee0a90472b.OPERATION#flowable-async-job-executor-thread-10706#
[DetermineDesiredStateAchievingActionsStep] Getting instances for application "MyHANAApp-db-deployer"...#
#2026 06 04 18:50:40.743#Z#DEBUG#2f425741-6046-11f1-aadc-eeee0a90472b.OPERATION#flowable-async-job-executor-thread-10706#
[DetermineDesiredStateAchievingActionsStep] Getting environment of application "ab6e6def-2a5d-4374-a5e1-6cd692beac58"...#
#2026 06 04 18:50:40.743#Z#DEBUG#2f425741-6046-11f1-aadc-eeee0a90472b.OPERATION#flowable-async-job-executor-thread-10705#
[DetermineDesiredStateAchievingActionsStep] Getting instances for application "MyHANAApp"...#
#2026 06 04 18:50:40.743#Z#DEBUG#2f425741-6046-11f1-aadc-eeee0a90472b.OPERATION#flowable-async-job-executor-thread-10705#
[DetermineDesiredStateAchievingActionsStep] Getting environment of application "cc4bff5a-9d3c-4f77-af10-cb050dde00c4"...#
#2026 06 04 18:50:40.751#Z#DEBUG#2f425741-6046-11f1-aadc-eeee0a90472b.OPERATION#flowable-async-job-executor-thread-10707#
[DetermineDesiredStateAchievingActionsStep] Getting instances for application "MyHANAApp-srv"...#
#2026 06 04 18:50:40.751#Z#DEBUG#2f425741-6046-11f1-aadc-eeee0a90472b.OPERATION#flowable-async-job-executor-thread-10707#
[DetermineDesiredStateAchievingActionsStep] Getting environment of application "ce0cc505-8bf7-4783-b85c-8208b84081a0"...#
#2026 06 04 18:50:40.781#Z#DEBUG#2f425741-6046-11f1-aadc-eeee0a90472b.OPERATION#flowable-async-job-executor-thread-10706#
[DetermineDesiredStateAchievingActionsStep] Current state of application MyHANAApp-db-deployer: STOPPED#
#2026 06 04 18:50:40.781#Z#DEBUG#2f425741-6046-11f1-aadc-eeee0a90472b.OPERATION#flowable-async-job-executor-thread-10706#
[DetermineDesiredStateAchievingActionsStep] Desired state of application MyHANAApp-db-deployer: STOPPED#
#2026 06 04 18:50:40.781#Z#DEBUG#2f425741-6046-11f1-aadc-eeee0a90472b.OPERATION#flowable-async-job-executor-thread-10706#
[DetermineDesiredStateAchievingActionsStep] Actions that should be executed on application MyHANAApp-db-deployer: [STAGE]#
#2026 06 04 18:50:40.781#Z#DEBUG#2f425741-6046-11f1-aadc-eeee0a90472b.OPERATION#flowable-async-job-executor-thread-10706#
Step "Determine Desired State Achieving Actions" finished#
#2026 06 04 18:50:40.803#Z#DEBUG#2f425741-6046-11f1-aadc-eeee0a90472b.OPERATION#flowable-async-job-executor-thread-10707#
[DetermineDesiredStateAchievingActionsStep] Current state of application MyHANAApp-srv: STOPPED#
#2026 06 04 18:50:40.803#Z#DEBUG#2f425741-6046-11f1-aadc-eeee0a90472b.OPERATION#flowable-async-job-executor-thread-10707#
[DetermineDesiredStateAchievingActionsStep] Desired state of application MyHANAApp-srv: STARTED#
#2026 06 04 18:50:40.803#Z#DEBUG#2f425741-6046-11f1-aadc-eeee0a90472b.OPERATION#flowable-async-job-executor-thread-10707#
[DetermineDesiredStateAchievingActionsStep] Actions that should be executed on application MyHANAApp-srv: [STAGE, START]#
#2026 06 04 18:50:40.803#Z#DEBUG#2f425741-6046-11f1-aadc-eeee0a90472b.OPERATION#flowable-async-job-executor-thread-10707#
Step "Determine Desired State Achieving Actions" finished#
#2026 06 04 18:50:40.805#Z#DEBUG#2f425741-6046-11f1-aadc-eeee0a90472b.OPERATION#flowable-async-job-executor-thread-10705#
[DetermineDesiredStateAchievingActionsStep] Current state of application MyHANAApp: STOPPED#
#2026 06 04 18:50:40.805#Z#DEBUG#2f425741-6046-11f1-aadc-eeee0a90472b.OPERATION#flowable-async-job-executor-thread-10705#
[DetermineDesiredStateAchievingActionsStep] Desired state of application MyHANAApp: STARTED#
#2026 06 04 18:50:40.805#Z#DEBUG#2f425741-6046-11f1-aadc-eeee0a90472b.OPERATION#flowable-async-job-executor-thread-10705#
[DetermineDesiredStateAchievingActionsStep] Actions that should be executed on application MyHANAApp: [STAGE, START]#
#2026 06 04 18:50:40.805#Z#DEBUG#2f425741-6046-11f1-aadc-eeee0a90472b.OPERATION#flowable-async-job-executor-thread-10705#
Step "Determine Desired State Achieving Actions" finished#
#2026 06 04 18:50:40.816#Z#DEBUG#2f425741-6046-11f1-aadc-eeee0a90472b.OPERATION#flowable-async-job-executor-thread-10708#
[StageAppStep] Executing task "stageAppTask" of process "3cb99b53-6046-11f1-8112-eeee0a96121a"...#
#2026 06 04 18:50:40.817#Z#DEBUG#2f425741-6046-11f1-aadc-eeee0a90472b.OPERATION#flowable-async-job-executor-thread-10708#
[StageAppStep] Application stage timeout is default one: 3,600 seconds#
#2026 06 04 18:50:40.818#Z#INFO#2f425741-6046-11f1-aadc-eeee0a90472b.OPERATION#flowable-async-job-executor-thread-10708#
[StageAppStep] Staging application "MyHANAApp-db-deployer"...#
#2026 06 04 18:50:40.828#Z#DEBUG#2f425741-6046-11f1-aadc-eeee0a90472b.OPERATION#flowable-async-job-executor-thread-10708#
[StageAppStep] Creating build for package "e8d8a355-86f5-44bb-9444-ca1736861655"...#
#2026 06 04 18:50:40.836#Z#DEBUG#2f425741-6046-11f1-aadc-eeee0a90472b.OPERATION#flowable-async-job-executor-thread-10709#
[StageAppStep] Executing task "stageAppTask" of process "3cb15de5-6046-11f1-8112-eeee0a96121a"...#
#2026 06 04 18:50:40.837#Z#DEBUG#2f425741-6046-11f1-aadc-eeee0a90472b.OPERATION#flowable-async-job-executor-thread-10709#
[StageAppStep] Application stage timeout is default one: 3,600 seconds#
#2026 06 04 18:50:40.839#Z#INFO#2f425741-6046-11f1-aadc-eeee0a90472b.OPERATION#flowable-async-job-executor-thread-10709#
[StageAppStep] Staging application "MyHANAApp"...#
#2026 06 04 18:50:40.839#Z#DEBUG#2f425741-6046-11f1-aadc-eeee0a90472b.OPERATION#flowable-async-job-executor-thread-10710#
[StageAppStep] Executing task "stageAppTask" of process "3cbfdcf0-6046-11f1-8112-eeee0a96121a"...#
#2026 06 04 18:50:40.841#Z#DEBUG#2f425741-6046-11f1-aadc-eeee0a90472b.OPERATION#flowable-async-job-executor-thread-10710#
[StageAppStep] Application stage timeout is default one: 3,600 seconds#
#2026 06 04 18:50:40.843#Z#INFO#2f425741-6046-11f1-aadc-eeee0a90472b.OPERATION#flowable-async-job-executor-thread-10710#
[StageAppStep] Staging application "MyHANAApp-srv"...#
#2026 06 04 18:50:40.846#Z#DEBUG#2f425741-6046-11f1-aadc-eeee0a90472b.OPERATION#flowable-async-job-executor-thread-10709#
[StageAppStep] Creating build for package "040e3cc8-abaf-4557-9a63-1c6c4b812874"...#
#2026 06 04 18:50:40.849#Z#DEBUG#2f425741-6046-11f1-aadc-eeee0a90472b.OPERATION#flowable-async-job-executor-thread-10710#
[StageAppStep] Creating build for package "a22607cb-07fe-47c1-b9c5-ec98dc1c0e2e"...#
#2026 06 04 18:50:41.271#Z#DEBUG#2f425741-6046-11f1-aadc-eeee0a90472b.OPERATION#flowable-async-job-executor-thread-10710#
Step "Stage App" finished#
#2026 06 04 18:50:41.274#Z#DEBUG#2f425741-6046-11f1-aadc-eeee0a90472b.OPERATION#App upload monitor: a22607cb-07fe-47c1-b9c5-ec98dc1c0e2e#
[UploadAppStep] Upload status: READY#
#2026 06 04 18:50:41.360#Z#DEBUG#2f425741-6046-11f1-aadc-eeee0a90472b.OPERATION#flowable-async-job-executor-thread-10708#
Step "Stage App" finished#
#2026 06 04 18:50:42.498#Z#DEBUG#2f425741-6046-11f1-aadc-eeee0a90472b.OPERATION#flowable-async-job-executor-thread-10709#
Step "Stage App" finished#
#2026 06 04 18:50:50.622#Z#DEBUG#2f425741-6046-11f1-aadc-eeee0a90472b.OPERATION#flowable-async-job-executor-thread-10714#
[StageAppStep] Executing task "stageAppTask" of process "3cb99b53-6046-11f1-8112-eeee0a96121a"...#
#2026 06 04 18:50:50.623#Z#DEBUG#2f425741-6046-11f1-aadc-eeee0a90472b.OPERATION#flowable-async-job-executor-thread-10714#
[StageAppStep] Application stage timeout is default one: 3,600 seconds#
#2026 06 04 18:50:50.624#Z#DEBUG#2f425741-6046-11f1-aadc-eeee0a90472b.OPERATION#flowable-async-job-executor-thread-10714#
[StageAppStep] Checking status of application "MyHANAApp-db-deployer"...#
#2026 06 04 18:50:50.624#Z#DEBUG#2f425741-6046-11f1-aadc-eeee0a90472b.OPERATION#flowable-async-job-executor-thread-10714#
[StageAppStep] Getting build "6d2b02b6-b2c1-4009-aa8d-7ba113b75d84"...#
#2026 06 04 18:50:50.626#Z#DEBUG#2f425741-6046-11f1-aadc-eeee0a90472b.OPERATION#flowable-async-job-executor-thread-10715#
[StageAppStep] Executing task "stageAppTask" of process "3cb15de5-6046-11f1-8112-eeee0a96121a"...#
#2026 06 04 18:50:50.627#Z#DEBUG#2f425741-6046-11f1-aadc-eeee0a90472b.OPERATION#flowable-async-job-executor-thread-10715#
[StageAppStep] Application stage timeout is default one: 3,600 seconds#
#2026 06 04 18:50:50.627#Z#DEBUG#2f425741-6046-11f1-aadc-eeee0a90472b.OPERATION#flowable-async-job-executor-thread-10715#
[StageAppStep] Checking status of application "MyHANAApp"...#
#2026 06 04 18:50:50.627#Z#DEBUG#2f425741-6046-11f1-aadc-eeee0a90472b.OPERATION#flowable-async-job-executor-thread-10715#
[StageAppStep] Getting build "3c23fd92-32e7-41d8-bc32-c2f6f99a3572"...#
#2026 06 04 18:50:50.637#Z#DEBUG#2f425741-6046-11f1-aadc-eeee0a90472b.OPERATION#flowable-async-job-executor-thread-10716#
[StageAppStep] Executing task "stageAppTask" of process "3cbfdcf0-6046-11f1-8112-eeee0a96121a"...#
#2026 06 04 18:50:50.639#Z#DEBUG#2f425741-6046-11f1-aadc-eeee0a90472b.OPERATION#flowable-async-job-executor-thread-10716#
[StageAppStep] Application stage timeout is default one: 3,600 seconds#
#2026 06 04 18:50:50.639#Z#DEBUG#2f425741-6046-11f1-aadc-eeee0a90472b.OPERATION#flowable-async-job-executor-thread-10716#
[StageAppStep] Checking status of application "MyHANAApp-srv"...#
#2026 06 04 18:50:50.639#Z#DEBUG#2f425741-6046-11f1-aadc-eeee0a90472b.OPERATION#flowable-async-job-executor-thread-10716#
[StageAppStep] Getting build "ff3007a2-7ff7-481c-bb38-a873ca2d41ad"...#
#2026 06 04 18:50:50.668#Z#DEBUG#2f425741-6046-11f1-aadc-eeee0a90472b.OPERATION#flowable-async-job-executor-thread-10714#
[StageAppStep] Staging status of application "MyHANAApp-db-deployer": PENDING#
#2026 06 04 18:50:50.669#Z#DEBUG#2f425741-6046-11f1-aadc-eeee0a90472b.OPERATION#flowable-async-job-executor-thread-10714#
[StageAppStep] Getting application guid "MyHANAApp-db-deployer"...#
#2026 06 04 18:50:50.673#Z#DEBUG#2f425741-6046-11f1-aadc-eeee0a90472b.OPERATION#flowable-async-job-executor-thread-10716#
[StageAppStep] Staging status of application "MyHANAApp-srv": PENDING#
#2026 06 04 18:50:50.675#Z#DEBUG#2f425741-6046-11f1-aadc-eeee0a90472b.OPERATION#flowable-async-job-executor-thread-10716#
[StageAppStep] Getting application guid "MyHANAApp-srv"...#
#2026 06 04 18:50:50.677#Z#DEBUG#2f425741-6046-11f1-aadc-eeee0a90472b.OPERATION#flowable-async-job-executor-thread-10715#
[StageAppStep] Staging status of application "MyHANAApp": PENDING#
#2026 06 04 18:50:50.678#Z#DEBUG#2f425741-6046-11f1-aadc-eeee0a90472b.OPERATION#flowable-async-job-executor-thread-10715#
[StageAppStep] Getting application guid "MyHANAApp"...#
#2026 06 04 18:50:50.777#Z#DEBUG#2f425741-6046-11f1-aadc-eeee0a90472b.OPERATION#flowable-async-job-executor-thread-10714#
Step "Stage App" finished#
#2026 06 04 18:50:50.803#Z#DEBUG#2f425741-6046-11f1-aadc-eeee0a90472b.OPERATION#flowable-async-job-executor-thread-10716#
Step "Stage App" finished#
#2026 06 04 18:50:50.813#Z#DEBUG#2f425741-6046-11f1-aadc-eeee0a90472b.OPERATION#flowable-async-job-executor-thread-10715#
Step "Stage App" finished#
#2026 06 04 18:51:00.819#Z#DEBUG#2f425741-6046-11f1-aadc-eeee0a90472b.OPERATION#flowable-async-job-executor-thread-10722#
Step "Stage App" finished#
#2026 06 04 18:51:00.642#Z#DEBUG#2f425741-6046-11f1-aadc-eeee0a90472b.OPERATION#flowable-async-job-executor-thread-10720#
[StageAppStep] Executing task "stageAppTask" of process "3cb99b53-6046-11f1-8112-eeee0a96121a"...#
#2026 06 04 18:51:00.644#Z#DEBUG#2f425741-6046-11f1-aadc-eeee0a90472b.OPERATION#flowable-async-job-executor-thread-10720#
[StageAppStep] Application stage timeout is default one: 3,600 seconds#
#2026 06 04 18:51:00.644#Z#DEBUG#2f425741-6046-11f1-aadc-eeee0a90472b.OPERATION#flowable-async-job-executor-thread-10720#
[StageAppStep] Checking status of application "MyHANAApp-db-deployer"...#
#2026 06 04 18:51:00.644#Z#DEBUG#2f425741-6046-11f1-aadc-eeee0a90472b.OPERATION#flowable-async-job-executor-thread-10720#
[StageAppStep] Getting build "6d2b02b6-b2c1-4009-aa8d-7ba113b75d84"...#
#2026 06 04 18:51:00.651#Z#DEBUG#2f425741-6046-11f1-aadc-eeee0a90472b.OPERATION#flowable-async-job-executor-thread-10721#
[StageAppStep] Executing task "stageAppTask" of process "3cb15de5-6046-11f1-8112-eeee0a96121a"...#
#2026 06 04 18:51:00.652#Z#DEBUG#2f425741-6046-11f1-aadc-eeee0a90472b.OPERATION#flowable-async-job-executor-thread-10721#
[StageAppStep] Application stage timeout is default one: 3,600 seconds#
#2026 06 04 18:51:00.653#Z#DEBUG#2f425741-6046-11f1-aadc-eeee0a90472b.OPERATION#flowable-async-job-executor-thread-10721#
[StageAppStep] Checking status of application "MyHANAApp"...#
#2026 06 04 18:51:00.653#Z#DEBUG#2f425741-6046-11f1-aadc-eeee0a90472b.OPERATION#flowable-async-job-executor-thread-10721#
[StageAppStep] Getting build "3c23fd92-32e7-41d8-bc32-c2f6f99a3572"...#
#2026 06 04 18:51:00.656#Z#DEBUG#2f425741-6046-11f1-aadc-eeee0a90472b.OPERATION#flowable-async-job-executor-thread-10722#
[StageAppStep] Executing task "stageAppTask" of process "3cbfdcf0-6046-11f1-8112-eeee0a96121a"...#
#2026 06 04 18:51:00.658#Z#DEBUG#2f425741-6046-11f1-aadc-eeee0a90472b.OPERATION#flowable-async-job-executor-thread-10722#
[StageAppStep] Application stage timeout is default one: 3,600 seconds#
#2026 06 04 18:51:00.659#Z#DEBUG#2f425741-6046-11f1-aadc-eeee0a90472b.OPERATION#flowable-async-job-executor-thread-10722#
[StageAppStep] Checking status of application "MyHANAApp-srv"...#
#2026 06 04 18:51:00.659#Z#DEBUG#2f425741-6046-11f1-aadc-eeee0a90472b.OPERATION#flowable-async-job-executor-thread-10722#
[StageAppStep] Getting build "ff3007a2-7ff7-481c-bb38-a873ca2d41ad"...#
#2026 06 04 18:51:00.688#Z#DEBUG#2f425741-6046-11f1-aadc-eeee0a90472b.OPERATION#flowable-async-job-executor-thread-10720#
[StageAppStep] Staging status of application "MyHANAApp-db-deployer": PENDING#
#2026 06 04 18:51:00.689#Z#DEBUG#2f425741-6046-11f1-aadc-eeee0a90472b.OPERATION#flowable-async-job-executor-thread-10720#
[StageAppStep] Getting application guid "MyHANAApp-db-deployer"...#
#2026 06 04 18:51:00.691#Z#DEBUG#2f425741-6046-11f1-aadc-eeee0a90472b.OPERATION#flowable-async-job-executor-thread-10721#
[StageAppStep] Staging status of application "MyHANAApp": PENDING#
#2026 06 04 18:51:00.692#Z#DEBUG#2f425741-6046-11f1-aadc-eeee0a90472b.OPERATION#flowable-async-job-executor-thread-10721#
[StageAppStep] Getting application guid "MyHANAApp"...#
#2026 06 04 18:51:00.702#Z#DEBUG#2f425741-6046-11f1-aadc-eeee0a90472b.OPERATION#flowable-async-job-executor-thread-10722#
[StageAppStep] Staging status of application "MyHANAApp-srv": PENDING#
#2026 06 04 18:51:00.703#Z#DEBUG#2f425741-6046-11f1-aadc-eeee0a90472b.OPERATION#flowable-async-job-executor-thread-10722#
[StageAppStep] Getting application guid "MyHANAApp-srv"...#
#2026 06 04 18:51:00.819#Z#DEBUG#2f425741-6046-11f1-aadc-eeee0a90472b.OPERATION#flowable-async-job-executor-thread-10721#
Step "Stage App" finished#
#2026 06 04 18:51:00.824#Z#DEBUG#2f425741-6046-11f1-aadc-eeee0a90472b.OPERATION#flowable-async-job-executor-thread-10720#
Step "Stage App" finished#
#2026 06 04 18:51:10.677#Z#DEBUG#2f425741-6046-11f1-aadc-eeee0a90472b.OPERATION#flowable-async-job-executor-thread-10725#
[StageAppStep] Executing task "stageAppTask" of process "3cb99b53-6046-11f1-8112-eeee0a96121a"...#
#2026 06 04 18:51:10.681#Z#DEBUG#2f425741-6046-11f1-aadc-eeee0a90472b.OPERATION#flowable-async-job-executor-thread-10725#
[StageAppStep] Application stage timeout is default one: 3,600 seconds#
#2026 06 04 18:51:10.682#Z#DEBUG#2f425741-6046-11f1-aadc-eeee0a90472b.OPERATION#flowable-async-job-executor-thread-10725#
[StageAppStep] Checking status of application "MyHANAApp-db-deployer"...#
#2026 06 04 18:51:10.682#Z#DEBUG#2f425741-6046-11f1-aadc-eeee0a90472b.OPERATION#flowable-async-job-executor-thread-10725#
[StageAppStep] Getting build "6d2b02b6-b2c1-4009-aa8d-7ba113b75d84"...#
#2026 06 04 18:51:10.687#Z#DEBUG#2f425741-6046-11f1-aadc-eeee0a90472b.OPERATION#flowable-async-job-executor-thread-10726#
[StageAppStep] Executing task "stageAppTask" of process "3cb15de5-6046-11f1-8112-eeee0a96121a"...#
#2026 06 04 18:51:10.688#Z#DEBUG#2f425741-6046-11f1-aadc-eeee0a90472b.OPERATION#flowable-async-job-executor-thread-10726#
[StageAppStep] Application stage timeout is default one: 3,600 seconds#
#2026 06 04 18:51:10.689#Z#DEBUG#2f425741-6046-11f1-aadc-eeee0a90472b.OPERATION#flowable-async-job-executor-thread-10726#
[StageAppStep] Checking status of application "MyHANAApp"...#
#2026 06 04 18:51:10.689#Z#DEBUG#2f425741-6046-11f1-aadc-eeee0a90472b.OPERATION#flowable-async-job-executor-thread-10726#
[StageAppStep] Getting build "3c23fd92-32e7-41d8-bc32-c2f6f99a3572"...#
#2026 06 04 18:51:10.712#Z#DEBUG#2f425741-6046-11f1-aadc-eeee0a90472b.OPERATION#flowable-async-job-executor-thread-10725#
[StageAppStep] Staging status of application "MyHANAApp-db-deployer": STAGED#
#2026 06 04 18:51:10.713#Z#DEBUG#2f425741-6046-11f1-aadc-eeee0a90472b.OPERATION#flowable-async-job-executor-thread-10725#
[StageAppStep] Getting application guid "MyHANAApp-db-deployer"...#
#2026 06 04 18:51:10.776#Z#DEBUG#2f425741-6046-11f1-aadc-eeee0a90472b.OPERATION#flowable-async-job-executor-thread-10726#
[StageAppStep] Staging status of application "MyHANAApp": PENDING#
#2026 06 04 18:51:10.777#Z#DEBUG#2f425741-6046-11f1-aadc-eeee0a90472b.OPERATION#flowable-async-job-executor-thread-10726#
[StageAppStep] Getting application guid "MyHANAApp"...#
#2026 06 04 18:51:10.833#Z#DEBUG#2f425741-6046-11f1-aadc-eeee0a90472b.OPERATION#flowable-async-job-executor-thread-10725#
[StageAppStep] Getting build "6d2b02b6-b2c1-4009-aa8d-7ba113b75d84"...#
#2026 06 04 18:51:10.866#Z#DEBUG#2f425741-6046-11f1-aadc-eeee0a90472b.OPERATION#flowable-async-job-executor-thread-10725#
[StageAppStep] Binding droplet "f2024f4b-076b-4099-8118-0242a9bd7745" to application "ab6e6def-2a5d-4374-a5e1-6cd692beac58"...#
#2026 06 04 18:51:10.885#Z#DEBUG#2f425741-6046-11f1-aadc-eeee0a90472b.OPERATION#flowable-async-job-executor-thread-10726#
Step "Stage App" finished#
#2026 06 04 18:51:10.920#Z#INFO#2f425741-6046-11f1-aadc-eeee0a90472b.OPERATION#flowable-async-job-executor-thread-10725#
[StageAppStep] Application "MyHANAApp-db-deployer" staged#
#2026 06 04 18:51:10.933#Z#DEBUG#2f425741-6046-11f1-aadc-eeee0a90472b.OPERATION#flowable-async-job-executor-thread-10725#
Step "Stage App" finished#
#2026 06 04 18:51:10.696#Z#DEBUG#2f425741-6046-11f1-aadc-eeee0a90472b.OPERATION#flowable-async-job-executor-thread-9447#
[StageAppStep] Executing task "stageAppTask" of process "3cbfdcf0-6046-11f1-8112-eeee0a96121a"...#
#2026 06 04 18:51:10.698#Z#DEBUG#2f425741-6046-11f1-aadc-eeee0a90472b.OPERATION#flowable-async-job-executor-thread-9447#
[StageAppStep] Application stage timeout is default one: 3,600 seconds#
#2026 06 04 18:51:10.698#Z#DEBUG#2f425741-6046-11f1-aadc-eeee0a90472b.OPERATION#flowable-async-job-executor-thread-9447#
[StageAppStep] Checking status of application "MyHANAApp-srv"...#
#2026 06 04 18:51:10.698#Z#DEBUG#2f425741-6046-11f1-aadc-eeee0a90472b.OPERATION#flowable-async-job-executor-thread-9447#
[StageAppStep] Getting build "ff3007a2-7ff7-481c-bb38-a873ca2d41ad"...#
#2026 06 04 18:51:10.743#Z#DEBUG#2f425741-6046-11f1-aadc-eeee0a90472b.OPERATION#flowable-async-job-executor-thread-9447#
[StageAppStep] Staging status of application "MyHANAApp-srv": STAGED#
#2026 06 04 18:51:10.744#Z#DEBUG#2f425741-6046-11f1-aadc-eeee0a90472b.OPERATION#flowable-async-job-executor-thread-9447#
[StageAppStep] Getting application guid "MyHANAApp-srv"...#
#2026 06 04 18:51:10.867#Z#DEBUG#2f425741-6046-11f1-aadc-eeee0a90472b.OPERATION#flowable-async-job-executor-thread-9447#
[StageAppStep] Getting build "ff3007a2-7ff7-481c-bb38-a873ca2d41ad"...#
#2026 06 04 18:51:10.918#Z#DEBUG#2f425741-6046-11f1-aadc-eeee0a90472b.OPERATION#flowable-async-job-executor-thread-9447#
[StageAppStep] Binding droplet "5f0a2fb2-4e1b-43b0-89f9-133a7435a894" to application "ce0cc505-8bf7-4783-b85c-8208b84081a0"...#
#2026 06 04 18:51:10.999#Z#INFO#2f425741-6046-11f1-aadc-eeee0a90472b.OPERATION#flowable-async-job-executor-thread-9447#
[StageAppStep] Application "MyHANAApp-srv" staged#
#2026 06 04 18:51:11.006#Z#DEBUG#2f425741-6046-11f1-aadc-eeee0a90472b.OPERATION#flowable-async-job-executor-thread-9447#
Step "Stage App" finished#
#2026 06 04 18:51:11.013#Z#DEBUG#2f425741-6046-11f1-aadc-eeee0a90472b.OPERATION#flowable-async-job-executor-thread-10728#
[PrepareToExecuteTasksStep] Executing task "prepareToExecuteTasksTask" of process "5aa13f52-6046-11f1-8112-eeee0a96121a"...#
#2026 06 04 18:51:11.014#Z#DEBUG#2f425741-6046-11f1-aadc-eeee0a90472b.OPERATION#flowable-async-job-executor-thread-10728#
Step "Prepare To Execute Tasks" finished#
#2026 06 04 18:51:11.054#Z#DEBUG#2f425741-6046-11f1-aadc-eeee0a90472b.OPERATION#flowable-async-job-executor-thread-10729#
[ExecuteTaskStep] Executing task "executeTaskTask" of process "5aa13f52-6046-11f1-8112-eeee0a96121a"...#
#2026 06 04 18:51:11.055#Z#DEBUG#2f425741-6046-11f1-aadc-eeee0a90472b.OPERATION#flowable-async-job-executor-thread-10729#
[ExecuteTaskStep] Application task execution timeout is default one: 43,200 seconds#
#2026 06 04 18:51:11.056#Z#INFO#2f425741-6046-11f1-aadc-eeee0a90472b.OPERATION#flowable-async-job-executor-thread-10729#
[ExecuteTaskStep] Executing task "deploy" on application "MyHANAApp-db-deployer"...#
#2026 06 04 18:51:11.064#Z#DEBUG#2f425741-6046-11f1-aadc-eeee0a90472b.OPERATION#flowable-async-job-executor-thread-10729#
[ExecuteTaskStep] Running task on application "MyHANAApp-db-deployer": {
  "name" : "deploy",
  "command" : "npm start",
  "limits" : {
    "memory" : 256
  }
}#
#2026 06 04 18:51:11.352#Z#DEBUG#2f425741-6046-11f1-aadc-eeee0a90472b.OPERATION#flowable-async-job-executor-thread-10729#
Step "Execute Task" finished#
#2026 06 04 18:51:11.052#Z#DEBUG#2f425741-6046-11f1-aadc-eeee0a90472b.OPERATION#flowable-async-job-executor-thread-9448#
[RestartAppStep] Executing task "startAppTask" of process "3cbfdcf0-6046-11f1-8112-eeee0a96121a"...#
#2026 06 04 18:51:11.055#Z#DEBUG#2f425741-6046-11f1-aadc-eeee0a90472b.OPERATION#flowable-async-job-executor-thread-9448#
[RestartAppStep] Application start timeout is default one: 3,600 seconds#
#2026 06 04 18:51:11.056#Z#DEBUG#2f425741-6046-11f1-aadc-eeee0a90472b.OPERATION#flowable-async-job-executor-thread-9448#
[RestartAppStep] Getting application "MyHANAApp-srv"...#
#2026 06 04 18:51:11.102#Z#INFO#2f425741-6046-11f1-aadc-eeee0a90472b.OPERATION#flowable-async-job-executor-thread-9448#
[RestartAppStep] Starting application "MyHANAApp-srv"...#
#2026 06 04 18:51:11.110#Z#DEBUG#2f425741-6046-11f1-aadc-eeee0a90472b.OPERATION#flowable-async-job-executor-thread-9448#
[RestartAppStep] Starting application "MyHANAApp-srv"...#
#2026 06 04 18:51:11.419#Z#DEBUG#2f425741-6046-11f1-aadc-eeee0a90472b.OPERATION#flowable-async-job-executor-thread-9448#
Step "Start App" finished#
#2026 06 04 18:51:20.711#Z#DEBUG#2f425741-6046-11f1-aadc-eeee0a90472b.OPERATION#flowable-async-job-executor-thread-9452#
[StageAppStep] Executing task "stageAppTask" of process "3cb15de5-6046-11f1-8112-eeee0a96121a"...#
#2026 06 04 18:51:20.713#Z#DEBUG#2f425741-6046-11f1-aadc-eeee0a90472b.OPERATION#flowable-async-job-executor-thread-9452#
[StageAppStep] Application stage timeout is default one: 3,600 seconds#
#2026 06 04 18:51:20.714#Z#DEBUG#2f425741-6046-11f1-aadc-eeee0a90472b.OPERATION#flowable-async-job-executor-thread-9452#
[StageAppStep] Checking status of application "MyHANAApp"...#
#2026 06 04 18:51:20.714#Z#DEBUG#2f425741-6046-11f1-aadc-eeee0a90472b.OPERATION#flowable-async-job-executor-thread-9452#
[StageAppStep] Getting build "3c23fd92-32e7-41d8-bc32-c2f6f99a3572"...#
#2026 06 04 18:51:20.746#Z#DEBUG#2f425741-6046-11f1-aadc-eeee0a90472b.OPERATION#flowable-async-job-executor-thread-9452#
[StageAppStep] Staging status of application "MyHANAApp": PENDING#
#2026 06 04 18:51:20.748#Z#DEBUG#2f425741-6046-11f1-aadc-eeee0a90472b.OPERATION#flowable-async-job-executor-thread-9452#
[StageAppStep] Getting application guid "MyHANAApp"...#
#2026 06 04 18:51:20.835#Z#DEBUG#2f425741-6046-11f1-aadc-eeee0a90472b.OPERATION#flowable-async-job-executor-thread-9452#
Step "Stage App" finished#
#2026 06 04 18:51:20.718#Z#DEBUG#2f425741-6046-11f1-aadc-eeee0a90472b.OPERATION#flowable-async-job-executor-thread-9453#
[ExecuteTaskStep] Executing task "executeTaskTask" of process "5aa13f52-6046-11f1-8112-eeee0a96121a"...#
#2026 06 04 18:51:20.720#Z#DEBUG#2f425741-6046-11f1-aadc-eeee0a90472b.OPERATION#flowable-async-job-executor-thread-9453#
[ExecuteTaskStep] Application task execution timeout is default one: 43,200 seconds#
#2026 06 04 18:51:20.721#Z#DEBUG#2f425741-6046-11f1-aadc-eeee0a90472b.OPERATION#flowable-async-job-executor-thread-9453#
[ExecuteTaskStep] Getting task "cea05479-aaa5-4efc-8e08-c682a14f61da"...#
#2026 06 04 18:51:20.756#Z#DEBUG#2f425741-6046-11f1-aadc-eeee0a90472b.OPERATION#flowable-async-job-executor-thread-9453#
[ExecuteTaskStep] Task execution status: succeeded#
#2026 06 04 18:51:20.757#Z#DEBUG#2f425741-6046-11f1-aadc-eeee0a90472b.OPERATION#flowable-async-job-executor-thread-9453#
[ExecuteTaskStep] Getting application guid "MyHANAApp-db-deployer"...#
#2026 06 04 18:51:20.880#Z#DEBUG#2f425741-6046-11f1-aadc-eeee0a90472b.OPERATION#flowable-async-job-executor-thread-9453#
Step "Execute Task" finished#
#2026 06 04 18:51:20.919#Z#DEBUG#2f425741-6046-11f1-aadc-eeee0a90472b.OPERATION#flowable-async-job-executor-thread-9455#
[IncrementIndexStep] Executing task "incrementTaskIndexTask" of process "5aa13f52-6046-11f1-8112-eeee0a96121a"...#
#2026 06 04 18:51:20.920#Z#DEBUG#2f425741-6046-11f1-aadc-eeee0a90472b.OPERATION#flowable-async-job-executor-thread-9455#
Step "Increment Task Index" finished#
#2026 06 04 18:51:20.992#Z#DEBUG#2f425741-6046-11f1-aadc-eeee0a90472b.OPERATION#flowable-async-job-executor-thread-9456#
[PublishConfigurationEntriesStep] Executing task "publishProvidedDependenciesTask" of process "3cb99b53-6046-11f1-8112-eeee0a96121a"...#
#2026 06 04 18:51:20.993#Z#DEBUG#2f425741-6046-11f1-aadc-eeee0a90472b.OPERATION#flowable-async-job-executor-thread-9456#
[PublishConfigurationEntriesStep] Publishing public provided dependencies for application "MyHANAApp-db-deployer"...#
#2026 06 04 18:51:20.994#Z#DEBUG#2f425741-6046-11f1-aadc-eeee0a90472b.OPERATION#flowable-async-job-executor-thread-9456#
[PublishConfigurationEntriesStep] No public provided dependencies for publishing#
#2026 06 04 18:51:20.994#Z#DEBUG#2f425741-6046-11f1-aadc-eeee0a90472b.OPERATION#flowable-async-job-executor-thread-9456#
Step "Publish Provided Dependencies" finished#
#2026 06 04 18:51:20.729#Z#DEBUG#2f425741-6046-11f1-aadc-eeee0a90472b.OPERATION#flowable-async-job-executor-thread-9454#
[RestartAppStep] Executing task "startAppTask" of process "5ae65e10-6046-11f1-aadc-eeee0a90472b"...#
#2026 06 04 18:51:20.732#Z#DEBUG#2f425741-6046-11f1-aadc-eeee0a90472b.OPERATION#flowable-async-job-executor-thread-9454#
[RestartAppStep] Application start timeout is default one: 3,600 seconds#
#2026 06 04 18:51:20.733#Z#DEBUG#2f425741-6046-11f1-aadc-eeee0a90472b.OPERATION#flowable-async-job-executor-thread-9454#
[RestartAppStep] Checking status of application "MyHANAApp-srv"...#
#2026 06 04 18:51:20.733#Z#DEBUG#2f425741-6046-11f1-aadc-eeee0a90472b.OPERATION#flowable-async-job-executor-thread-9454#
[RestartAppStep] Getting application "MyHANAApp-srv"...#
#2026 06 04 18:51:20.776#Z#DEBUG#2f425741-6046-11f1-aadc-eeee0a90472b.OPERATION#flowable-async-job-executor-thread-9454#
[RestartAppStep] Getting instances for application "MyHANAApp-srv"...#
#2026 06 04 18:51:20.858#Z#DEBUG#2f425741-6046-11f1-aadc-eeee0a90472b.OPERATION#flowable-async-job-executor-thread-9454#
[RestartAppStep] Application "MyHANAApp-srv": 1 of 1 instances running (1 running)#
#2026 06 04 18:51:20.936#Z#DEBUG#2f425741-6046-11f1-aadc-eeee0a90472b.OPERATION#flowable-async-job-executor-thread-9454#
[RestartAppStep] Getting routes for application "ce0cc505-8bf7-4783-b85c-8208b84081a0"...#
#2026 06 04 18:51:20.999#Z#INFO#2f425741-6046-11f1-aadc-eeee0a90472b.OPERATION#flowable-async-job-executor-thread-9454#
[RestartAppStep] Application "MyHANAApp-srv" started and available at "coe-emea-hana-platform-d054555-coe-emea-hana-ti-cloud-m7c222000.cfapps.eu20.hana.ondemand.com"#
#2026 06 04 18:51:21.016#Z#DEBUG#2f425741-6046-11f1-aadc-eeee0a90472b.OPERATION#flowable-async-job-executor-thread-9454#
Step "Start App" finished#
#2026 06 04 18:51:21.039#Z#DEBUG#2f425741-6046-11f1-aadc-eeee0a90472b.OPERATION#flowable-async-job-executor-thread-9457#
[CreateOrUpdateServiceBrokerStep] Executing task "createOrUpdateServiceBrokerTask" of process "3cb99b53-6046-11f1-8112-eeee0a96121a"...#
#2026 06 04 18:51:21.040#Z#DEBUG#2f425741-6046-11f1-aadc-eeee0a90472b.OPERATION#flowable-async-job-executor-thread-9457#
[CreateOrUpdateServiceBrokerStep] Creating service brokers...#
#2026 06 04 18:51:21.040#Z#DEBUG#2f425741-6046-11f1-aadc-eeee0a90472b.OPERATION#flowable-async-job-executor-thread-9457#
Step "Create Or Update Service Broker " finished#
#2026 06 04 18:51:30.756#Z#DEBUG#2f425741-6046-11f1-aadc-eeee0a90472b.OPERATION#flowable-async-job-executor-thread-9462#
[RestartAppStep] Executing task "startAppTask" of process "609ee827-6046-11f1-aadc-eeee0a90472b"...#
#2026 06 04 18:51:30.758#Z#DEBUG#2f425741-6046-11f1-aadc-eeee0a90472b.OPERATION#flowable-async-job-executor-thread-9462#
[RestartAppStep] Application start timeout is default one: 3,600 seconds#
#2026 06 04 18:51:30.759#Z#DEBUG#2f425741-6046-11f1-aadc-eeee0a90472b.OPERATION#flowable-async-job-executor-thread-9462#
Step "Start App" finished#
#2026 06 04 18:51:30.873#Z#DEBUG#2f425741-6046-11f1-aadc-eeee0a90472b.OPERATION#flowable-async-job-executor-thread-9464#
[PrepareToExecuteTasksStep] Executing task "prepareToExecuteTasksTask" of process "66769303-6046-11f1-aadc-eeee0a90472b"...#
#2026 06 04 18:51:30.874#Z#DEBUG#2f425741-6046-11f1-aadc-eeee0a90472b.OPERATION#flowable-async-job-executor-thread-9464#
Step "Prepare To Execute Tasks" finished#
#2026 06 04 18:51:30.940#Z#DEBUG#2f425741-6046-11f1-aadc-eeee0a90472b.OPERATION#flowable-async-job-executor-thread-9465#
[PublishConfigurationEntriesStep] Executing task "publishProvidedDependenciesTask" of process "666d6b20-6046-11f1-aadc-eeee0a90472b"...#
#2026 06 04 18:51:30.941#Z#DEBUG#2f425741-6046-11f1-aadc-eeee0a90472b.OPERATION#flowable-async-job-executor-thread-9465#
[PublishConfigurationEntriesStep] Publishing public provided dependencies for application "MyHANAApp-srv"...#
#2026 06 04 18:51:30.941#Z#DEBUG#2f425741-6046-11f1-aadc-eeee0a90472b.OPERATION#flowable-async-job-executor-thread-9465#
[PublishConfigurationEntriesStep] No public provided dependencies for publishing#
#2026 06 04 18:51:30.941#Z#DEBUG#2f425741-6046-11f1-aadc-eeee0a90472b.OPERATION#flowable-async-job-executor-thread-9465#
Step "Publish Provided Dependencies" finished#
#2026 06 04 18:51:30.975#Z#DEBUG#2f425741-6046-11f1-aadc-eeee0a90472b.OPERATION#flowable-async-job-executor-thread-9466#
[CreateOrUpdateServiceBrokerStep] Executing task "createOrUpdateServiceBrokerTask" of process "666d6b20-6046-11f1-aadc-eeee0a90472b"...#
#2026 06 04 18:51:30.976#Z#DEBUG#2f425741-6046-11f1-aadc-eeee0a90472b.OPERATION#flowable-async-job-executor-thread-9466#
[CreateOrUpdateServiceBrokerStep] Creating service brokers...#
#2026 06 04 18:51:30.977#Z#DEBUG#2f425741-6046-11f1-aadc-eeee0a90472b.OPERATION#flowable-async-job-executor-thread-9466#
Step "Create Or Update Service Broker " finished#
#2026 06 04 18:51:30.735#Z#DEBUG#2f425741-6046-11f1-aadc-eeee0a90472b.OPERATION#flowable-async-job-executor-thread-9461#
[StageAppStep] Executing task "stageAppTask" of process "3cb15de5-6046-11f1-8112-eeee0a96121a"...#
#2026 06 04 18:51:30.736#Z#DEBUG#2f425741-6046-11f1-aadc-eeee0a90472b.OPERATION#flowable-async-job-executor-thread-9461#
[StageAppStep] Application stage timeout is default one: 3,600 seconds#
#2026 06 04 18:51:30.737#Z#DEBUG#2f425741-6046-11f1-aadc-eeee0a90472b.OPERATION#flowable-async-job-executor-thread-9461#
[StageAppStep] Checking status of application "MyHANAApp"...#
#2026 06 04 18:51:30.737#Z#DEBUG#2f425741-6046-11f1-aadc-eeee0a90472b.OPERATION#flowable-async-job-executor-thread-9461#
[StageAppStep] Getting build "3c23fd92-32e7-41d8-bc32-c2f6f99a3572"...#
#2026 06 04 18:51:30.783#Z#DEBUG#2f425741-6046-11f1-aadc-eeee0a90472b.OPERATION#flowable-async-job-executor-thread-9461#
[StageAppStep] Staging status of application "MyHANAApp": STAGED#
#2026 06 04 18:51:30.784#Z#DEBUG#2f425741-6046-11f1-aadc-eeee0a90472b.OPERATION#flowable-async-job-executor-thread-9461#
[StageAppStep] Getting application guid "MyHANAApp"...#
#2026 06 04 18:51:30.908#Z#DEBUG#2f425741-6046-11f1-aadc-eeee0a90472b.OPERATION#flowable-async-job-executor-thread-9461#
[StageAppStep] Getting build "3c23fd92-32e7-41d8-bc32-c2f6f99a3572"...#
#2026 06 04 18:51:30.937#Z#DEBUG#2f425741-6046-11f1-aadc-eeee0a90472b.OPERATION#flowable-async-job-executor-thread-9461#
[StageAppStep] Binding droplet "40f7fe30-db9f-4eef-812c-11016cef70b0" to application "cc4bff5a-9d3c-4f77-af10-cb050dde00c4"...#
#2026 06 04 18:51:31.015#Z#INFO#2f425741-6046-11f1-aadc-eeee0a90472b.OPERATION#flowable-async-job-executor-thread-9461#
[StageAppStep] Application "MyHANAApp" staged#
#2026 06 04 18:51:31.025#Z#DEBUG#2f425741-6046-11f1-aadc-eeee0a90472b.OPERATION#flowable-async-job-executor-thread-9461#
Step "Stage App" finished#
#2026 06 04 18:51:31.074#Z#DEBUG#2f425741-6046-11f1-aadc-eeee0a90472b.OPERATION#flowable-async-job-executor-thread-9468#
[RestartAppStep] Executing task "startAppTask" of process "3cb15de5-6046-11f1-8112-eeee0a96121a"...#
#2026 06 04 18:51:31.076#Z#DEBUG#2f425741-6046-11f1-aadc-eeee0a90472b.OPERATION#flowable-async-job-executor-thread-9468#
[RestartAppStep] Application start timeout is default one: 3,600 seconds#
#2026 06 04 18:51:31.078#Z#DEBUG#2f425741-6046-11f1-aadc-eeee0a90472b.OPERATION#flowable-async-job-executor-thread-9468#
[RestartAppStep] Getting application "MyHANAApp"...#
#2026 06 04 18:51:31.134#Z#INFO#2f425741-6046-11f1-aadc-eeee0a90472b.OPERATION#flowable-async-job-executor-thread-9468#
[RestartAppStep] Starting application "MyHANAApp"...#
#2026 06 04 18:51:31.141#Z#DEBUG#2f425741-6046-11f1-aadc-eeee0a90472b.OPERATION#flowable-async-job-executor-thread-9468#
[RestartAppStep] Starting application "MyHANAApp"...#
#2026 06 04 18:51:31.576#Z#DEBUG#2f425741-6046-11f1-aadc-eeee0a90472b.OPERATION#flowable-async-job-executor-thread-9468#
Step "Start App" finished#
#2026 06 04 18:51:40.750#Z#DEBUG#2f425741-6046-11f1-aadc-eeee0a90472b.OPERATION#flowable-async-job-executor-thread-9475#
[RestartAppStep] Executing task "startAppTask" of process "66ea14c1-6046-11f1-aadc-eeee0a90472b"...#
#2026 06 04 18:51:40.752#Z#DEBUG#2f425741-6046-11f1-aadc-eeee0a90472b.OPERATION#flowable-async-job-executor-thread-9475#
[RestartAppStep] Application start timeout is default one: 3,600 seconds#
#2026 06 04 18:51:40.753#Z#DEBUG#2f425741-6046-11f1-aadc-eeee0a90472b.OPERATION#flowable-async-job-executor-thread-9475#
[RestartAppStep] Checking status of application "MyHANAApp"...#
#2026 06 04 18:51:40.753#Z#DEBUG#2f425741-6046-11f1-aadc-eeee0a90472b.OPERATION#flowable-async-job-executor-thread-9475#
[RestartAppStep] Getting application "MyHANAApp"...#
#2026 06 04 18:51:40.797#Z#DEBUG#2f425741-6046-11f1-aadc-eeee0a90472b.OPERATION#flowable-async-job-executor-thread-9475#
[RestartAppStep] Getting instances for application "MyHANAApp"...#
#2026 06 04 18:51:40.862#Z#DEBUG#2f425741-6046-11f1-aadc-eeee0a90472b.OPERATION#flowable-async-job-executor-thread-9475#
[RestartAppStep] Application "MyHANAApp": 1 of 1 instances running (1 running)#
#2026 06 04 18:51:40.965#Z#DEBUG#2f425741-6046-11f1-aadc-eeee0a90472b.OPERATION#flowable-async-job-executor-thread-9475#
[RestartAppStep] Getting routes for application "cc4bff5a-9d3c-4f77-af10-cb050dde00c4"...#
#2026 06 04 18:51:41.030#Z#INFO#2f425741-6046-11f1-aadc-eeee0a90472b.OPERATION#flowable-async-job-executor-thread-9475#
[RestartAppStep] Application "MyHANAApp" started and available at "coe-emea-hana-platform-d054555-coe-emea-hana-ti-cloud-myhanaapp.cfapps.eu20.hana.ondemand.com"#
#2026 06 04 18:51:41.041#Z#DEBUG#2f425741-6046-11f1-aadc-eeee0a90472b.OPERATION#flowable-async-job-executor-thread-9475#
Step "Start App" finished#
#2026 06 04 18:51:50.799#Z#DEBUG#2f425741-6046-11f1-aadc-eeee0a90472b.OPERATION#flowable-async-job-executor-thread-10753#
[RestartAppStep] Executing task "startAppTask" of process "6c8e538a-6046-11f1-aadc-eeee0a90472b"...#
#2026 06 04 18:51:50.802#Z#DEBUG#2f425741-6046-11f1-aadc-eeee0a90472b.OPERATION#flowable-async-job-executor-thread-10753#
[RestartAppStep] Application start timeout is default one: 3,600 seconds#
#2026 06 04 18:51:50.803#Z#DEBUG#2f425741-6046-11f1-aadc-eeee0a90472b.OPERATION#flowable-async-job-executor-thread-10753#
Step "Start App" finished#
#2026 06 04 18:51:50.885#Z#DEBUG#2f425741-6046-11f1-aadc-eeee0a90472b.OPERATION#flowable-async-job-executor-thread-10755#
[PrepareToExecuteTasksStep] Executing task "prepareToExecuteTasksTask" of process "7265d745-6046-11f1-8112-eeee0a96121a"...#
#2026 06 04 18:51:50.886#Z#DEBUG#2f425741-6046-11f1-aadc-eeee0a90472b.OPERATION#flowable-async-job-executor-thread-10755#
Step "Prepare To Execute Tasks" finished#
#2026 06 04 18:51:50.938#Z#DEBUG#2f425741-6046-11f1-aadc-eeee0a90472b.OPERATION#flowable-async-job-executor-thread-10756#
[PublishConfigurationEntriesStep] Executing task "publishProvidedDependenciesTask" of process "725fbca2-6046-11f1-8112-eeee0a96121a"...#
#2026 06 04 18:51:50.938#Z#DEBUG#2f425741-6046-11f1-aadc-eeee0a90472b.OPERATION#flowable-async-job-executor-thread-10756#
[PublishConfigurationEntriesStep] Publishing public provided dependencies for application "MyHANAApp"...#
#2026 06 04 18:51:50.939#Z#DEBUG#2f425741-6046-11f1-aadc-eeee0a90472b.OPERATION#flowable-async-job-executor-thread-10756#
[PublishConfigurationEntriesStep] No public provided dependencies for publishing#
#2026 06 04 18:51:50.939#Z#DEBUG#2f425741-6046-11f1-aadc-eeee0a90472b.OPERATION#flowable-async-job-executor-thread-10756#
Step "Publish Provided Dependencies" finished#
#2026 06 04 18:51:50.970#Z#DEBUG#2f425741-6046-11f1-aadc-eeee0a90472b.OPERATION#flowable-async-job-executor-thread-10757#
[CreateOrUpdateServiceBrokerStep] Executing task "createOrUpdateServiceBrokerTask" of process "725fbca2-6046-11f1-8112-eeee0a96121a"...#
#2026 06 04 18:51:50.971#Z#DEBUG#2f425741-6046-11f1-aadc-eeee0a90472b.OPERATION#flowable-async-job-executor-thread-10757#
[CreateOrUpdateServiceBrokerStep] Creating service brokers...#
#2026 06 04 18:51:50.971#Z#DEBUG#2f425741-6046-11f1-aadc-eeee0a90472b.OPERATION#flowable-async-job-executor-thread-10757#
Step "Create Or Update Service Broker " finished#
#2026 06 04 18:51:51.098#Z#DEBUG#2f425741-6046-11f1-aadc-eeee0a90472b.OPERATION#flowable-async-job-executor-thread-10762#
[CreateSubscriptionsStep] Executing task "createSubscriptionsTask" of process "7281eaf5-6046-11f1-8112-eeee0a96121a"...#
#2026 06 04 18:51:51.098#Z#DEBUG#2f425741-6046-11f1-aadc-eeee0a90472b.OPERATION#flowable-async-job-executor-thread-10762#
[CreateSubscriptionsStep] Creating subscriptions...#
#2026 06 04 18:51:51.099#Z#DEBUG#2f425741-6046-11f1-aadc-eeee0a90472b.OPERATION#flowable-async-job-executor-thread-10762#
[CreateSubscriptionsStep] Subscriptions created#
#2026 06 04 18:51:51.099#Z#DEBUG#2f425741-6046-11f1-aadc-eeee0a90472b.OPERATION#flowable-async-job-executor-thread-10762#
Step "Create Subscriptions" finished#
#2026 06 04 18:51:51.128#Z#DEBUG#2f425741-6046-11f1-aadc-eeee0a90472b.OPERATION#flowable-async-job-executor-thread-10763#
[DeleteSubscriptionsStep] Executing task "deleteSubscriptionsTask" of process "7281eaf5-6046-11f1-8112-eeee0a96121a"...#
#2026 06 04 18:51:51.129#Z#DEBUG#2f425741-6046-11f1-aadc-eeee0a90472b.OPERATION#flowable-async-job-executor-thread-10763#
[DeleteSubscriptionsStep] Deleting discontinued subscriptions...#
#2026 06 04 18:51:51.130#Z#DEBUG#2f425741-6046-11f1-aadc-eeee0a90472b.OPERATION#flowable-async-job-executor-thread-10763#
[DeleteSubscriptionsStep] Subscriptions to delete: [ ]#
#2026 06 04 18:51:51.130#Z#DEBUG#2f425741-6046-11f1-aadc-eeee0a90472b.OPERATION#flowable-async-job-executor-thread-10763#
[DeleteSubscriptionsStep] Deleted discontinued subscriptions#
#2026 06 04 18:51:51.130#Z#DEBUG#2f425741-6046-11f1-aadc-eeee0a90472b.OPERATION#flowable-async-job-executor-thread-10763#
Step "Delete Subscriptions" finished#
#2026 06 04 18:51:51.155#Z#DEBUG#2f425741-6046-11f1-aadc-eeee0a90472b.OPERATION#flowable-async-job-executor-thread-10764#
[DeleteDiscontinuedConfigurationEntriesStep] Executing task "deleteDiscontinuedConfigurationEntriesTask" of process "7281eaf5-6046-11f1-8112-eeee0a96121a"...#
#2026 06 04 18:51:51.155#Z#DEBUG#2f425741-6046-11f1-aadc-eeee0a90472b.OPERATION#flowable-async-job-executor-thread-10764#
[DeleteDiscontinuedConfigurationEntriesStep] Deleting discontinued published dependencies...#
#2026 06 04 18:51:51.219#Z#DEBUG#2f425741-6046-11f1-aadc-eeee0a90472b.OPERATION#flowable-async-job-executor-thread-10764#
[DeleteDiscontinuedConfigurationEntriesStep] Deleted entries: [ ]#
#2026 06 04 18:51:51.219#Z#DEBUG#2f425741-6046-11f1-aadc-eeee0a90472b.OPERATION#flowable-async-job-executor-thread-10764#
[DeleteDiscontinuedConfigurationEntriesStep] Discontinued published dependencies deleted#
#2026 06 04 18:51:51.219#Z#DEBUG#2f425741-6046-11f1-aadc-eeee0a90472b.OPERATION#flowable-async-job-executor-thread-10764#
Step "Delete Discontinued Configuration Entries" finished#
#2026 06 04 18:51:51.222#Z#WARN#2f425741-6046-11f1-aadc-eeee0a90472b.OPERATION#flowable-async-job-executor-thread-10764#
[DoNotDeleteServicesListener] Skipping deletion of services, because the command line option "--delete-services" is not specified.#
#2026 06 04 18:51:51.268#Z#DEBUG#2f425741-6046-11f1-aadc-eeee0a90472b.OPERATION#flowable-async-job-executor-thread-10765#
[DetachServicesFromMtaStep] Executing task "detachServicesFromMtaTask" of process "729f5e2e-6046-11f1-8112-eeee0a96121a"...#
#2026 06 04 18:51:51.268#Z#DEBUG#2f425741-6046-11f1-aadc-eeee0a90472b.OPERATION#flowable-async-job-executor-thread-10765#
[DetachServicesFromMtaStep] Detaching services from MTA...#
#2026 06 04 18:51:51.269#Z#DEBUG#2f425741-6046-11f1-aadc-eeee0a90472b.OPERATION#flowable-async-job-executor-thread-10765#
[DetachServicesFromMtaStep] Getting service instances without auxiliary content by names []...#
#2026 06 04 18:51:51.269#Z#DEBUG#2f425741-6046-11f1-aadc-eeee0a90472b.OPERATION#flowable-async-job-executor-thread-10765#
[DetachServicesFromMtaStep] Detached services from MTA#
#2026 06 04 18:51:51.269#Z#DEBUG#2f425741-6046-11f1-aadc-eeee0a90472b.OPERATION#flowable-async-job-executor-thread-10765#
Step "Detach Services from MTA" finished#
#2026 06 04 18:51:51.298#Z#DEBUG#2f425741-6046-11f1-aadc-eeee0a90472b.OPERATION#flowable-async-job-executor-thread-10766#
[UpdateSubscribersStep] Executing task "updateSubscribersTask" of process "729f5e2e-6046-11f1-8112-eeee0a96121a"...#
#2026 06 04 18:51:51.298#Z#DEBUG#2f425741-6046-11f1-aadc-eeee0a90472b.OPERATION#flowable-async-job-executor-thread-10766#
[UpdateSubscribersStep] Updating subscribers...#
#2026 06 04 18:51:51.387#Z#DEBUG#2f425741-6046-11f1-aadc-eeee0a90472b.OPERATION#flowable-async-job-executor-thread-10766#
[UpdateSubscribersStep] Subscribers updated#
#2026 06 04 18:51:51.387#Z#DEBUG#2f425741-6046-11f1-aadc-eeee0a90472b.OPERATION#flowable-async-job-executor-thread-10766#
Step "Update Subscribers" finished#
#2026 06 04 18:51:51.418#Z#DEBUG#2f425741-6046-11f1-aadc-eeee0a90472b.OPERATION#flowable-async-job-executor-thread-10767#
[RestartSubscribersStep] Executing task "restartSubscribersTask" of process "729f5e2e-6046-11f1-8112-eeee0a96121a"...#
#2026 06 04 18:51:51.419#Z#DEBUG#2f425741-6046-11f1-aadc-eeee0a90472b.OPERATION#flowable-async-job-executor-thread-10767#
Step "Restart Subscribers" finished#
#2026 06 04 18:51:51.447#Z#DEBUG#2f425741-6046-11f1-aadc-eeee0a90472b.OPERATION#flowable-async-job-executor-thread-10768#
[PrepareToRestartServiceBrokerSubscribersStep] Executing task "prepareToRestartServiceBrokerSubscribersTask" of process "729f5e2e-6046-11f1-8112-eeee0a96121a"...#
#2026 06 04 18:51:51.448#Z#DEBUG#2f425741-6046-11f1-aadc-eeee0a90472b.OPERATION#flowable-async-job-executor-thread-10768#
Step "Prepare To Restart Service Brokers Subscribers" finished#
