#2026 07 05 06:44:37.163#Z#INFO#fd809866-783c-11f1-b4eb-eeee0a9d7ec9.OPERATION#http-nio-0.0.0.0-8080-exec-3#
[XS2StartProcessListener] Operation ID: fd809866-783c-11f1-b4eb-eeee0a9d7ec9#
#2026 07 05 06:44:37.210#Z#DEBUG#fd809866-783c-11f1-b4eb-eeee0a9d7ec9.OPERATION#http-nio-0.0.0.0-8080-exec-3#
[XS2StartProcessListener] Process environment: {
  "SKIP_SSL_VALIDATION" : "false",
  "FLOWABLE_JOB_EXECUTOR_MAX_THREADS" : "128",
  "VERSION" : "2.48.0",
  "BASIC_AUTH_ENABLED" : "true",
  "FLOWABLE_JOB_EXECUTOR_QUEUE_CAPACITY" : "4",
  "CONTROLLER_CLIENT_CONNECTION_POOL_SIZE" : "192",
  "FLOWABLE_JOB_EXECUTOR_CORE_THREADS" : "64"
}#
#2026 07 05 06:44:37.210#Z#DEBUG#fd809866-783c-11f1-b4eb-eeee0a9d7ec9.OPERATION#http-nio-0.0.0.0-8080-exec-3#
[XS2StartProcessListener] Current user: hannes.quade@sap.com#
#2026 07 05 06:44:37.210#Z#DEBUG#fd809866-783c-11f1-b4eb-eeee0a9d7ec9.OPERATION#http-nio-0.0.0.0-8080-exec-3#
[XS2StartProcessListener] Client space: COE EMEA HANA TI Cloud#
#2026 07 05 06:44:37.210#Z#DEBUG#fd809866-783c-11f1-b4eb-eeee0a9d7ec9.OPERATION#http-nio-0.0.0.0-8080-exec-3#
[XS2StartProcessListener] Client organization: CoE EMEA HANA Platform_D054555#
#2026 07 05 06:44:37.210#Z#INFO#fd809866-783c-11f1-b4eb-eeee0a9d7ec9.OPERATION#http-nio-0.0.0.0-8080-exec-3#
[XS2StartProcessListener] Process variables: {
  "keepFiles" : false,
  "skipAppDigestCalculation" : false,
  "abortOnError" : false,
  "mtaId" : "MyHANAApp",
  "noFailOnMissingPermissions" : false,
  "isSecurityEnabled" : false,
  "apiRequestPath" : "https://deploy-service.cf.eu20.hana.ondemand.com/api/v1/spaces/4cc0a88c-ec98-47c4-9958-38b5e6ec9fcf/operations",
  "deleteServiceBrokers" : false,
  "appArchiveId" : "327510b2-9bf7-41a3-8c4e-1635c665dcb2",
  "isDisposableUserProvidedServiceEnabled" : false,
  "deleteServiceKeys" : false,
  "noRestartSubscribedApps" : false,
  "noStart" : false,
  "deleteServices" : false
}#
#2026 07 05 06:44:37.290#Z#DEBUG#fd809866-783c-11f1-b4eb-eeee0a9d7ec9.OPERATION#flowable-async-job-executor-thread-9583#
[ValidateDeployParametersStep] Executing task "validateParametersTask" of process "fd80988c-783c-11f1-b4eb-eeee0a9d7ec9"...#
#2026 07 05 06:44:37.290#Z#DEBUG#fd809866-783c-11f1-b4eb-eeee0a9d7ec9.OPERATION#flowable-async-job-executor-thread-9583#
[ValidateDeployParametersStep] Validating parameters...#
#2026 07 05 06:44:37.293#Z#INFO#fd809866-783c-11f1-b4eb-eeee0a9d7ec9.OPERATION#flowable-async-job-executor-thread-9583#
[ValidateDeployParametersStep] Size of mtars is 9,787,453 and size of extension descriptors is 0#
#2026 07 05 06:44:37.342#Z#INFO#fd809866-783c-11f1-b4eb-eeee0a9d7ec9.OPERATION#flowable-async-job-executor-thread-9583#
[ValidateDeployParametersStep] Archive was not split! Total size in bytes: 9,787,453#
#2026 07 05 06:44:37.342#Z#INFO#fd809866-783c-11f1-b4eb-eeee0a9d7ec9.OPERATION#flowable-async-job-executor-thread-9583#
[ValidateDeployParametersStep] Deploying in org "CoE EMEA HANA Platform_D054555" and space "COE EMEA HANA TI Cloud"#
#2026 07 05 06:44:37.357#Z#DEBUG#fd809866-783c-11f1-b4eb-eeee0a9d7ec9.OPERATION#flowable-async-job-executor-thread-9583#
[ValidateDeployParametersStep] Parameters validated#
#2026 07 05 06:44:37.357#Z#DEBUG#fd809866-783c-11f1-b4eb-eeee0a9d7ec9.OPERATION#flowable-async-job-executor-thread-9583#
Step "Validate Parameters" finished#
#2026 07 05 06:44:37.411#Z#DEBUG#fd809866-783c-11f1-b4eb-eeee0a9d7ec9.OPERATION#flowable-async-job-executor-thread-9584#
[DeleteRemainingFileParts] Executing task "deleteRemainingFileParts" of process "fd80988c-783c-11f1-b4eb-eeee0a9d7ec9"...#
#2026 07 05 06:44:37.413#Z#DEBUG#fd809866-783c-11f1-b4eb-eeee0a9d7ec9.OPERATION#flowable-async-job-executor-thread-9584#
Step "Delete Remaining File Parts" finished#
#2026 07 05 06:44:37.467#Z#DEBUG#fd809866-783c-11f1-b4eb-eeee0a9d7ec9.OPERATION#flowable-async-job-executor-thread-9585#
[XS2ProcessMtaArchiveStep] Executing task "processArchiveTask" of process "fd80988c-783c-11f1-b4eb-eeee0a9d7ec9"...#
#2026 07 05 06:44:37.469#Z#DEBUG#fd809866-783c-11f1-b4eb-eeee0a9d7ec9.OPERATION#flowable-async-job-executor-thread-9585#
[XS2ProcessMtaArchiveStep] Processing MTA archive...#
#2026 07 05 06:44:37.469#Z#DEBUG#fd809866-783c-11f1-b4eb-eeee0a9d7ec9.OPERATION#flowable-async-job-executor-thread-9585#
[XS2ProcessMtaArchiveStep] MTA Archive ID: 327510b2-9bf7-41a3-8c4e-1635c665dcb2#
#2026 07 05 06:44:37.609#Z#DEBUG#fd809866-783c-11f1-b4eb-eeee0a9d7ec9.OPERATION#flowable-async-job-executor-thread-9585#
[XS2ProcessMtaArchiveStep] MTA Descriptor length: 1,646#
#2026 07 05 06:44:37.609#Z#DEBUG#fd809866-783c-11f1-b4eb-eeee0a9d7ec9.OPERATION#flowable-async-job-executor-thread-9585#
[XS2ProcessMtaArchiveStep] MTA Archive Modules: [MyHANAApp-srv, MyHANAApp, MyHANAApp-db-deployer]#
#2026 07 05 06:44:37.610#Z#DEBUG#fd809866-783c-11f1-b4eb-eeee0a9d7ec9.OPERATION#flowable-async-job-executor-thread-9585#
[XS2ProcessMtaArchiveStep] MTA Archive Requires: []#
#2026 07 05 06:44:37.610#Z#DEBUG#fd809866-783c-11f1-b4eb-eeee0a9d7ec9.OPERATION#flowable-async-job-executor-thread-9585#
[XS2ProcessMtaArchiveStep] MTA Archive Resources: [MyHANAApp-auth]#
#2026 07 05 06:44:37.628#Z#DEBUG#fd809866-783c-11f1-b4eb-eeee0a9d7ec9.OPERATION#flowable-async-job-executor-thread-9585#
[XS2ProcessMtaArchiveStep] MTA archive processed#
#2026 07 05 06:44:37.628#Z#DEBUG#fd809866-783c-11f1-b4eb-eeee0a9d7ec9.OPERATION#flowable-async-job-executor-thread-9585#
Step "Process Archive" finished#
#2026 07 05 06:44:37.693#Z#DEBUG#fd809866-783c-11f1-b4eb-eeee0a9d7ec9.OPERATION#flowable-async-job-executor-thread-9586#
[ProcessMtaExtensionDescriptorsStep] Executing task "processExtensionDescriptorsTask" of process "fd80988c-783c-11f1-b4eb-eeee0a9d7ec9"...#
#2026 07 05 06:44:37.695#Z#DEBUG#fd809866-783c-11f1-b4eb-eeee0a9d7ec9.OPERATION#flowable-async-job-executor-thread-9586#
[ProcessMtaExtensionDescriptorsStep] Processing MTA extension descriptors...#
#2026 07 05 06:44:37.695#Z#DEBUG#fd809866-783c-11f1-b4eb-eeee0a9d7ec9.OPERATION#flowable-async-job-executor-thread-9586#
[ProcessMtaExtensionDescriptorsStep] Provided extension descriptors: [ ]#
#2026 07 05 06:44:37.696#Z#DEBUG#fd809866-783c-11f1-b4eb-eeee0a9d7ec9.OPERATION#flowable-async-job-executor-thread-9586#
[ProcessMtaExtensionDescriptorsStep] No extension descriptors in use#
#2026 07 05 06:44:37.696#Z#DEBUG#fd809866-783c-11f1-b4eb-eeee0a9d7ec9.OPERATION#flowable-async-job-executor-thread-9586#
[ProcessMtaExtensionDescriptorsStep] MTA extension descriptors processed#
#2026 07 05 06:44:37.696#Z#DEBUG#fd809866-783c-11f1-b4eb-eeee0a9d7ec9.OPERATION#flowable-async-job-executor-thread-9586#
Step "Process Extension Descriptors" finished#
#2026 07 05 06:44:37.757#Z#DEBUG#fd809866-783c-11f1-b4eb-eeee0a9d7ec9.OPERATION#flowable-async-job-executor-thread-9587#
[XS2DetectMtaSchemaVersionStep] Executing task "detectSchemaVersionTask" of process "fd80988c-783c-11f1-b4eb-eeee0a9d7ec9"...#
#2026 07 05 06:44:37.759#Z#DEBUG#fd809866-783c-11f1-b4eb-eeee0a9d7ec9.OPERATION#flowable-async-job-executor-thread-9587#
[XS2DetectMtaSchemaVersionStep] Detecting MTA major schema version...#
#2026 07 05 06:44:37.761#Z#INFO#fd809866-783c-11f1-b4eb-eeee0a9d7ec9.OPERATION#flowable-async-job-executor-thread-9587#
[XS2DetectMtaSchemaVersionStep] Detected MTA schema version: "3"#
#2026 07 05 06:44:37.772#Z#DEBUG#fd809866-783c-11f1-b4eb-eeee0a9d7ec9.OPERATION#flowable-async-job-executor-thread-9587#
Step "Detect Schema Version" finished#
#2026 07 05 06:44:37.831#Z#DEBUG#fd809866-783c-11f1-b4eb-eeee0a9d7ec9.OPERATION#flowable-async-job-executor-thread-9588#
[MergeDescriptorsStep] Executing task "mergeDescriptorsTask" of process "fd80988c-783c-11f1-b4eb-eeee0a9d7ec9"...#
#2026 07 05 06:44:37.833#Z#DEBUG#fd809866-783c-11f1-b4eb-eeee0a9d7ec9.OPERATION#flowable-async-job-executor-thread-9588#
[MergeDescriptorsStep] Validating and merging descriptors...#
#2026 07 05 06:44:37.837#Z#DEBUG#fd809866-783c-11f1-b4eb-eeee0a9d7ec9.OPERATION#flowable-async-job-executor-thread-9588#
[MergeDescriptorsStep] Merged deployment descriptor: {
  "majorSchemaVersion" : 3,
  "schemaVersion" : "3.3.0",
  "id" : "MyHANAApp",
  "version" : "1.0.0",
  "modules" : [ {
    "majorSchemaVersion" : 3,
    "name" : "MyHANAApp-srv",
    "type" : "javascript.nodejs",
    "path" : "MyHANAApp-srv",
    "properties" : { },
    "parameters" : {
      "buildpack" : "nodejs_buildpack",
      "instances" : 1
    },
    "requiredDependencies" : [ {
      "majorSchemaVersion" : 3,
      "name" : "********",
      "properties" : { },
      "parameters" : { },
      "propertiesMetadata" : {
        "metadata" : { }
      },
      "parametersMetadata" : {
        "metadata" : { }
      }
    }, {
      "majorSchemaVersion" : 3,
      "name" : "MyHANAApp-db",
      "properties" : { },
      "parameters" : { },
      "propertiesMetadata" : {
        "metadata" : { }
      },
      "parametersMetadata" : {
        "metadata" : { }
      }
    } ],
    "providedDependencies" : [ {
      "majorSchemaVersion" : 3,
      "name" : "srv-api",
      "isPublic" : false,
      "properties" : {
        "srv-url" : "${default-url}"
      },
      "parameters" : { },
      "propertiesMetadata" : {
        "metadata" : { }
      },
      "parametersMetadata" : {
        "metadata" : { }
      }
    }, {
      "majorSchemaVersion" : 3,
      "name" : "MyHANAApp-srv",
      "isPublic" : false,
      "properties" : { },
      "parameters" : { },
      "propertiesMetadata" : {
        "metadata" : { }
      },
      "parametersMetadata" : {
        "metadata" : { }
      }
    } ],
    "propertiesMetadata" : {
      "metadata" : { }
    },
    "parametersMetadata" : {
      "metadata" : { }
    },
    "hooks" : [ ]
  }, {
    "majorSchemaVersion" : 3,
    "name" : "MyHANAApp-db-deployer",
    "type" : "com.sap.xs.hdi",
    "path" : "MyHANAApp-db-deployer",
    "properties" : {
      "EXIT" : 1
    },
    "parameters" : {
      "memory" : "256M",
      "buildpack" : "nodejs_buildpack",
      "no-route" : true,
      "dependency-type" : "hard",
      "tasks" : [ {
        "name" : "deploy",
        "memory" : "256M",
        "command" : "npm start"
      } ],
      "no-start" : true
    },
    "requiredDependencies" : [ {
      "majorSchemaVersion" : 3,
      "name" : "MyHANAApp-db",
      "properties" : { },
      "parameters" : { },
      "propertiesMetadata" : {
        "metadata" : { }
      },
      "parametersMetadata" : {
        "metadata" : { }
      }
    } ],
    "providedDependencies" : [ {
      "majorSchemaVersion" : 3,
      "name" : "MyHANAApp-db-deployer",
      "isPublic" : false,
      "properties" : { },
      "parameters" : { },
      "propertiesMetadata" : {
        "metadata" : { }
      },
      "parametersMetadata" : {
        "metadata" : { }
      }
    } ],
    "propertiesMetadata" : {
      "metadata" : { }
    },
    "parametersMetadata" : {
      "metadata" : { }
    },
    "hooks" : [ ]
  }, {
    "majorSchemaVersion" : 3,
    "name" : "MyHANAApp",
    "type" : "javascript.nodejs",
    "path" : "MyHANAApp",
    "properties" : { },
    "parameters" : {
      "disk-quota" : "256M",
      "keep-existing-routes" : true,
      "memory" : "256M"
    },
    "requiredDependencies" : [ {
      "majorSchemaVersion" : 3,
      "name" : "srv-api",
      "group" : "destinations",
      "properties" : {
        "name" : "srv-api",
        "forwardAuthToken" : "********",
        "url" : "~{srv-url}"
      },
      "parameters" : { },
      "propertiesMetadata" : {
        "metadata" : { }
      },
      "parametersMetadata" : {
        "metadata" : { }
      }
    }, {
      "majorSchemaVersion" : 3,
      "name" : "********",
      "properties" : { },
      "parameters" : { },
      "propertiesMetadata" : {
        "metadata" : { }
      },
      "parametersMetadata" : {
        "metadata" : { }
      }
    } ],
    "providedDependencies" : [ {
      "majorSchemaVersion" : 3,
      "name" : "app-api",
      "isPublic" : false,
      "properties" : {
        "app-protocol" : "${protocol}",
        "app-uri" : "${default-uri}"
      },
      "parameters" : { },
      "propertiesMetadata" : {
        "metadata" : { }
      },
      "parametersMetadata" : {
        "metadata" : { }
      }
    }, {
      "majorSchemaVersion" : 3,
      "name" : "MyHANAApp",
      "isPublic" : false,
      "properties" : { },
      "parameters" : { },
      "propertiesMetadata" : {
        "metadata" : { }
      },
      "parametersMetadata" : {
        "metadata" : { }
      }
    } ],
    "propertiesMetadata" : {
      "metadata" : { }
    },
    "parametersMetadata" : {
      "metadata" : { }
    },
    "hooks" : [ ]
  } ],
  "resources" : [ {
    "majorSchemaVersion" : 3,
    "name" : "********",
    "type" : "org.cloudfoundry.managed-service",
    "properties" : { },
    "parameters" : {
      "path" : "./xs-security.json",
      "service-plan" : "application",
      "type" : "managed-service",
      "config" : {
        "oauth2-configuration" : "********",
        "tenant-mode" : "dedicated",
        "xsappname" : "MyHANAApp"
      },
      "service" : "xsuaa"
    },
    "isActive" : true,
    "isOptional" : false,
    "propertiesMetadata" : {
      "metadata" : { }
    },
    "parametersMetadata" : {
      "metadata" : { }
    },
    "requiredDependencies" : [ {
      "majorSchemaVersion" : 3,
      "name" : "app-api",
      "properties" : { },
      "parameters" : { },
      "propertiesMetadata" : {
        "metadata" : { }
      },
      "parametersMetadata" : {
        "metadata" : { }
      }
    } ],
    "processedAfter" : [ ]
  }, {
    "majorSchemaVersion" : 3,
    "name" : "MyHANAApp-db",
    "type" : "com.sap.xs.hdi-container",
    "properties" : { },
    "parameters" : {
      "type" : "managed-service",
      "service" : "hana",
      "service-plan" : "hdi-shared"
    },
    "isActive" : true,
    "isOptional" : false,
    "propertiesMetadata" : {
      "metadata" : { }
    },
    "parametersMetadata" : {
      "metadata" : { }
    },
    "requiredDependencies" : [ ],
    "processedAfter" : [ ]
  } ],
  "parameters" : {
    "enable-parallel-deployments" : true
  },
  "parametersMetadata" : {
    "metadata" : { }
  }
}#
#2026 07 05 06:44:37.839#Z#DEBUG#fd809866-783c-11f1-b4eb-eeee0a9d7ec9.OPERATION#flowable-async-job-executor-thread-9588#
[MergeDescriptorsStep] Descriptors validated and merged#
#2026 07 05 06:44:37.839#Z#DEBUG#fd809866-783c-11f1-b4eb-eeee0a9d7ec9.OPERATION#flowable-async-job-executor-thread-9588#
Step "Merge Descriptors" finished#
#2026 07 05 06:44:37.904#Z#DEBUG#fd809866-783c-11f1-b4eb-eeee0a9d7ec9.OPERATION#flowable-async-job-executor-thread-9589#
[DetectDeployedMtaStep] Executing task "detectDeployedMtaTask" of process "fd80988c-783c-11f1-b4eb-eeee0a9d7ec9"...#
#2026 07 05 06:44:37.906#Z#DEBUG#fd809866-783c-11f1-b4eb-eeee0a9d7ec9.OPERATION#flowable-async-job-executor-thread-9589#
[DetectDeployedMtaStep] Detecting deployed MTA...#
#2026 07 05 06:44:37.908#Z#DEBUG#fd809866-783c-11f1-b4eb-eeee0a9d7ec9.OPERATION#flowable-async-job-executor-thread-9589#
[DetectDeployedMtaStep] Detecting MTA by id MyHANAApp and namespace null#
#2026 07 05 06:44:37.908#Z#DEBUG#fd809866-783c-11f1-b4eb-eeee0a9d7ec9.OPERATION#flowable-async-job-executor-thread-9589#
[DetectDeployedMtaStep] Getting applications by metadata label selector "mta_id=ec807ea94ed79a44f90dccbd559c6f5f,!mta_namespace"...#
#2026 07 05 06:44:37.938#Z#DEBUG#fd809866-783c-11f1-b4eb-eeee0a9d7ec9.OPERATION#flowable-async-job-executor-thread-9589#
[DetectDeployedMtaStep] Getting service instances by metadata label selector "mta_id=ec807ea94ed79a44f90dccbd559c6f5f,!mta_namespace"...#
#2026 07 05 06:44:38.119#Z#DEBUG#fd809866-783c-11f1-b4eb-eeee0a9d7ec9.OPERATION#flowable-async-job-executor-thread-9589#
[DetectDeployedMtaStep] Deployed MTA: {
  "metadata" : {
    "id" : "MyHANAApp",
    "version" : "1.0.0"
  },
  "applications" : [ ],
  "services" : [ {
    "name" : "MyHANAApp-db",
    "metadata" : {
      "guid" : "584becf6-3c17-4525-8c45-31f4a82598bd",
      "createdAt" : [ 2026, 6, 4, 14, 10, 20 ],
      "updatedAt" : [ 2026, 6, 4, 14, 10, 20 ]
    },
    "v3Metadata" : {
      "annotations" : {
        "mta_id" : "MyHANAApp",
        "mta_version" : "1.0.0",
        "mta_resource" : "{\"name\":\"MyHANAApp-db\"}"
      },
      "labels" : {
        "mta_id" : "ec807ea94ed79a44f90dccbd559c6f5f"
      }
    },
    "label" : "hana",
    "plan" : "hdi-shared",
    "credentials" : "********",
    "tags" : [ ],
    "type" : "managed",
    "lastOperation" : {
      "type" : "CREATE",
      "state" : "SUCCEEDED"
    },
    "resourceName" : "MyHANAApp-db"
  }, {
    "name" : "********",
    "metadata" : {
      "guid" : "0f5592d4-0ff0-41b1-84b5-54188c7cf4c6",
      "createdAt" : [ 2026, 6, 4, 14, 14, 12 ],
      "updatedAt" : [ 2026, 6, 4, 14, 14, 12 ]
    },
    "v3Metadata" : {
      "annotations" : {
        "mta_id" : "MyHANAApp",
        "mta_version" : "1.0.0",
        "mta_resource" : "********"
      },
      "labels" : {
        "mta_id" : "ec807ea94ed79a44f90dccbd559c6f5f"
      }
    },
    "label" : "xsuaa",
    "plan" : "application",
    "credentials" : "********",
    "tags" : [ ],
    "type" : "managed",
    "lastOperation" : {
      "type" : "UPDATE",
      "description" : "Error updating application null (Error parsing xs-security.json data: Inconsistent xs-security.json: Invalid xsappname \"MyHANAApp-CoE EMEA HANA Platform_D054555-COE EMEA HANA TI Cloud\": May only include characters 'a'-'z', 'A'-'Z', '0'-'9', '_', '-', '', and '/'.)",
      "state" : "FAILED"
    },
    "resourceName" : "********"
  } ]
}#
#2026 07 05 06:44:38.119#Z#INFO#fd809866-783c-11f1-b4eb-eeee0a9d7ec9.OPERATION#flowable-async-job-executor-thread-9589#
[DetectDeployedMtaStep] Detected deployed MTA with ID "MyHANAApp" and version "1.0.0"#
#2026 07 05 06:44:38.136#Z#DEBUG#fd809866-783c-11f1-b4eb-eeee0a9d7ec9.OPERATION#flowable-async-job-executor-thread-9589#
[DetectDeployedMtaStep] Detecting backup mta by id "MyHANAApp" and namespace "null"#
#2026 07 05 06:44:38.136#Z#DEBUG#fd809866-783c-11f1-b4eb-eeee0a9d7ec9.OPERATION#flowable-async-job-executor-thread-9589#
[DetectDeployedMtaStep] Getting applications by metadata label selector "mta_id=ec807ea94ed79a44f90dccbd559c6f5f,mta_namespace=b698114a0995e936895b9598a6c19a2c"...#
#2026 07 05 06:44:38.187#Z#DEBUG#fd809866-783c-11f1-b4eb-eeee0a9d7ec9.OPERATION#flowable-async-job-executor-thread-9589#
[DetectDeployedMtaStep] Getting service instances by metadata label selector "mta_id=ec807ea94ed79a44f90dccbd559c6f5f,mta_namespace=b698114a0995e936895b9598a6c19a2c"...#
#2026 07 05 06:44:38.248#Z#DEBUG#fd809866-783c-11f1-b4eb-eeee0a9d7ec9.OPERATION#flowable-async-job-executor-thread-9589#
[DetectDeployedMtaStep] Deployed MTA service keys: [ ]#
#2026 07 05 06:44:38.248#Z#DEBUG#fd809866-783c-11f1-b4eb-eeee0a9d7ec9.OPERATION#flowable-async-job-executor-thread-9589#
Step "Detect Deployed MTA" finished#
#2026 07 05 06:44:38.309#Z#DEBUG#fd809866-783c-11f1-b4eb-eeee0a9d7ec9.OPERATION#flowable-async-job-executor-thread-9590#
[XS2CollectSystemParametersStep] Executing task "collectSystemParametersTask" of process "fd80988c-783c-11f1-b4eb-eeee0a9d7ec9"...#
#2026 07 05 06:44:38.311#Z#DEBUG#fd809866-783c-11f1-b4eb-eeee0a9d7ec9.OPERATION#flowable-async-job-executor-thread-9590#
[XS2CollectSystemParametersStep] Collecting system parameters...#
#2026 07 05 06:44:38.313#Z#DEBUG#fd809866-783c-11f1-b4eb-eeee0a9d7ec9.OPERATION#flowable-async-job-executor-thread-9590#
[XS2CollectSystemParametersStep] Getting default domain...#
#2026 07 05 06:44:38.362#Z#DEBUG#fd809866-783c-11f1-b4eb-eeee0a9d7ec9.OPERATION#flowable-async-job-executor-thread-9590#
[XS2CollectSystemParametersStep] Default domain: cfapps.eu20.hana.ondemand.com#
#2026 07 05 06:44:38.364#Z#DEBUG#fd809866-783c-11f1-b4eb-eeee0a9d7ec9.OPERATION#flowable-async-job-executor-thread-9590#
[XS2CollectSystemParametersStep] Checking for overwriting read-only parameters for mta with id: "MyHANAApp"#
#2026 07 05 06:44:38.364#Z#DEBUG#fd809866-783c-11f1-b4eb-eeee0a9d7ec9.OPERATION#flowable-async-job-executor-thread-9590#
[XS2CollectSystemParametersStep] No read-only parameters are overwritten#
#2026 07 05 06:44:38.380#Z#DEBUG#fd809866-783c-11f1-b4eb-eeee0a9d7ec9.OPERATION#flowable-async-job-executor-thread-9590#
[XS2CollectSystemParametersStep] Descriptor with system parameters: {
  "majorSchemaVersion" : 3,
  "schemaVersion" : "3.3.0",
  "id" : "MyHANAApp",
  "version" : "1.0.0",
  "modules" : [ {
    "majorSchemaVersion" : 3,
    "name" : "MyHANAApp-srv",
    "type" : "javascript.nodejs",
    "path" : "MyHANAApp-srv",
    "properties" : { },
    "parameters" : {
      "default-url" : "${protocol}://${default-uri}",
      "default-app-name" : "MyHANAApp-srv",
      "generated-password" : "********",
      "default-live-url" : "${protocol}://${default-live-uri}",
      "default-uri" : "${host}.${domain}",
      "default-instances" : 1,
      "default-live-host" : "coe-emea-hana-platform-d054555-coe-emea-hana-ti-cloud-m7c222000",
      "instances" : 1,
      "buildpack" : "nodejs_buildpack",
      "default-host" : "coe-emea-hana-platform-d054555-coe-emea-hana-ti-cloud-m7c222000",
      "app-name" : "${default-app-name}",
      "default-live-uri" : "coe-emea-hana-platform-d054555-coe-emea-hana-ti-cloud-m7c222000.${domain}",
      "protocol" : "https",
      "default-live-app-name" : "MyHANAApp-srv",
      "default-live-domain" : "cfapps.eu20.hana.ondemand.com",
      "domain" : "${default-domain}",
      "host" : "${default-host}",
      "generated-user" : "********"
    },
    "requiredDependencies" : [ {
      "majorSchemaVersion" : 3,
      "name" : "********",
      "properties" : { },
      "parameters" : { },
      "propertiesMetadata" : {
        "metadata" : { }
      },
      "parametersMetadata" : {
        "metadata" : { }
      }
    }, {
      "majorSchemaVersion" : 3,
      "name" : "MyHANAApp-db",
      "properties" : { },
      "parameters" : { },
      "propertiesMetadata" : {
        "metadata" : { }
      },
      "parametersMetadata" : {
        "metadata" : { }
      }
    } ],
    "providedDependencies" : [ {
      "majorSchemaVersion" : 3,
      "name" : "srv-api",
      "isPublic" : false,
      "properties" : {
        "srv-url" : "${default-url}"
      },
      "parameters" : { },
      "propertiesMetadata" : {
        "metadata" : { }
      },
      "parametersMetadata" : {
        "metadata" : { }
      }
    }, {
      "majorSchemaVersion" : 3,
      "name" : "MyHANAApp-srv",
      "isPublic" : false,
      "properties" : { },
      "parameters" : { },
      "propertiesMetadata" : {
        "metadata" : { }
      },
      "parametersMetadata" : {
        "metadata" : { }
      }
    } ],
    "propertiesMetadata" : {
      "metadata" : { }
    },
    "parametersMetadata" : {
      "metadata" : { }
    },
    "hooks" : [ ]
  }, {
    "majorSchemaVersion" : 3,
    "name" : "MyHANAApp-db-deployer",
    "type" : "com.sap.xs.hdi",
    "path" : "MyHANAApp-db-deployer",
    "properties" : {
      "EXIT" : 1
    },
    "parameters" : {
      "default-url" : "${protocol}://${default-uri}",
      "default-app-name" : "MyHANAApp-db-deployer",
      "generated-password" : "********",
      "default-live-url" : "${protocol}://${default-live-uri}",
      "default-uri" : "${host}.${domain}",
      "memory" : "256M",
      "default-instances" : 1,
      "no-route" : true,
      "default-live-host" : "coe-emea-hana-platform-d054555-coe-emea-hana-ti-cloud-m456f32b4",
      "instances" : "${default-instances}",
      "buildpack" : "nodejs_buildpack",
      "default-host" : "coe-emea-hana-platform-d054555-coe-emea-hana-ti-cloud-m456f32b4",
      "app-name" : "${default-app-name}",
      "default-live-uri" : "coe-emea-hana-platform-d054555-coe-emea-hana-ti-cloud-m456f32b4.${domain}",
      "protocol" : "https",
      "default-live-app-name" : "MyHANAApp-db-deployer",
      "default-live-domain" : "cfapps.eu20.hana.ondemand.com",
      "dependency-type" : "hard",
      "domain" : "${default-domain}",
      "host" : "${default-host}",
      "generated-user" : "********",
      "tasks" : [ {
        "name" : "deploy",
        "memory" : "256M",
        "command" : "npm start"
      } ],
      "no-start" : true
    },
    "requiredDependencies" : [ {
      "majorSchemaVersion" : 3,
      "name" : "MyHANAApp-db",
      "properties" : { },
      "parameters" : { },
      "propertiesMetadata" : {
        "metadata" : { }
      },
      "parametersMetadata" : {
        "metadata" : { }
      }
    } ],
    "providedDependencies" : [ {
      "majorSchemaVersion" : 3,
      "name" : "MyHANAApp-db-deployer",
      "isPublic" : false,
      "properties" : { },
      "parameters" : { },
      "propertiesMetadata" : {
        "metadata" : { }
      },
      "parametersMetadata" : {
        "metadata" : { }
      }
    } ],
    "propertiesMetadata" : {
      "metadata" : { }
    },
    "parametersMetadata" : {
      "metadata" : { }
    },
    "hooks" : [ ]
  }, {
    "majorSchemaVersion" : 3,
    "name" : "MyHANAApp",
    "type" : "javascript.nodejs",
    "path" : "MyHANAApp",
    "properties" : { },
    "parameters" : {
      "default-url" : "${protocol}://${default-uri}",
      "default-app-name" : "MyHANAApp",
      "generated-password" : "********",
      "default-live-url" : "${protocol}://${default-live-uri}",
      "default-uri" : "${host}.${domain}",
      "memory" : "256M",
      "default-instances" : 1,
      "default-live-host" : "coe-emea-hana-platform-d054555-coe-emea-hana-ti-cloud-myhanaapp",
      "instances" : "${default-instances}",
      "default-host" : "coe-emea-hana-platform-d054555-coe-emea-hana-ti-cloud-myhanaapp",
      "keep-existing-routes" : true,
      "app-name" : "${default-app-name}",
      "default-live-uri" : "coe-emea-hana-platform-d054555-coe-emea-hana-ti-cloud-myhanaapp.${domain}",
      "protocol" : "https",
      "default-live-app-name" : "MyHANAApp",
      "default-live-domain" : "cfapps.eu20.hana.ondemand.com",
      "disk-quota" : "256M",
      "domain" : "${default-domain}",
      "host" : "${default-host}",
      "generated-user" : "********"
    },
    "requiredDependencies" : [ {
      "majorSchemaVersion" : 3,
      "name" : "srv-api",
      "group" : "destinations",
      "properties" : {
        "name" : "srv-api",
        "forwardAuthToken" : "********",
        "url" : "~{srv-url}"
      },
      "parameters" : { },
      "propertiesMetadata" : {
        "metadata" : { }
      },
      "parametersMetadata" : {
        "metadata" : { }
      }
    }, {
      "majorSchemaVersion" : 3,
      "name" : "********",
      "properties" : { },
      "parameters" : { },
      "propertiesMetadata" : {
        "metadata" : { }
      },
      "parametersMetadata" : {
        "metadata" : { }
      }
    } ],
    "providedDependencies" : [ {
      "majorSchemaVersion" : 3,
      "name" : "app-api",
      "isPublic" : false,
      "properties" : {
        "app-protocol" : "${protocol}",
        "app-uri" : "${default-uri}"
      },
      "parameters" : { },
      "propertiesMetadata" : {
        "metadata" : { }
      },
      "parametersMetadata" : {
        "metadata" : { }
      }
    }, {
      "majorSchemaVersion" : 3,
      "name" : "MyHANAApp",
      "isPublic" : false,
      "properties" : { },
      "parameters" : { },
      "propertiesMetadata" : {
        "metadata" : { }
      },
      "parametersMetadata" : {
        "metadata" : { }
      }
    } ],
    "propertiesMetadata" : {
      "metadata" : { }
    },
    "parametersMetadata" : {
      "metadata" : { }
    },
    "hooks" : [ ]
  } ],
  "resources" : [ {
    "majorSchemaVersion" : 3,
    "name" : "********",
    "type" : "org.cloudfoundry.managed-service",
    "properties" : { },
    "parameters" : {
      "generated-password" : "********",
      "path" : "./xs-security.json",
      "service-name" : "${default-service-name}",
      "service-plan" : "application",
      "service" : "xsuaa",
      "generated-user" : "********",
      "default-xsappname" : "********",
      "type" : "managed-service",
      "config" : {
        "oauth2-configuration" : "********",
        "tenant-mode" : "dedicated",
        "xsappname" : "MyHANAApp"
      },
      "default-service-name" : "********",
      "default-container-name" : "COE_EMEA_HANA_PLATFORM_D054555_COE_EMEA_HANA_TI_CLOUD_MY1DDCA651"
    },
    "isActive" : true,
    "isOptional" : false,
    "propertiesMetadata" : {
      "metadata" : { }
    },
    "parametersMetadata" : {
      "metadata" : { }
    },
    "requiredDependencies" : [ {
      "majorSchemaVersion" : 3,
      "name" : "app-api",
      "properties" : { },
      "parameters" : { },
      "propertiesMetadata" : {
        "metadata" : { }
      },
      "parametersMetadata" : {
        "metadata" : { }
      }
    } ],
    "processedAfter" : [ ]
  }, {
    "majorSchemaVersion" : 3,
    "name" : "MyHANAApp-db",
    "type" : "com.sap.xs.hdi-container",
    "properties" : { },
    "parameters" : {
      "generated-password" : "********",
      "service-name" : "${default-service-name}",
      "service-plan" : "hdi-shared",
      "service" : "hana",
      "generated-user" : "********",
      "default-xsappname" : "MyHANAApp-db",
      "type" : "managed-service",
      "default-service-name" : "MyHANAApp-db",
      "default-container-name" : "COE_EMEA_HANA_PLATFORM_D054555_COE_EMEA_HANA_TI_CLOUD_MYHAE41099"
    },
    "isActive" : true,
    "isOptional" : false,
    "propertiesMetadata" : {
      "metadata" : { }
    },
    "parametersMetadata" : {
      "metadata" : { }
    },
    "requiredDependencies" : [ ],
    "processedAfter" : [ ]
  } ],
  "parameters" : {
    "mta-id" : "MyHANAApp",
    "authorization-url" : "********",
    "org-guid" : "faa2a59b-a78e-4aa0-9dad-78ce96e1bc24",
    "org" : "CoE EMEA HANA Platform_D054555",
    "deploy-target" : "CoE EMEA HANA Platform_D054555 COE EMEA HANA TI Cloud",
    "enable-parallel-deployments" : true,
    "space" : "COE EMEA HANA TI Cloud",
    "xs-api-url" : "https://api.cf.eu20.hana.ondemand.com",
    "deploy-url" : "deploy-service.cfapps.eu20.hana.ondemand.com",
    "xs-type" : "CF",
    "default-domain" : "cfapps.eu20.hana.ondemand.com",
    "mta-version" : "1.0.0",
    "xs-auth-url" : "********",
    "space-guid" : "4cc0a88c-ec98-47c4-9958-38b5e6ec9fcf",
    "user" : "********",
    "controller-url" : "https://api.cf.eu20.hana.ondemand.com",
    "timestamp" : "20260705064437"
  },
  "parametersMetadata" : {
    "metadata" : { }
  }
}#
#2026 07 05 06:44:38.383#Z#DEBUG#fd809866-783c-11f1-b4eb-eeee0a9d7ec9.OPERATION#flowable-async-job-executor-thread-9590#
[XS2CollectSystemParametersStep] Version rule: SAME_HIGHER#
#2026 07 05 06:44:38.383#Z#INFO#fd809866-783c-11f1-b4eb-eeee0a9d7ec9.OPERATION#flowable-async-job-executor-thread-9590#
[XS2CollectSystemParametersStep] Detected new MTA version: "1.0.0"#
#2026 07 05 06:44:38.394#Z#INFO#fd809866-783c-11f1-b4eb-eeee0a9d7ec9.OPERATION#flowable-async-job-executor-thread-9590#
[XS2CollectSystemParametersStep] Deployed MTA version: "1.0.0"#
#2026 07 05 06:44:38.405#Z#DEBUG#fd809866-783c-11f1-b4eb-eeee0a9d7ec9.OPERATION#flowable-async-job-executor-thread-9590#
[XS2CollectSystemParametersStep] MTA accepted for deployment#
#2026 07 05 06:44:38.405#Z#DEBUG#fd809866-783c-11f1-b4eb-eeee0a9d7ec9.OPERATION#flowable-async-job-executor-thread-9590#
[XS2CollectSystemParametersStep] System parameters collected#
#2026 07 05 06:44:38.406#Z#DEBUG#fd809866-783c-11f1-b4eb-eeee0a9d7ec9.OPERATION#flowable-async-job-executor-thread-9590#
Step "Collect System Parameters" finished#
#2026 07 05 06:44:38.469#Z#DEBUG#fd809866-783c-11f1-b4eb-eeee0a9d7ec9.OPERATION#flowable-async-job-executor-thread-9591#
[ProcessDescriptorStep] Executing task "processDescriptorTask" of process "fd80988c-783c-11f1-b4eb-eeee0a9d7ec9"...#
#2026 07 05 06:44:38.471#Z#DEBUG#fd809866-783c-11f1-b4eb-eeee0a9d7ec9.OPERATION#flowable-async-job-executor-thread-9591#
[ProcessDescriptorStep] Resolving properties and parameters in merged descriptor...#
#2026 07 05 06:44:38.477#Z#DEBUG#fd809866-783c-11f1-b4eb-eeee0a9d7ec9.OPERATION#flowable-async-job-executor-thread-9591#
[ProcessDescriptorStep] Subscriptions: [ ]#
#2026 07 05 06:44:38.477#Z#DEBUG#fd809866-783c-11f1-b4eb-eeee0a9d7ec9.OPERATION#flowable-async-job-executor-thread-9591#
[ProcessDescriptorStep] MTA modules: [MyHANAApp-srv, MyHANAApp, MyHANAApp-db-deployer]#
#2026 07 05 06:44:38.478#Z#DEBUG#fd809866-783c-11f1-b4eb-eeee0a9d7ec9.OPERATION#flowable-async-job-executor-thread-9591#
[ProcessDescriptorStep] Resolved deployment descriptor: {
  "majorSchemaVersion" : 3,
  "schemaVersion" : "3.3.0",
  "id" : "MyHANAApp",
  "version" : "1.0.0",
  "modules" : [ {
    "majorSchemaVersion" : 3,
    "name" : "MyHANAApp-srv",
    "type" : "javascript.nodejs",
    "path" : "MyHANAApp-srv",
    "properties" : { },
    "parameters" : {
      "default-url" : "https://coe-emea-hana-platform-d054555-coe-emea-hana-ti-cloud-m7c222000.cfapps.eu20.hana.ondemand.com",
      "default-app-name" : "MyHANAApp-srv",
      "generated-password" : "********",
      "default-live-url" : "https://coe-emea-hana-platform-d054555-coe-emea-hana-ti-cloud-m7c222000.cfapps.eu20.hana.ondemand.com",
      "default-uri" : "coe-emea-hana-platform-d054555-coe-emea-hana-ti-cloud-m7c222000.cfapps.eu20.hana.ondemand.com",
      "default-instances" : 1,
      "default-live-host" : "coe-emea-hana-platform-d054555-coe-emea-hana-ti-cloud-m7c222000",
      "instances" : 1,
      "buildpack" : "nodejs_buildpack",
      "default-host" : "coe-emea-hana-platform-d054555-coe-emea-hana-ti-cloud-m7c222000",
      "app-name" : "MyHANAApp-srv",
      "default-live-uri" : "coe-emea-hana-platform-d054555-coe-emea-hana-ti-cloud-m7c222000.cfapps.eu20.hana.ondemand.com",
      "protocol" : "https",
      "default-live-app-name" : "MyHANAApp-srv",
      "default-live-domain" : "cfapps.eu20.hana.ondemand.com",
      "domain" : "cfapps.eu20.hana.ondemand.com",
      "host" : "coe-emea-hana-platform-d054555-coe-emea-hana-ti-cloud-m7c222000",
      "generated-user" : "********"
    },
    "requiredDependencies" : [ {
      "majorSchemaVersion" : 3,
      "name" : "********",
      "properties" : { },
      "parameters" : { },
      "propertiesMetadata" : {
        "metadata" : { }
      },
      "parametersMetadata" : {
        "metadata" : { }
      }
    }, {
      "majorSchemaVersion" : 3,
      "name" : "MyHANAApp-db",
      "properties" : { },
      "parameters" : { },
      "propertiesMetadata" : {
        "metadata" : { }
      },
      "parametersMetadata" : {
        "metadata" : { }
      }
    } ],
    "providedDependencies" : [ {
      "majorSchemaVersion" : 3,
      "name" : "srv-api",
      "isPublic" : false,
      "properties" : {
        "srv-url" : "https://coe-emea-hana-platform-d054555-coe-emea-hana-ti-cloud-m7c222000.cfapps.eu20.hana.ondemand.com"
      },
      "parameters" : { },
      "propertiesMetadata" : {
        "metadata" : { }
      },
      "parametersMetadata" : {
        "metadata" : { }
      }
    }, {
      "majorSchemaVersion" : 3,
      "name" : "MyHANAApp-srv",
      "isPublic" : false,
      "properties" : { },
      "parameters" : { },
      "propertiesMetadata" : {
        "metadata" : { }
      },
      "parametersMetadata" : {
        "metadata" : { }
      }
    } ],
    "propertiesMetadata" : {
      "metadata" : { }
    },
    "parametersMetadata" : {
      "metadata" : { }
    },
    "hooks" : [ ]
  }, {
    "majorSchemaVersion" : 3,
    "name" : "MyHANAApp-db-deployer",
    "type" : "com.sap.xs.hdi",
    "path" : "MyHANAApp-db-deployer",
    "properties" : {
      "EXIT" : 1
    },
    "parameters" : {
      "default-url" : "https://coe-emea-hana-platform-d054555-coe-emea-hana-ti-cloud-m456f32b4.cfapps.eu20.hana.ondemand.com",
      "default-app-name" : "MyHANAApp-db-deployer",
      "generated-password" : "********",
      "default-live-url" : "https://coe-emea-hana-platform-d054555-coe-emea-hana-ti-cloud-m456f32b4.cfapps.eu20.hana.ondemand.com",
      "default-uri" : "coe-emea-hana-platform-d054555-coe-emea-hana-ti-cloud-m456f32b4.cfapps.eu20.hana.ondemand.com",
      "memory" : "256M",
      "default-instances" : 1,
      "no-route" : true,
      "default-live-host" : "coe-emea-hana-platform-d054555-coe-emea-hana-ti-cloud-m456f32b4",
      "instances" : 1,
      "buildpack" : "nodejs_buildpack",
      "default-host" : "coe-emea-hana-platform-d054555-coe-emea-hana-ti-cloud-m456f32b4",
      "app-name" : "MyHANAApp-db-deployer",
      "default-live-uri" : "coe-emea-hana-platform-d054555-coe-emea-hana-ti-cloud-m456f32b4.cfapps.eu20.hana.ondemand.com",
      "protocol" : "https",
      "default-live-app-name" : "MyHANAApp-db-deployer",
      "default-live-domain" : "cfapps.eu20.hana.ondemand.com",
      "dependency-type" : "hard",
      "domain" : "cfapps.eu20.hana.ondemand.com",
      "host" : "coe-emea-hana-platform-d054555-coe-emea-hana-ti-cloud-m456f32b4",
      "generated-user" : "********",
      "tasks" : [ {
        "command" : "npm start",
        "memory" : "256M",
        "name" : "deploy"
      } ],
      "no-start" : true
    },
    "requiredDependencies" : [ {
      "majorSchemaVersion" : 3,
      "name" : "MyHANAApp-db",
      "properties" : { },
      "parameters" : { },
      "propertiesMetadata" : {
        "metadata" : { }
      },
      "parametersMetadata" : {
        "metadata" : { }
      }
    } ],
    "providedDependencies" : [ {
      "majorSchemaVersion" : 3,
      "name" : "MyHANAApp-db-deployer",
      "isPublic" : false,
      "properties" : { },
      "parameters" : { },
      "propertiesMetadata" : {
        "metadata" : { }
      },
      "parametersMetadata" : {
        "metadata" : { }
      }
    } ],
    "propertiesMetadata" : {
      "metadata" : { }
    },
    "parametersMetadata" : {
      "metadata" : { }
    },
    "hooks" : [ ]
  }, {
    "majorSchemaVersion" : 3,
    "name" : "MyHANAApp",
    "type" : "javascript.nodejs",
    "path" : "MyHANAApp",
    "properties" : { },
    "parameters" : {
      "default-url" : "https://coe-emea-hana-platform-d054555-coe-emea-hana-ti-cloud-myhanaapp.cfapps.eu20.hana.ondemand.com",
      "default-app-name" : "MyHANAApp",
      "generated-password" : "********",
      "default-live-url" : "https://coe-emea-hana-platform-d054555-coe-emea-hana-ti-cloud-myhanaapp.cfapps.eu20.hana.ondemand.com",
      "default-uri" : "coe-emea-hana-platform-d054555-coe-emea-hana-ti-cloud-myhanaapp.cfapps.eu20.hana.ondemand.com",
      "memory" : "256M",
      "default-instances" : 1,
      "default-live-host" : "coe-emea-hana-platform-d054555-coe-emea-hana-ti-cloud-myhanaapp",
      "instances" : 1,
      "default-host" : "coe-emea-hana-platform-d054555-coe-emea-hana-ti-cloud-myhanaapp",
      "keep-existing-routes" : true,
      "app-name" : "MyHANAApp",
      "default-live-uri" : "coe-emea-hana-platform-d054555-coe-emea-hana-ti-cloud-myhanaapp.cfapps.eu20.hana.ondemand.com",
      "protocol" : "https",
      "default-live-app-name" : "MyHANAApp",
      "default-live-domain" : "cfapps.eu20.hana.ondemand.com",
      "disk-quota" : "256M",
      "domain" : "cfapps.eu20.hana.ondemand.com",
      "host" : "coe-emea-hana-platform-d054555-coe-emea-hana-ti-cloud-myhanaapp",
      "generated-user" : "********"
    },
    "requiredDependencies" : [ {
      "majorSchemaVersion" : 3,
      "name" : "srv-api",
      "group" : "destinations",
      "properties" : {
        "name" : "srv-api",
        "forwardAuthToken" : "********",
        "url" : "https://coe-emea-hana-platform-d054555-coe-emea-hana-ti-cloud-m7c222000.cfapps.eu20.hana.ondemand.com"
      },
      "parameters" : { },
      "propertiesMetadata" : {
        "metadata" : { }
      },
      "parametersMetadata" : {
        "metadata" : { }
      }
    }, {
      "majorSchemaVersion" : 3,
      "name" : "********",
      "properties" : { },
      "parameters" : { },
      "propertiesMetadata" : {
        "metadata" : { }
      },
      "parametersMetadata" : {
        "metadata" : { }
      }
    } ],
    "providedDependencies" : [ {
      "majorSchemaVersion" : 3,
      "name" : "app-api",
      "isPublic" : false,
      "properties" : {
        "app-protocol" : "https",
        "app-uri" : "coe-emea-hana-platform-d054555-coe-emea-hana-ti-cloud-myhanaapp.cfapps.eu20.hana.ondemand.com"
      },
      "parameters" : { },
      "propertiesMetadata" : {
        "metadata" : { }
      },
      "parametersMetadata" : {
        "metadata" : { }
      }
    }, {
      "majorSchemaVersion" : 3,
      "name" : "MyHANAApp",
      "isPublic" : false,
      "properties" : { },
      "parameters" : { },
      "propertiesMetadata" : {
        "metadata" : { }
      },
      "parametersMetadata" : {
        "metadata" : { }
      }
    } ],
    "propertiesMetadata" : {
      "metadata" : { }
    },
    "parametersMetadata" : {
      "metadata" : { }
    },
    "hooks" : [ ]
  } ],
  "resources" : [ {
    "majorSchemaVersion" : 3,
    "name" : "********",
    "type" : "org.cloudfoundry.managed-service",
    "properties" : { },
    "parameters" : {
      "generated-password" : "********",
      "path" : "./xs-security.json",
      "service-name" : "********",
      "service-plan" : "application",
      "service" : "xsuaa",
      "generated-user" : "********",
      "default-xsappname" : "********",
      "type" : "managed-service",
      "config" : {
        "oauth2-configuration" : "********",
        "tenant-mode" : "dedicated",
        "xsappname" : "MyHANAApp"
      },
      "default-service-name" : "********",
      "default-container-name" : "COE_EMEA_HANA_PLATFORM_D054555_COE_EMEA_HANA_TI_CLOUD_MY1DDCA651"
    },
    "isActive" : true,
    "isOptional" : false,
    "propertiesMetadata" : {
      "metadata" : { }
    },
    "parametersMetadata" : {
      "metadata" : { }
    },
    "requiredDependencies" : [ {
      "majorSchemaVersion" : 3,
      "name" : "app-api",
      "properties" : { },
      "parameters" : { },
      "propertiesMetadata" : {
        "metadata" : { }
      },
      "parametersMetadata" : {
        "metadata" : { }
      }
    } ],
    "processedAfter" : [ ]
  }, {
    "majorSchemaVersion" : 3,
    "name" : "MyHANAApp-db",
    "type" : "com.sap.xs.hdi-container",
    "properties" : { },
    "parameters" : {
      "generated-password" : "********",
      "service-name" : "MyHANAApp-db",
      "service-plan" : "hdi-shared",
      "service" : "hana",
      "generated-user" : "********",
      "default-xsappname" : "MyHANAApp-db",
      "type" : "managed-service",
      "default-service-name" : "MyHANAApp-db",
      "default-container-name" : "COE_EMEA_HANA_PLATFORM_D054555_COE_EMEA_HANA_TI_CLOUD_MYHAE41099"
    },
    "isActive" : true,
    "isOptional" : false,
    "propertiesMetadata" : {
      "metadata" : { }
    },
    "parametersMetadata" : {
      "metadata" : { }
    },
    "requiredDependencies" : [ ],
    "processedAfter" : [ ]
  } ],
  "parameters" : {
    "mta-id" : "MyHANAApp",
    "authorization-url" : "********",
    "org-guid" : "faa2a59b-a78e-4aa0-9dad-78ce96e1bc24",
    "org" : "CoE EMEA HANA Platform_D054555",
    "deploy-target" : "CoE EMEA HANA Platform_D054555 COE EMEA HANA TI Cloud",
    "enable-parallel-deployments" : true,
    "region-primary-domain" : "eu20.hana.ondemand.com",
    "space" : "COE EMEA HANA TI Cloud",
    "region-domain" : "eu20.hana.ondemand.com",
    "xs-api-url" : "https://api.cf.eu20.hana.ondemand.com",
    "deploy-url" : "deploy-service.cfapps.eu20.hana.ondemand.com",
    "xs-type" : "CF",
    "default-domain" : "cfapps.eu20.hana.ondemand.com",
    "mta-version" : "1.0.0",
    "xs-auth-url" : "********",
    "space-guid" : "4cc0a88c-ec98-47c4-9958-38b5e6ec9fcf",
    "user" : "********",
    "controller-url" : "https://api.cf.eu20.hana.ondemand.com",
    "timestamp" : "20260705064437"
  },
  "parametersMetadata" : {
    "metadata" : { }
  }
}#
#2026 07 05 06:44:38.478#Z#DEBUG#fd809866-783c-11f1-b4eb-eeee0a9d7ec9.OPERATION#flowable-async-job-executor-thread-9591#
[ProcessDescriptorStep] Merged descriptor properties and parameters resolved#
#2026 07 05 06:44:38.478#Z#DEBUG#fd809866-783c-11f1-b4eb-eeee0a9d7ec9.OPERATION#flowable-async-job-executor-thread-9591#
Step "Process Descriptor Step" finished#
#2026 07 05 06:44:38.543#Z#DEBUG#fd809866-783c-11f1-b4eb-eeee0a9d7ec9.OPERATION#flowable-async-job-executor-thread-9592#
[XS2BuildCloudDeployModelStep] Executing task "buildDeployModelTask" of process "fd80988c-783c-11f1-b4eb-eeee0a9d7ec9"...#
#2026 07 05 06:44:38.548#Z#DEBUG#fd809866-783c-11f1-b4eb-eeee0a9d7ec9.OPERATION#flowable-async-job-executor-thread-9592#
[XS2BuildCloudDeployModelStep] Service keys defined for content deployment grouped by service name: { }#
#2026 07 05 06:44:38.548#Z#DEBUG#fd809866-783c-11f1-b4eb-eeee0a9d7ec9.OPERATION#flowable-async-job-executor-thread-9592#
[XS2BuildCloudDeployModelStep] Building cloud deployment model...#
#2026 07 05 06:44:38.552#Z#DEBUG#fd809866-783c-11f1-b4eb-eeee0a9d7ec9.OPERATION#flowable-async-job-executor-thread-9592#
[XS2BuildCloudDeployModelStep] MTA archive modules: [MyHANAApp-srv, MyHANAApp, MyHANAApp-db-deployer]#
#2026 07 05 06:44:38.552#Z#DEBUG#fd809866-783c-11f1-b4eb-eeee0a9d7ec9.OPERATION#flowable-async-job-executor-thread-9592#
[XS2BuildCloudDeployModelStep] Deployed modules: []#
#2026 07 05 06:44:38.554#Z#DEBUG#fd809866-783c-11f1-b4eb-eeee0a9d7ec9.OPERATION#flowable-async-job-executor-thread-9592#
[XS2BuildCloudDeployModelStep] MTA modules: [MyHANAApp-srv, MyHANAApp, MyHANAApp-db-deployer]#
#2026 07 05 06:44:38.554#Z#DEBUG#fd809866-783c-11f1-b4eb-eeee0a9d7ec9.OPERATION#flowable-async-job-executor-thread-9592#
[XS2BuildCloudDeployModelStep] Service keys to create: {
  "MyHANAApp-auth" : "********",
  "MyHANAApp-db" : [ ]
}#
#2026 07 05 06:44:38.555#Z#DEBUG#fd809866-783c-11f1-b4eb-eeee0a9d7ec9.OPERATION#flowable-async-job-executor-thread-9592#
[XS2BuildCloudDeployModelStep] Modules to deploy: [{
  "majorSchemaVersion" : 3,
  "name" : "MyHANAApp-srv",
  "type" : "javascript.nodejs",
  "path" : "MyHANAApp-srv",
  "properties" : { },
  "parameters" : {
    "default-url" : "https://coe-emea-hana-platform-d054555-coe-emea-hana-ti-cloud-m7c222000.cfapps.eu20.hana.ondemand.com",
    "default-app-name" : "MyHANAApp-srv",
    "generated-password" : "********",
    "default-live-url" : "https://coe-emea-hana-platform-d054555-coe-emea-hana-ti-cloud-m7c222000.cfapps.eu20.hana.ondemand.com",
    "default-uri" : "coe-emea-hana-platform-d054555-coe-emea-hana-ti-cloud-m7c222000.cfapps.eu20.hana.ondemand.com",
    "default-instances" : 1,
    "default-live-host" : "coe-emea-hana-platform-d054555-coe-emea-hana-ti-cloud-m7c222000",
    "instances" : 1,
    "buildpack" : "nodejs_buildpack",
    "default-host" : "coe-emea-hana-platform-d054555-coe-emea-hana-ti-cloud-m7c222000",
    "app-name" : "MyHANAApp-srv",
    "default-live-uri" : "coe-emea-hana-platform-d054555-coe-emea-hana-ti-cloud-m7c222000.cfapps.eu20.hana.ondemand.com",
    "protocol" : "https",
    "default-live-app-name" : "MyHANAApp-srv",
    "default-live-domain" : "cfapps.eu20.hana.ondemand.com",
    "dependency-type" : "soft",
    "domain" : "cfapps.eu20.hana.ondemand.com",
    "host" : "coe-emea-hana-platform-d054555-coe-emea-hana-ti-cloud-m7c222000",
    "generated-user" : "********"
  },
  "requiredDependencies" : [ {
    "majorSchemaVersion" : 3,
    "name" : "********",
    "properties" : { },
    "parameters" : { },
    "propertiesMetadata" : {
      "metadata" : { }
    },
    "parametersMetadata" : {
      "metadata" : { }
    }
  }, {
    "majorSchemaVersion" : 3,
    "name" : "MyHANAApp-db",
    "properties" : { },
    "parameters" : { },
    "propertiesMetadata" : {
      "metadata" : { }
    },
    "parametersMetadata" : {
      "metadata" : { }
    }
  } ],
  "providedDependencies" : [ {
    "majorSchemaVersion" : 3,
    "name" : "srv-api",
    "isPublic" : false,
    "properties" : {
      "srv-url" : "https://coe-emea-hana-platform-d054555-coe-emea-hana-ti-cloud-m7c222000.cfapps.eu20.hana.ondemand.com"
    },
    "parameters" : { },
    "propertiesMetadata" : {
      "metadata" : { }
    },
    "parametersMetadata" : {
      "metadata" : { }
    }
  }, {
    "majorSchemaVersion" : 3,
    "name" : "MyHANAApp-srv",
    "isPublic" : false,
    "properties" : { },
    "parameters" : { },
    "propertiesMetadata" : {
      "metadata" : { }
    },
    "parametersMetadata" : {
      "metadata" : { }
    }
  } ],
  "propertiesMetadata" : {
    "metadata" : { }
  },
  "parametersMetadata" : {
    "metadata" : { }
  },
  "deployedAfter" : [ ],
  "hooks" : [ ]
}, {
  "majorSchemaVersion" : 3,
  "name" : "MyHANAApp-db-deployer",
  "type" : "com.sap.xs.hdi",
  "path" : "MyHANAApp-db-deployer",
  "properties" : {
    "EXIT" : 1
  },
  "parameters" : {
    "default-url" : "https://coe-emea-hana-platform-d054555-coe-emea-hana-ti-cloud-m456f32b4.cfapps.eu20.hana.ondemand.com",
    "default-app-name" : "MyHANAApp-db-deployer",
    "generated-password" : "********",
    "default-live-url" : "https://coe-emea-hana-platform-d054555-coe-emea-hana-ti-cloud-m456f32b4.cfapps.eu20.hana.ondemand.com",
    "default-uri" : "coe-emea-hana-platform-d054555-coe-emea-hana-ti-cloud-m456f32b4.cfapps.eu20.hana.ondemand.com",
    "memory" : "256M",
    "default-instances" : 1,
    "no-route" : true,
    "default-live-host" : "coe-emea-hana-platform-d054555-coe-emea-hana-ti-cloud-m456f32b4",
    "instances" : 1,
    "buildpack" : "nodejs_buildpack",
    "default-host" : "coe-emea-hana-platform-d054555-coe-emea-hana-ti-cloud-m456f32b4",
    "app-name" : "MyHANAApp-db-deployer",
    "default-live-uri" : "coe-emea-hana-platform-d054555-coe-emea-hana-ti-cloud-m456f32b4.cfapps.eu20.hana.ondemand.com",
    "protocol" : "https",
    "default-live-app-name" : "MyHANAApp-db-deployer",
    "default-live-domain" : "cfapps.eu20.hana.ondemand.com",
    "dependency-type" : "hard",
    "domain" : "cfapps.eu20.hana.ondemand.com",
    "host" : "coe-emea-hana-platform-d054555-coe-emea-hana-ti-cloud-m456f32b4",
    "generated-user" : "********",
    "tasks" : [ {
      "command" : "npm start",
      "memory" : "256M",
      "name" : "deploy"
    } ],
    "no-start" : true
  },
  "requiredDependencies" : [ {
    "majorSchemaVersion" : 3,
    "name" : "MyHANAApp-db",
    "properties" : { },
    "parameters" : { },
    "propertiesMetadata" : {
      "metadata" : { }
    },
    "parametersMetadata" : {
      "metadata" : { }
    }
  } ],
  "providedDependencies" : [ {
    "majorSchemaVersion" : 3,
    "name" : "MyHANAApp-db-deployer",
    "isPublic" : false,
    "properties" : { },
    "parameters" : { },
    "propertiesMetadata" : {
      "metadata" : { }
    },
    "parametersMetadata" : {
      "metadata" : { }
    }
  } ],
  "propertiesMetadata" : {
    "metadata" : { }
  },
  "parametersMetadata" : {
    "metadata" : { }
  },
  "deployedAfter" : [ ],
  "hooks" : [ ]
}, {
  "majorSchemaVersion" : 3,
  "name" : "MyHANAApp",
  "type" : "javascript.nodejs",
  "path" : "MyHANAApp",
  "properties" : { },
  "parameters" : {
    "default-url" : "https://coe-emea-hana-platform-d054555-coe-emea-hana-ti-cloud-myhanaapp.cfapps.eu20.hana.ondemand.com",
    "default-app-name" : "MyHANAApp",
    "generated-password" : "********",
    "default-live-url" : "https://coe-emea-hana-platform-d054555-coe-emea-hana-ti-cloud-myhanaapp.cfapps.eu20.hana.ondemand.com",
    "default-uri" : "coe-emea-hana-platform-d054555-coe-emea-hana-ti-cloud-myhanaapp.cfapps.eu20.hana.ondemand.com",
    "memory" : "256M",
    "default-instances" : 1,
    "default-live-host" : "coe-emea-hana-platform-d054555-coe-emea-hana-ti-cloud-myhanaapp",
    "instances" : 1,
    "default-host" : "coe-emea-hana-platform-d054555-coe-emea-hana-ti-cloud-myhanaapp",
    "keep-existing-routes" : true,
    "app-name" : "MyHANAApp",
    "default-live-uri" : "coe-emea-hana-platform-d054555-coe-emea-hana-ti-cloud-myhanaapp.cfapps.eu20.hana.ondemand.com",
    "protocol" : "https",
    "default-live-app-name" : "MyHANAApp",
    "default-live-domain" : "cfapps.eu20.hana.ondemand.com",
    "disk-quota" : "256M",
    "dependency-type" : "soft",
    "domain" : "cfapps.eu20.hana.ondemand.com",
    "host" : "coe-emea-hana-platform-d054555-coe-emea-hana-ti-cloud-myhanaapp",
    "generated-user" : "********"
  },
  "requiredDependencies" : [ {
    "majorSchemaVersion" : 3,
    "name" : "srv-api",
    "group" : "destinations",
    "properties" : {
      "name" : "srv-api",
      "forwardAuthToken" : "********",
      "url" : "https://coe-emea-hana-platform-d054555-coe-emea-hana-ti-cloud-m7c222000.cfapps.eu20.hana.ondemand.com"
    },
    "parameters" : { },
    "propertiesMetadata" : {
      "metadata" : { }
    },
    "parametersMetadata" : {
      "metadata" : { }
    }
  }, {
    "majorSchemaVersion" : 3,
    "name" : "********",
    "properties" : { },
    "parameters" : { },
    "propertiesMetadata" : {
      "metadata" : { }
    },
    "parametersMetadata" : {
      "metadata" : { }
    }
  } ],
  "providedDependencies" : [ {
    "majorSchemaVersion" : 3,
    "name" : "app-api",
    "isPublic" : false,
    "properties" : {
      "app-protocol" : "https",
      "app-uri" : "coe-emea-hana-platform-d054555-coe-emea-hana-ti-cloud-myhanaapp.cfapps.eu20.hana.ondemand.com"
    },
    "parameters" : { },
    "propertiesMetadata" : {
      "metadata" : { }
    },
    "parametersMetadata" : {
      "metadata" : { }
    }
  }, {
    "majorSchemaVersion" : 3,
    "name" : "MyHANAApp",
    "isPublic" : false,
    "properties" : { },
    "parameters" : { },
    "propertiesMetadata" : {
      "metadata" : { }
    },
    "parametersMetadata" : {
      "metadata" : { }
    }
  } ],
  "propertiesMetadata" : {
    "metadata" : { }
  },
  "parametersMetadata" : {
    "metadata" : { }
  },
  "deployedAfter" : [ ],
  "hooks" : [ ]
}]#
#2026 07 05 06:44:38.556#Z#DEBUG#fd809866-783c-11f1-b4eb-eeee0a9d7ec9.OPERATION#flowable-async-job-executor-thread-9592#
[XS2BuildCloudDeployModelStep] Custom domains: []#
#2026 07 05 06:44:38.559#Z#DEBUG#fd809866-783c-11f1-b4eb-eeee0a9d7ec9.OPERATION#flowable-async-job-executor-thread-9592#
[XS2BuildCloudDeployModelStep] Calculating resource batches...#
#2026 07 05 06:44:38.559#Z#DEBUG#fd809866-783c-11f1-b4eb-eeee0a9d7ec9.OPERATION#flowable-async-job-executor-thread-9592#
[XS2BuildCloudDeployModelStep] Calculating resource batches completed.#
#2026 07 05 06:44:38.559#Z#DEBUG#fd809866-783c-11f1-b4eb-eeee0a9d7ec9.OPERATION#flowable-async-job-executor-thread-9592#
[XS2BuildCloudDeployModelStep] Cloud deployment model built#
#2026 07 05 06:44:38.559#Z#DEBUG#fd809866-783c-11f1-b4eb-eeee0a9d7ec9.OPERATION#flowable-async-job-executor-thread-9592#
Step "Build Deploy Model" finished#
#2026 07 05 06:44:38.625#Z#DEBUG#fd809866-783c-11f1-b4eb-eeee0a9d7ec9.OPERATION#flowable-async-job-executor-thread-9593#
[BuildCloudUndeployModelStep] Executing task "buildUndeployModelTask" of process "fd80988c-783c-11f1-b4eb-eeee0a9d7ec9"...#
#2026 07 05 06:44:38.627#Z#DEBUG#fd809866-783c-11f1-b4eb-eeee0a9d7ec9.OPERATION#flowable-async-job-executor-thread-9593#
[BuildCloudUndeployModelStep] Building cloud undeployment model...#
#2026 07 05 06:44:38.630#Z#DEBUG#fd809866-783c-11f1-b4eb-eeee0a9d7ec9.OPERATION#flowable-async-job-executor-thread-9593#
[BuildCloudUndeployModelStep] Detecting service keys to delete.#
#2026 07 05 06:44:38.632#Z#DEBUG#fd809866-783c-11f1-b4eb-eeee0a9d7ec9.OPERATION#flowable-async-job-executor-thread-9593#
[BuildCloudUndeployModelStep] No deployed service keys detected!#
#2026 07 05 06:44:38.632#Z#DEBUG#fd809866-783c-11f1-b4eb-eeee0a9d7ec9.OPERATION#flowable-async-job-executor-thread-9593#
[BuildCloudUndeployModelStep] Detected service keys to delete "[]"#
#2026 07 05 06:44:38.641#Z#DEBUG#fd809866-783c-11f1-b4eb-eeee0a9d7ec9.OPERATION#flowable-async-job-executor-thread-9593#
[BuildCloudUndeployModelStep] MTA modules: [MyHANAApp-srv, MyHANAApp, MyHANAApp-db-deployer]#
#2026 07 05 06:44:38.641#Z#DEBUG#fd809866-783c-11f1-b4eb-eeee0a9d7ec9.OPERATION#flowable-async-job-executor-thread-9593#
[BuildCloudUndeployModelStep] Modules to undeploy: [ ]#
#2026 07 05 06:44:38.641#Z#DEBUG#fd809866-783c-11f1-b4eb-eeee0a9d7ec9.OPERATION#flowable-async-job-executor-thread-9593#
[BuildCloudUndeployModelStep] Modules that won't be changed: [ ]#
#2026 07 05 06:44:38.643#Z#DEBUG#fd809866-783c-11f1-b4eb-eeee0a9d7ec9.OPERATION#flowable-async-job-executor-thread-9593#
[BuildCloudUndeployModelStep] Subscriptions to delete: [ ]#
#2026 07 05 06:44:38.646#Z#DEBUG#fd809866-783c-11f1-b4eb-eeee0a9d7ec9.OPERATION#flowable-async-job-executor-thread-9593#
[BuildCloudUndeployModelStep] Cloud services to delete: []#
#2026 07 05 06:44:38.646#Z#DEBUG#fd809866-783c-11f1-b4eb-eeee0a9d7ec9.OPERATION#flowable-async-job-executor-thread-9593#
[BuildCloudUndeployModelStep] Cloud applications to undeploy: [ ]#
#2026 07 05 06:44:38.651#Z#DEBUG#fd809866-783c-11f1-b4eb-eeee0a9d7ec9.OPERATION#flowable-async-job-executor-thread-9593#
[BuildCloudUndeployModelStep] Cloud undeployment model built#
#2026 07 05 06:44:38.651#Z#DEBUG#fd809866-783c-11f1-b4eb-eeee0a9d7ec9.OPERATION#flowable-async-job-executor-thread-9593#
Step "Build Undeploy Model" finished#
#2026 07 05 06:44:38.716#Z#DEBUG#fd809866-783c-11f1-b4eb-eeee0a9d7ec9.OPERATION#flowable-async-job-executor-thread-9594#
[AddDomainsStep] Executing task "addDomainsTask" of process "fd80988c-783c-11f1-b4eb-eeee0a9d7ec9"...#
#2026 07 05 06:44:38.719#Z#DEBUG#fd809866-783c-11f1-b4eb-eeee0a9d7ec9.OPERATION#flowable-async-job-executor-thread-9594#
[AddDomainsStep] Custom domains: []#
#2026 07 05 06:44:38.719#Z#DEBUG#fd809866-783c-11f1-b4eb-eeee0a9d7ec9.OPERATION#flowable-async-job-executor-thread-9594#
Step "Add Domains" finished#
#2026 07 05 06:44:38.925#Z#DEBUG#fd809866-783c-11f1-b4eb-eeee0a9d7ec9.OPERATION#flowable-async-job-executor-thread-9596#
[ExtractBatchedServicesWithResolvedDynamicParametersStep] Executing task "prepareModulesDeploymentTask" of process "fe7f43ec-783c-11f1-b4eb-eeee0a9d7ec9"...#
#2026 07 05 06:44:38.926#Z#DEBUG#fd809866-783c-11f1-b4eb-eeee0a9d7ec9.OPERATION#flowable-async-job-executor-thread-9596#
[ExtractBatchedServicesWithResolvedDynamicParametersStep] Extracting services and resolving dynamic parameters from batch#
#2026 07 05 06:44:38.929#Z#DEBUG#fd809866-783c-11f1-b4eb-eeee0a9d7ec9.OPERATION#flowable-async-job-executor-thread-9596#
[ExtractBatchedServicesWithResolvedDynamicParametersStep] Services to create: [ {
  "isOptional" : false,
  "isManaged" : true,
  "name" : "********",
  "v3Metadata" : {
    "annotations" : {
      "mta_id" : "MyHANAApp",
      "mta_version" : "1.0.0",
      "mta_resource" : "********"
    },
    "labels" : {
      "mta_id" : "ec807ea94ed79a44f90dccbd559c6f5f"
    }
  },
  "label" : "xsuaa",
  "plan" : "application",
  "credentials" : "********",
  "tags" : [ ],
  "type" : "managed",
  "resourceName" : "********",
  "shouldSkipParametersUpdate" : false,
  "shouldSkipPlanUpdate" : false,
  "shouldSkipTagsUpdate" : false,
  "shouldSkipSyslogUrlUpdate" : false
}, {
  "isOptional" : false,
  "isManaged" : true,
  "name" : "MyHANAApp-db",
  "v3Metadata" : {
    "annotations" : {
      "mta_id" : "MyHANAApp",
      "mta_version" : "1.0.0",
      "mta_resource" : "{\"name\":\"MyHANAApp-db\"}"
    },
    "labels" : {
      "mta_id" : "ec807ea94ed79a44f90dccbd559c6f5f"
    }
  },
  "label" : "hana",
  "plan" : "hdi-shared",
  "credentials" : "********",
  "tags" : [ ],
  "type" : "managed",
  "resourceName" : "MyHANAApp-db",
  "shouldSkipParametersUpdate" : false,
  "shouldSkipPlanUpdate" : false,
  "shouldSkipTagsUpdate" : false,
  "shouldSkipSyslogUrlUpdate" : false
} ]#
#2026 07 05 06:44:38.931#Z#DEBUG#fd809866-783c-11f1-b4eb-eeee0a9d7ec9.OPERATION#flowable-async-job-executor-thread-9596#
Step "Extract Services with Resolved Dynamic parameters from batch" finished#
#2026 07 05 06:44:39.096#Z#DEBUG#fd809866-783c-11f1-b4eb-eeee0a9d7ec9.OPERATION#flowable-async-job-executor-thread-9599#
[CheckServiceOperationStateStep] Executing task "CheckServiceOperationStateTask" of process "fe9b56aa-783c-11f1-b4eb-eeee0a9d7ec9"...#
#2026 07 05 06:44:39.098#Z#DEBUG#fd809866-783c-11f1-b4eb-eeee0a9d7ec9.OPERATION#flowable-async-job-executor-thread-9599#
[CheckServiceOperationStateStep] Getting service instance "MyHANAApp-auth"...#
#2026 07 05 06:44:39.274#Z#DEBUG#fd809866-783c-11f1-b4eb-eeee0a9d7ec9.OPERATION#flowable-async-job-executor-thread-9599#
Step "Check for service operations in Progress" finished#
#2026 07 05 06:44:39.236#Z#DEBUG#fd809866-783c-11f1-b4eb-eeee0a9d7ec9.OPERATION#flowable-async-job-executor-thread-15813#
[CheckServiceOperationStateStep] Executing task "CheckServiceOperationStateTask" of process "feb5e387-783c-11f1-8a21-eeee0a8a6d24"...#
#2026 07 05 06:44:39.237#Z#DEBUG#fd809866-783c-11f1-b4eb-eeee0a9d7ec9.OPERATION#flowable-async-job-executor-thread-15813#
[CheckServiceOperationStateStep] Getting service instance "MyHANAApp-db"...#
#2026 07 05 06:44:39.356#Z#DEBUG#fd809866-783c-11f1-b4eb-eeee0a9d7ec9.OPERATION#flowable-async-job-executor-thread-15813#
Step "Check for service operations in Progress" finished#
#2026 07 05 06:44:39.394#Z#DEBUG#fd809866-783c-11f1-b4eb-eeee0a9d7ec9.OPERATION#flowable-async-job-executor-thread-15814#
[DetermineServiceCreateUpdateServiceActionsStep] Executing task "DetermineServiceCreateUpdateActionsTask" of process "feb5e387-783c-11f1-8a21-eeee0a8a6d24"...#
#2026 07 05 06:44:39.395#Z#INFO#fd809866-783c-11f1-b4eb-eeee0a9d7ec9.OPERATION#flowable-async-job-executor-thread-15814#
[DetermineServiceCreateUpdateServiceActionsStep] Processing service "MyHANAApp-db"...#
#2026 07 05 06:44:39.402#Z#DEBUG#fd809866-783c-11f1-b4eb-eeee0a9d7ec9.OPERATION#flowable-async-job-executor-thread-15814#
[DetermineServiceCreateUpdateServiceActionsStep] Getting service instance "MyHANAApp-db"...#
#2026 07 05 06:44:39.543#Z#DEBUG#fd809866-783c-11f1-b4eb-eeee0a9d7ec9.OPERATION#flowable-async-job-executor-thread-15814#
[DetermineServiceCreateUpdateServiceActionsStep] Existing service: {
  "name" : "MyHANAApp-db",
  "metadata" : {
    "guid" : "584becf6-3c17-4525-8c45-31f4a82598bd",
    "createdAt" : [ 2026, 6, 4, 14, 10, 20 ],
    "updatedAt" : [ 2026, 6, 4, 14, 10, 20 ]
  },
  "v3Metadata" : {
    "annotations" : {
      "mta_id" : "MyHANAApp",
      "mta_version" : "1.0.0",
      "mta_resource" : "{\"name\":\"MyHANAApp-db\"}"
    },
    "labels" : {
      "mta_id" : "ec807ea94ed79a44f90dccbd559c6f5f"
    }
  },
  "label" : "hana",
  "plan" : "hdi-shared",
  "credentials" : "********",
  "tags" : [ ],
  "type" : "managed",
  "lastOperation" : {
    "type" : "CREATE",
    "state" : "SUCCEEDED"
  }
}#
#2026 07 05 06:44:39.543#Z#WARN#fd809866-783c-11f1-b4eb-eeee0a9d7ec9.OPERATION#flowable-async-job-executor-thread-15814#
[DetermineServiceCreateUpdateServiceActionsStep] Service parameters for service "MyHANAApp-db" will not be updated, as the parameters are not defined or empty.#
#2026 07 05 06:44:39.543#Z#DEBUG#fd809866-783c-11f1-b4eb-eeee0a9d7ec9.OPERATION#flowable-async-job-executor-thread-15814#
Step "Determine update actions" finished#
#2026 07 05 06:44:39.587#Z#DEBUG#fd809866-783c-11f1-b4eb-eeee0a9d7ec9.OPERATION#flowable-async-job-executor-thread-15815#
[CheckForServiceBindingOrKeyOperationStep] Executing task "CheckForServiceBindingOrKeyCreation" of process "feb5e387-783c-11f1-8a21-eeee0a8a6d24"...#
#2026 07 05 06:44:39.588#Z#DEBUG#fd809866-783c-11f1-b4eb-eeee0a9d7ec9.OPERATION#flowable-async-job-executor-thread-15815#
Step "Check for service binding or key creation" finished#
#2026 07 05 06:44:39.339#Z#DEBUG#fd809866-783c-11f1-b4eb-eeee0a9d7ec9.OPERATION#flowable-async-job-executor-thread-9600#
[DetermineServiceCreateUpdateServiceActionsStep] Executing task "DetermineServiceCreateUpdateActionsTask" of process "fe9b56aa-783c-11f1-b4eb-eeee0a9d7ec9"...#
#2026 07 05 06:44:39.343#Z#INFO#fd809866-783c-11f1-b4eb-eeee0a9d7ec9.OPERATION#flowable-async-job-executor-thread-9600#
[DetermineServiceCreateUpdateServiceActionsStep] Processing service "MyHANAApp-auth"...#
#2026 07 05 06:44:39.355#Z#DEBUG#fd809866-783c-11f1-b4eb-eeee0a9d7ec9.OPERATION#flowable-async-job-executor-thread-9600#
[DetermineServiceCreateUpdateServiceActionsStep] Getting service instance "MyHANAApp-auth"...#
#2026 07 05 06:44:39.558#Z#INFO#fd809866-783c-11f1-b4eb-eeee0a9d7ec9.OPERATION#flowable-async-job-executor-thread-9600#
[DetermineServiceCreateUpdateServiceActionsStep] Setting service "MyHANAApp-auth" parameters from "xs-security.json"#
#2026 07 05 06:44:39.599#Z#DEBUG#fd809866-783c-11f1-b4eb-eeee0a9d7ec9.OPERATION#flowable-async-job-executor-thread-9600#
[DetermineServiceCreateUpdateServiceActionsStep] Existing service: {
  "name" : "********",
  "metadata" : {
    "guid" : "0f5592d4-0ff0-41b1-84b5-54188c7cf4c6",
    "createdAt" : [ 2026, 6, 4, 14, 14, 12 ],
    "updatedAt" : [ 2026, 6, 4, 14, 14, 12 ]
  },
  "v3Metadata" : {
    "annotations" : {
      "mta_id" : "MyHANAApp",
      "mta_version" : "1.0.0",
      "mta_resource" : "********"
    },
    "labels" : {
      "mta_id" : "ec807ea94ed79a44f90dccbd559c6f5f"
    }
  },
  "label" : "xsuaa",
  "plan" : "application",
  "credentials" : "********",
  "tags" : [ ],
  "type" : "managed",
  "lastOperation" : {
    "type" : "UPDATE",
    "description" : "Error updating application null (Error parsing xs-security.json data: Inconsistent xs-security.json: Invalid xsappname \"MyHANAApp-CoE EMEA HANA Platform_D054555-COE EMEA HANA TI Cloud\": May only include characters 'a'-'z', 'A'-'Z', '0'-'9', '_', '-', '', and '/'.)",
    "state" : "FAILED"
  }
}#
#2026 07 05 06:44:39.600#Z#DEBUG#fd809866-783c-11f1-b4eb-eeee0a9d7ec9.OPERATION#flowable-async-job-executor-thread-9600#
[DetermineServiceCreateUpdateServiceActionsStep] Service parameters will be updated#
#2026 07 05 06:44:39.600#Z#DEBUG#fd809866-783c-11f1-b4eb-eeee0a9d7ec9.OPERATION#flowable-async-job-executor-thread-9600#
[DetermineServiceCreateUpdateServiceActionsStep] New parameters: {
  "attributes" : [ ],
  "oauth2-configuration" : "********",
  "role-templates" : [ {
    "name" : "Admin",
    "description" : "generated",
    "scope-references" : [ "$XSAPPNAME.Admin" ],
    "attribute-references" : [ ]
  } ],
  "scopes" : [ {
    "name" : "$XSAPPNAME.Admin",
    "description" : "Admin"
  } ],
  "tenant-mode" : "dedicated",
  "xsappname" : "MyHANAApp"
}#
#2026 07 05 06:44:39.600#Z#DEBUG#fd809866-783c-11f1-b4eb-eeee0a9d7ec9.OPERATION#flowable-async-job-executor-thread-9600#
Step "Determine update actions" finished#
#2026 07 05 06:44:39.681#Z#DEBUG#fd809866-783c-11f1-b4eb-eeee0a9d7ec9.OPERATION#flowable-async-job-executor-thread-9601#
[CheckForServiceBindingOrKeyOperationStep] Executing task "CheckForServiceBindingOrKeyCreation" of process "fe9b56aa-783c-11f1-b4eb-eeee0a9d7ec9"...#
#2026 07 05 06:44:39.685#Z#DEBUG#fd809866-783c-11f1-b4eb-eeee0a9d7ec9.OPERATION#flowable-async-job-executor-thread-9601#
Step "Check for service binding or key creation" finished#
#2026 07 05 06:44:39.758#Z#DEBUG#fd809866-783c-11f1-b4eb-eeee0a9d7ec9.OPERATION#flowable-async-job-executor-thread-9602#
[UpdateServiceParametersStep] Executing task "UpdateServiceParametersTask" of process "fe9b56aa-783c-11f1-b4eb-eeee0a9d7ec9"...#
#2026 07 05 06:44:39.763#Z#INFO#fd809866-783c-11f1-b4eb-eeee0a9d7ec9.OPERATION#flowable-async-job-executor-thread-9602#
[UpdateServiceParametersStep] Updating service "MyHANAApp-auth"...#
#2026 07 05 06:44:39.774#Z#DEBUG#fd809866-783c-11f1-b4eb-eeee0a9d7ec9.OPERATION#flowable-async-job-executor-thread-9602#
[UpdateServiceParametersStep] Updating service parameters for service "MyHANAApp-auth"...#
#2026 07 05 06:44:39.937#Z#DEBUG#fd809866-783c-11f1-b4eb-eeee0a9d7ec9.OPERATION#flowable-async-job-executor-thread-9602#
[UpdateServiceParametersStep] Service "MyHANAApp-auth" updated#
#2026 07 05 06:44:39.937#Z#DEBUG#fd809866-783c-11f1-b4eb-eeee0a9d7ec9.OPERATION#flowable-async-job-executor-thread-9602#
[UpdateServiceParametersStep] Triggered service operations: {
  "MyHANAApp-auth" : "UPDATE"
}#
#2026 07 05 06:44:39.939#Z#DEBUG#fd809866-783c-11f1-b4eb-eeee0a9d7ec9.OPERATION#flowable-async-job-executor-thread-9602#
Step "Update parameters" finished#
#2026 07 05 06:44:47.137#Z#DEBUG#fd809866-783c-11f1-b4eb-eeee0a9d7ec9.OPERATION#flowable-async-job-executor-thread-33579#
[UpdateServiceParametersStep] Executing task "UpdateServiceParametersTask" of process "fe9b56aa-783c-11f1-b4eb-eeee0a9d7ec9"...#
#2026 07 05 06:44:47.138#Z#DEBUG#fd809866-783c-11f1-b4eb-eeee0a9d7ec9.OPERATION#flowable-async-job-executor-thread-33579#
[UpdateServiceParametersStep] Polling service operations...#
#2026 07 05 06:44:47.297#Z#DEBUG#fd809866-783c-11f1-b4eb-eeee0a9d7ec9.OPERATION#flowable-async-job-executor-thread-33579#
[UpdateServiceParametersStep] Getting service instance "MyHANAApp-auth"...#
#2026 07 05 06:44:47.496#Z#WARN#fd809866-783c-11f1-b4eb-eeee0a9d7ec9.OPERATION#flowable-async-job-executor-thread-33579#
[UpdateServiceParametersStep] Updating service "MyHANAApp-auth" failed: Error updating application null (Error parsing xs-security.json data: Inconsistent xs-security.json: Mismatch in Letter Case of scope names between existing scopes [myhanaapp!t2925.Admin] and new scopes [MyHANAApp!t2925.Admin])#
#2026 07 05 06:44:47.504#Z#DEBUG#fd809866-783c-11f1-b4eb-eeee0a9d7ec9.OPERATION#flowable-async-job-executor-thread-33579#
[UpdateServiceParametersStep] Last operation for service "MyHANAApp-auth": {
  "type" : "UPDATE",
  "description" : "Error updating application null (Error parsing xs-security.json data: Inconsistent xs-security.json: Mismatch in Letter Case of scope names between existing scopes [myhanaapp!t2925.Admin] and new scopes [MyHANAApp!t2925.Admin])",
  "state" : "SUCCEEDED"
}#
#2026 07 05 06:44:47.504#Z#DEBUG#fd809866-783c-11f1-b4eb-eeee0a9d7ec9.OPERATION#flowable-async-job-executor-thread-33579#
[UpdateServiceParametersStep] Service "MyHANAApp-auth" updated#
#2026 07 05 06:44:47.504#Z#INFO#fd809866-783c-11f1-b4eb-eeee0a9d7ec9.OPERATION#flowable-async-job-executor-thread-33579#
[UpdateServiceParametersStep] 1 of 1 done#
#2026 07 05 06:44:47.511#Z#DEBUG#fd809866-783c-11f1-b4eb-eeee0a9d7ec9.OPERATION#flowable-async-job-executor-thread-33579#
[UpdateServiceParametersStep] Remaining services to poll: [ ]#
#2026 07 05 06:44:47.512#Z#DEBUG#fd809866-783c-11f1-b4eb-eeee0a9d7ec9.OPERATION#flowable-async-job-executor-thread-33579#
Step "Update parameters" finished#
#2026 07 05 06:44:47.700#Z#DEBUG#fd809866-783c-11f1-b4eb-eeee0a9d7ec9.OPERATION#flowable-async-job-executor-thread-33582#
[PrepareModulesDeploymentStep] Executing task "prepareModulesDeploymentTask" of process "03c0059a-783d-11f1-a5fe-eeee0a8eee86"...#
#2026 07 05 06:44:47.700#Z#DEBUG#fd809866-783c-11f1-b4eb-eeee0a9d7ec9.OPERATION#flowable-async-job-executor-thread-33582#
[PrepareModulesDeploymentStep] Preparing modules deployment...#
#2026 07 05 06:44:47.704#Z#DEBUG#fd809866-783c-11f1-b4eb-eeee0a9d7ec9.OPERATION#flowable-async-job-executor-thread-33582#
Step "Prepare Modules Deployment" finished#
#2026 07 05 06:44:47.742#Z#DEBUG#fd809866-783c-11f1-b4eb-eeee0a9d7ec9.OPERATION#flowable-async-job-executor-thread-33583#
[ComputeNextModulesStep] Executing task "computeNextModulesToDeployInParallel" of process "03c0059a-783d-11f1-a5fe-eeee0a8eee86"...#
#2026 07 05 06:44:47.743#Z#DEBUG#fd809866-783c-11f1-b4eb-eeee0a9d7ec9.OPERATION#flowable-async-job-executor-thread-33583#
[ComputeNextModulesStep] Computing modules for next parallel iteration...#
#2026 07 05 06:44:47.745#Z#DEBUG#fd809866-783c-11f1-b4eb-eeee0a9d7ec9.OPERATION#flowable-async-job-executor-thread-33583#
[ComputeNextModulesStep] Completed modules detected: []#
#2026 07 05 06:44:47.745#Z#DEBUG#fd809866-783c-11f1-b4eb-eeee0a9d7ec9.OPERATION#flowable-async-job-executor-thread-33583#
[ComputeNextModulesStep] All modules for deploy detected: [MyHANAApp-srv, MyHANAApp, MyHANAApp-db-deployer]#
#2026 07 05 06:44:47.745#Z#DEBUG#fd809866-783c-11f1-b4eb-eeee0a9d7ec9.OPERATION#flowable-async-job-executor-thread-33583#
[ComputeNextModulesStep] Modules not for deploy detected: []#
#2026 07 05 06:44:47.746#Z#DEBUG#fd809866-783c-11f1-b4eb-eeee0a9d7ec9.OPERATION#flowable-async-job-executor-thread-33583#
[ComputeNextModulesStep] Computed modules for next parallel iteration: [ {
  "majorSchemaVersion" : 3,
  "name" : "MyHANAApp-srv",
  "type" : "javascript.nodejs",
  "path" : "MyHANAApp-srv",
  "properties" : { },
  "parameters" : {
    "app-name" : "MyHANAApp-srv",
    "buildpack" : "nodejs_buildpack",
    "default-app-name" : "MyHANAApp-srv",
    "default-host" : "coe-emea-hana-platform-d054555-coe-emea-hana-ti-cloud-m7c222000",
    "default-instances" : 1,
    "default-live-app-name" : "MyHANAApp-srv",
    "default-live-domain" : "cfapps.eu20.hana.ondemand.com",
    "default-live-host" : "coe-emea-hana-platform-d054555-coe-emea-hana-ti-cloud-m7c222000",
    "default-live-uri" : "coe-emea-hana-platform-d054555-coe-emea-hana-ti-cloud-m7c222000.cfapps.eu20.hana.ondemand.com",
    "default-live-url" : "https://coe-emea-hana-platform-d054555-coe-emea-hana-ti-cloud-m7c222000.cfapps.eu20.hana.ondemand.com",
    "default-uri" : "coe-emea-hana-platform-d054555-coe-emea-hana-ti-cloud-m7c222000.cfapps.eu20.hana.ondemand.com",
    "default-url" : "https://coe-emea-hana-platform-d054555-coe-emea-hana-ti-cloud-m7c222000.cfapps.eu20.hana.ondemand.com",
    "dependency-type" : "soft",
    "domain" : "cfapps.eu20.hana.ondemand.com",
    "generated-password" : "********",
    "generated-user" : "********",
    "host" : "coe-emea-hana-platform-d054555-coe-emea-hana-ti-cloud-m7c222000",
    "instances" : 1,
    "protocol" : "https"
  },
  "requiredDependencies" : [ {
    "majorSchemaVersion" : 3,
    "name" : "********",
    "properties" : { },
    "parameters" : { },
    "propertiesMetadata" : {
      "metadata" : { }
    },
    "parametersMetadata" : {
      "metadata" : { }
    }
  }, {
    "majorSchemaVersion" : 3,
    "name" : "MyHANAApp-db",
    "properties" : { },
    "parameters" : { },
    "propertiesMetadata" : {
      "metadata" : { }
    },
    "parametersMetadata" : {
      "metadata" : { }
    }
  } ],
  "providedDependencies" : [ {
    "majorSchemaVersion" : 3,
    "name" : "srv-api",
    "isPublic" : false,
    "properties" : {
      "srv-url" : "https://coe-emea-hana-platform-d054555-coe-emea-hana-ti-cloud-m7c222000.cfapps.eu20.hana.ondemand.com"
    },
    "parameters" : { },
    "propertiesMetadata" : {
      "metadata" : { }
    },
    "parametersMetadata" : {
      "metadata" : { }
    }
  }, {
    "majorSchemaVersion" : 3,
    "name" : "MyHANAApp-srv",
    "isPublic" : false,
    "properties" : { },
    "parameters" : { },
    "propertiesMetadata" : {
      "metadata" : { }
    },
    "parametersMetadata" : {
      "metadata" : { }
    }
  } ],
  "propertiesMetadata" : {
    "metadata" : { }
  },
  "parametersMetadata" : {
    "metadata" : { }
  },
  "deployedAfter" : [ ],
  "hooks" : [ ]
}, {
  "majorSchemaVersion" : 3,
  "name" : "MyHANAApp-db-deployer",
  "type" : "com.sap.xs.hdi",
  "path" : "MyHANAApp-db-deployer",
  "properties" : {
    "EXIT" : 1
  },
  "parameters" : {
    "app-name" : "MyHANAApp-db-deployer",
    "buildpack" : "nodejs_buildpack",
    "default-app-name" : "MyHANAApp-db-deployer",
    "default-host" : "coe-emea-hana-platform-d054555-coe-emea-hana-ti-cloud-m456f32b4",
    "default-instances" : 1,
    "default-live-app-name" : "MyHANAApp-db-deployer",
    "default-live-domain" : "cfapps.eu20.hana.ondemand.com",
    "default-live-host" : "coe-emea-hana-platform-d054555-coe-emea-hana-ti-cloud-m456f32b4",
    "default-live-uri" : "coe-emea-hana-platform-d054555-coe-emea-hana-ti-cloud-m456f32b4.cfapps.eu20.hana.ondemand.com",
    "default-live-url" : "https://coe-emea-hana-platform-d054555-coe-emea-hana-ti-cloud-m456f32b4.cfapps.eu20.hana.ondemand.com",
    "default-uri" : "coe-emea-hana-platform-d054555-coe-emea-hana-ti-cloud-m456f32b4.cfapps.eu20.hana.ondemand.com",
    "default-url" : "https://coe-emea-hana-platform-d054555-coe-emea-hana-ti-cloud-m456f32b4.cfapps.eu20.hana.ondemand.com",
    "dependency-type" : "hard",
    "domain" : "cfapps.eu20.hana.ondemand.com",
    "generated-password" : "********",
    "generated-user" : "********",
    "host" : "coe-emea-hana-platform-d054555-coe-emea-hana-ti-cloud-m456f32b4",
    "instances" : 1,
    "memory" : "256M",
    "no-route" : true,
    "no-start" : true,
    "protocol" : "https",
    "tasks" : [ {
      "command" : "npm start",
      "memory" : "256M",
      "name" : "deploy"
    } ]
  },
  "requiredDependencies" : [ {
    "majorSchemaVersion" : 3,
    "name" : "MyHANAApp-db",
    "properties" : { },
    "parameters" : { },
    "propertiesMetadata" : {
      "metadata" : { }
    },
    "parametersMetadata" : {
      "metadata" : { }
    }
  } ],
  "providedDependencies" : [ {
    "majorSchemaVersion" : 3,
    "name" : "MyHANAApp-db-deployer",
    "isPublic" : false,
    "properties" : { },
    "parameters" : { },
    "propertiesMetadata" : {
      "metadata" : { }
    },
    "parametersMetadata" : {
      "metadata" : { }
    }
  } ],
  "propertiesMetadata" : {
    "metadata" : { }
  },
  "parametersMetadata" : {
    "metadata" : { }
  },
  "deployedAfter" : [ ],
  "hooks" : [ ]
}, {
  "majorSchemaVersion" : 3,
  "name" : "MyHANAApp",
  "type" : "javascript.nodejs",
  "path" : "MyHANAApp",
  "properties" : { },
  "parameters" : {
    "app-name" : "MyHANAApp",
    "default-app-name" : "MyHANAApp",
    "default-host" : "coe-emea-hana-platform-d054555-coe-emea-hana-ti-cloud-myhanaapp",
    "default-instances" : 1,
    "default-live-app-name" : "MyHANAApp",
    "default-live-domain" : "cfapps.eu20.hana.ondemand.com",
    "default-live-host" : "coe-emea-hana-platform-d054555-coe-emea-hana-ti-cloud-myhanaapp",
    "default-live-uri" : "coe-emea-hana-platform-d054555-coe-emea-hana-ti-cloud-myhanaapp.cfapps.eu20.hana.ondemand.com",
    "default-live-url" : "https://coe-emea-hana-platform-d054555-coe-emea-hana-ti-cloud-myhanaapp.cfapps.eu20.hana.ondemand.com",
    "default-uri" : "coe-emea-hana-platform-d054555-coe-emea-hana-ti-cloud-myhanaapp.cfapps.eu20.hana.ondemand.com",
    "default-url" : "https://coe-emea-hana-platform-d054555-coe-emea-hana-ti-cloud-myhanaapp.cfapps.eu20.hana.ondemand.com",
    "dependency-type" : "soft",
    "disk-quota" : "256M",
    "domain" : "cfapps.eu20.hana.ondemand.com",
    "generated-password" : "********",
    "generated-user" : "********",
    "host" : "coe-emea-hana-platform-d054555-coe-emea-hana-ti-cloud-myhanaapp",
    "instances" : 1,
    "keep-existing-routes" : true,
    "memory" : "256M",
    "protocol" : "https"
  },
  "requiredDependencies" : [ {
    "majorSchemaVersion" : 3,
    "name" : "srv-api",
    "group" : "destinations",
    "properties" : {
      "forwardAuthToken" : "********",
      "name" : "srv-api",
      "url" : "https://coe-emea-hana-platform-d054555-coe-emea-hana-ti-cloud-m7c222000.cfapps.eu20.hana.ondemand.com"
    },
    "parameters" : { },
    "propertiesMetadata" : {
      "metadata" : { }
    },
    "parametersMetadata" : {
      "metadata" : { }
    }
  }, {
    "majorSchemaVersion" : 3,
    "name" : "********",
    "properties" : { },
    "parameters" : { },
    "propertiesMetadata" : {
      "metadata" : { }
    },
    "parametersMetadata" : {
      "metadata" : { }
    }
  } ],
  "providedDependencies" : [ {
    "majorSchemaVersion" : 3,
    "name" : "app-api",
    "isPublic" : false,
    "properties" : {
      "app-protocol" : "https",
      "app-uri" : "coe-emea-hana-platform-d054555-coe-emea-hana-ti-cloud-myhanaapp.cfapps.eu20.hana.ondemand.com"
    },
    "parameters" : { },
    "propertiesMetadata" : {
      "metadata" : { }
    },
    "parametersMetadata" : {
      "metadata" : { }
    }
  }, {
    "majorSchemaVersion" : 3,
    "name" : "MyHANAApp",
    "isPublic" : false,
    "properties" : { },
    "parameters" : { },
    "propertiesMetadata" : {
      "metadata" : { }
    },
    "parametersMetadata" : {
      "metadata" : { }
    }
  } ],
  "propertiesMetadata" : {
    "metadata" : { }
  },
  "parametersMetadata" : {
    "metadata" : { }
  },
  "deployedAfter" : [ ],
  "hooks" : [ ]
} ]#
#2026 07 05 06:44:47.746#Z#DEBUG#fd809866-783c-11f1-b4eb-eeee0a9d7ec9.OPERATION#flowable-async-job-executor-thread-33583#
Step "Compute Next Modules To Deploy" finished#
#2026 07 05 06:44:47.892#Z#DEBUG#fd809866-783c-11f1-b4eb-eeee0a9d7ec9.OPERATION#flowable-async-job-executor-thread-33587#
[ProcessDescriptorStep] Executing task "reprocessDescriptorTask" of process "03d932b5-783d-11f1-a5fe-eeee0a8eee86"...#
#2026 07 05 06:44:47.893#Z#DEBUG#fd809866-783c-11f1-b4eb-eeee0a9d7ec9.OPERATION#flowable-async-job-executor-thread-33587#
[ProcessDescriptorStep] Resolving properties and parameters in merged descriptor...#
#2026 07 05 06:44:47.897#Z#DEBUG#fd809866-783c-11f1-b4eb-eeee0a9d7ec9.OPERATION#flowable-async-job-executor-thread-33587#
[ProcessDescriptorStep] Subscriptions: [ ]#
#2026 07 05 06:44:47.902#Z#DEBUG#fd809866-783c-11f1-b4eb-eeee0a9d7ec9.OPERATION#flowable-async-job-executor-thread-33587#
[ProcessDescriptorStep] MTA modules: [MyHANAApp-srv, MyHANAApp, MyHANAApp-db-deployer]#
#2026 07 05 06:44:47.904#Z#DEBUG#fd809866-783c-11f1-b4eb-eeee0a9d7ec9.OPERATION#flowable-async-job-executor-thread-33587#
[ProcessDescriptorStep] Resolved deployment descriptor: {
  "majorSchemaVersion" : 3,
  "schemaVersion" : "3.3.0",
  "id" : "MyHANAApp",
  "version" : "1.0.0",
  "modules" : [ {
    "majorSchemaVersion" : 3,
    "name" : "MyHANAApp-srv",
    "type" : "javascript.nodejs",
    "path" : "MyHANAApp-srv",
    "properties" : { },
    "parameters" : {
      "default-url" : "https://coe-emea-hana-platform-d054555-coe-emea-hana-ti-cloud-m7c222000.cfapps.eu20.hana.ondemand.com",
      "default-app-name" : "MyHANAApp-srv",
      "generated-password" : "********",
      "default-live-url" : "https://coe-emea-hana-platform-d054555-coe-emea-hana-ti-cloud-m7c222000.cfapps.eu20.hana.ondemand.com",
      "default-uri" : "coe-emea-hana-platform-d054555-coe-emea-hana-ti-cloud-m7c222000.cfapps.eu20.hana.ondemand.com",
      "default-instances" : 1,
      "default-live-host" : "coe-emea-hana-platform-d054555-coe-emea-hana-ti-cloud-m7c222000",
      "instances" : 1,
      "buildpack" : "nodejs_buildpack",
      "default-host" : "coe-emea-hana-platform-d054555-coe-emea-hana-ti-cloud-m7c222000",
      "app-name" : "MyHANAApp-srv",
      "default-live-uri" : "coe-emea-hana-platform-d054555-coe-emea-hana-ti-cloud-m7c222000.cfapps.eu20.hana.ondemand.com",
      "protocol" : "https",
      "default-live-app-name" : "MyHANAApp-srv",
      "default-live-domain" : "cfapps.eu20.hana.ondemand.com",
      "domain" : "cfapps.eu20.hana.ondemand.com",
      "host" : "coe-emea-hana-platform-d054555-coe-emea-hana-ti-cloud-m7c222000",
      "generated-user" : "********"
    },
    "requiredDependencies" : [ {
      "majorSchemaVersion" : 3,
      "name" : "********",
      "properties" : { },
      "parameters" : { },
      "propertiesMetadata" : {
        "metadata" : { }
      },
      "parametersMetadata" : {
        "metadata" : { }
      }
    }, {
      "majorSchemaVersion" : 3,
      "name" : "MyHANAApp-db",
      "properties" : { },
      "parameters" : { },
      "propertiesMetadata" : {
        "metadata" : { }
      },
      "parametersMetadata" : {
        "metadata" : { }
      }
    } ],
    "providedDependencies" : [ {
      "majorSchemaVersion" : 3,
      "name" : "srv-api",
      "isPublic" : false,
      "properties" : {
        "srv-url" : "https://coe-emea-hana-platform-d054555-coe-emea-hana-ti-cloud-m7c222000.cfapps.eu20.hana.ondemand.com"
      },
      "parameters" : { },
      "propertiesMetadata" : {
        "metadata" : { }
      },
      "parametersMetadata" : {
        "metadata" : { }
      }
    }, {
      "majorSchemaVersion" : 3,
      "name" : "MyHANAApp-srv",
      "isPublic" : false,
      "properties" : { },
      "parameters" : { },
      "propertiesMetadata" : {
        "metadata" : { }
      },
      "parametersMetadata" : {
        "metadata" : { }
      }
    } ],
    "propertiesMetadata" : {
      "metadata" : { }
    },
    "parametersMetadata" : {
      "metadata" : { }
    },
    "hooks" : [ ]
  }, {
    "majorSchemaVersion" : 3,
    "name" : "MyHANAApp-db-deployer",
    "type" : "com.sap.xs.hdi",
    "path" : "MyHANAApp-db-deployer",
    "properties" : {
      "EXIT" : 1
    },
    "parameters" : {
      "default-url" : "https://coe-emea-hana-platform-d054555-coe-emea-hana-ti-cloud-m456f32b4.cfapps.eu20.hana.ondemand.com",
      "default-app-name" : "MyHANAApp-db-deployer",
      "generated-password" : "********",
      "default-live-url" : "https://coe-emea-hana-platform-d054555-coe-emea-hana-ti-cloud-m456f32b4.cfapps.eu20.hana.ondemand.com",
      "default-uri" : "coe-emea-hana-platform-d054555-coe-emea-hana-ti-cloud-m456f32b4.cfapps.eu20.hana.ondemand.com",
      "memory" : "256M",
      "default-instances" : 1,
      "no-route" : true,
      "default-live-host" : "coe-emea-hana-platform-d054555-coe-emea-hana-ti-cloud-m456f32b4",
      "instances" : 1,
      "buildpack" : "nodejs_buildpack",
      "default-host" : "coe-emea-hana-platform-d054555-coe-emea-hana-ti-cloud-m456f32b4",
      "app-name" : "MyHANAApp-db-deployer",
      "default-live-uri" : "coe-emea-hana-platform-d054555-coe-emea-hana-ti-cloud-m456f32b4.cfapps.eu20.hana.ondemand.com",
      "protocol" : "https",
      "default-live-app-name" : "MyHANAApp-db-deployer",
      "default-live-domain" : "cfapps.eu20.hana.ondemand.com",
      "dependency-type" : "hard",
      "domain" : "cfapps.eu20.hana.ondemand.com",
      "host" : "coe-emea-hana-platform-d054555-coe-emea-hana-ti-cloud-m456f32b4",
      "generated-user" : "********",
      "tasks" : [ {
        "command" : "npm start",
        "memory" : "256M",
        "name" : "deploy"
      } ],
      "no-start" : true
    },
    "requiredDependencies" : [ {
      "majorSchemaVersion" : 3,
      "name" : "MyHANAApp-db",
      "properties" : { },
      "parameters" : { },
      "propertiesMetadata" : {
        "metadata" : { }
      },
      "parametersMetadata" : {
        "metadata" : { }
      }
    } ],
    "providedDependencies" : [ {
      "majorSchemaVersion" : 3,
      "name" : "MyHANAApp-db-deployer",
      "isPublic" : false,
      "properties" : { },
      "parameters" : { },
      "propertiesMetadata" : {
        "metadata" : { }
      },
      "parametersMetadata" : {
        "metadata" : { }
      }
    } ],
    "propertiesMetadata" : {
      "metadata" : { }
    },
    "parametersMetadata" : {
      "metadata" : { }
    },
    "hooks" : [ ]
  }, {
    "majorSchemaVersion" : 3,
    "name" : "MyHANAApp",
    "type" : "javascript.nodejs",
    "path" : "MyHANAApp",
    "properties" : { },
    "parameters" : {
      "default-url" : "https://coe-emea-hana-platform-d054555-coe-emea-hana-ti-cloud-myhanaapp.cfapps.eu20.hana.ondemand.com",
      "default-app-name" : "MyHANAApp",
      "generated-password" : "********",
      "default-live-url" : "https://coe-emea-hana-platform-d054555-coe-emea-hana-ti-cloud-myhanaapp.cfapps.eu20.hana.ondemand.com",
      "default-uri" : "coe-emea-hana-platform-d054555-coe-emea-hana-ti-cloud-myhanaapp.cfapps.eu20.hana.ondemand.com",
      "memory" : "256M",
      "default-instances" : 1,
      "default-live-host" : "coe-emea-hana-platform-d054555-coe-emea-hana-ti-cloud-myhanaapp",
      "instances" : 1,
      "default-host" : "coe-emea-hana-platform-d054555-coe-emea-hana-ti-cloud-myhanaapp",
      "keep-existing-routes" : true,
      "app-name" : "MyHANAApp",
      "default-live-uri" : "coe-emea-hana-platform-d054555-coe-emea-hana-ti-cloud-myhanaapp.cfapps.eu20.hana.ondemand.com",
      "protocol" : "https",
      "default-live-app-name" : "MyHANAApp",
      "default-live-domain" : "cfapps.eu20.hana.ondemand.com",
      "disk-quota" : "256M",
      "domain" : "cfapps.eu20.hana.ondemand.com",
      "host" : "coe-emea-hana-platform-d054555-coe-emea-hana-ti-cloud-myhanaapp",
      "generated-user" : "********"
    },
    "requiredDependencies" : [ {
      "majorSchemaVersion" : 3,
      "name" : "srv-api",
      "group" : "destinations",
      "properties" : {
        "name" : "srv-api",
        "forwardAuthToken" : "********",
        "url" : "https://coe-emea-hana-platform-d054555-coe-emea-hana-ti-cloud-m7c222000.cfapps.eu20.hana.ondemand.com"
      },
      "parameters" : { },
      "propertiesMetadata" : {
        "metadata" : { }
      },
      "parametersMetadata" : {
        "metadata" : { }
      }
    }, {
      "majorSchemaVersion" : 3,
      "name" : "********",
      "properties" : { },
      "parameters" : { },
      "propertiesMetadata" : {
        "metadata" : { }
      },
      "parametersMetadata" : {
        "metadata" : { }
      }
    } ],
    "providedDependencies" : [ {
      "majorSchemaVersion" : 3,
      "name" : "app-api",
      "isPublic" : false,
      "properties" : {
        "app-protocol" : "https",
        "app-uri" : "coe-emea-hana-platform-d054555-coe-emea-hana-ti-cloud-myhanaapp.cfapps.eu20.hana.ondemand.com"
      },
      "parameters" : { },
      "propertiesMetadata" : {
        "metadata" : { }
      },
      "parametersMetadata" : {
        "metadata" : { }
      }
    }, {
      "majorSchemaVersion" : 3,
      "name" : "MyHANAApp",
      "isPublic" : false,
      "properties" : { },
      "parameters" : { },
      "propertiesMetadata" : {
        "metadata" : { }
      },
      "parametersMetadata" : {
        "metadata" : { }
      }
    } ],
    "propertiesMetadata" : {
      "metadata" : { }
    },
    "parametersMetadata" : {
      "metadata" : { }
    },
    "hooks" : [ ]
  } ],
  "resources" : [ {
    "majorSchemaVersion" : 3,
    "name" : "********",
    "type" : "org.cloudfoundry.managed-service",
    "properties" : { },
    "parameters" : {
      "generated-password" : "********",
      "path" : "./xs-security.json",
      "service-name" : "********",
      "service-plan" : "application",
      "service" : "xsuaa",
      "generated-user" : "********",
      "default-xsappname" : "********",
      "type" : "managed-service",
      "config" : {
        "oauth2-configuration" : "********",
        "tenant-mode" : "dedicated",
        "xsappname" : "MyHANAApp"
      },
      "default-service-name" : "********",
      "default-container-name" : "COE_EMEA_HANA_PLATFORM_D054555_COE_EMEA_HANA_TI_CLOUD_MY1DDCA651"
    },
    "isActive" : true,
    "isOptional" : false,
    "propertiesMetadata" : {
      "metadata" : { }
    },
    "parametersMetadata" : {
      "metadata" : { }
    },
    "requiredDependencies" : [ {
      "majorSchemaVersion" : 3,
      "name" : "app-api",
      "properties" : { },
      "parameters" : { },
      "propertiesMetadata" : {
        "metadata" : { }
      },
      "parametersMetadata" : {
        "metadata" : { }
      }
    } ],
    "processedAfter" : [ ]
  }, {
    "majorSchemaVersion" : 3,
    "name" : "MyHANAApp-db",
    "type" : "com.sap.xs.hdi-container",
    "properties" : { },
    "parameters" : {
      "generated-password" : "********",
      "service-name" : "MyHANAApp-db",
      "service-plan" : "hdi-shared",
      "service" : "hana",
      "generated-user" : "********",
      "default-xsappname" : "MyHANAApp-db",
      "type" : "managed-service",
      "default-service-name" : "MyHANAApp-db",
      "default-container-name" : "COE_EMEA_HANA_PLATFORM_D054555_COE_EMEA_HANA_TI_CLOUD_MYHAE41099"
    },
    "isActive" : true,
    "isOptional" : false,
    "propertiesMetadata" : {
      "metadata" : { }
    },
    "parametersMetadata" : {
      "metadata" : { }
    },
    "requiredDependencies" : [ ],
    "processedAfter" : [ ]
  } ],
  "parameters" : {
    "mta-id" : "MyHANAApp",
    "authorization-url" : "********",
    "org-guid" : "faa2a59b-a78e-4aa0-9dad-78ce96e1bc24",
    "org" : "CoE EMEA HANA Platform_D054555",
    "deploy-target" : "CoE EMEA HANA Platform_D054555 COE EMEA HANA TI Cloud",
    "enable-parallel-deployments" : true,
    "region-primary-domain" : "eu20.hana.ondemand.com",
    "space" : "COE EMEA HANA TI Cloud",
    "region-domain" : "eu20.hana.ondemand.com",
    "xs-api-url" : "https://api.cf.eu20.hana.ondemand.com",
    "deploy-url" : "deploy-service.cfapps.eu20.hana.ondemand.com",
    "xs-type" : "CF",
    "default-domain" : "cfapps.eu20.hana.ondemand.com",
    "mta-version" : "1.0.0",
    "xs-auth-url" : "********",
    "space-guid" : "4cc0a88c-ec98-47c4-9958-38b5e6ec9fcf",
    "user" : "********",
    "controller-url" : "https://api.cf.eu20.hana.ondemand.com",
    "timestamp" : "20260705064437"
  },
  "parametersMetadata" : {
    "metadata" : { }
  }
}#
#2026 07 05 06:44:47.904#Z#DEBUG#fd809866-783c-11f1-b4eb-eeee0a9d7ec9.OPERATION#flowable-async-job-executor-thread-33587#
[ProcessDescriptorStep] Merged descriptor properties and parameters resolved#
#2026 07 05 06:44:47.904#Z#DEBUG#fd809866-783c-11f1-b4eb-eeee0a9d7ec9.OPERATION#flowable-async-job-executor-thread-33587#
Step "Re-Process Descriptor Step" finished#
#2026 07 05 06:44:47.938#Z#DEBUG#fd809866-783c-11f1-b4eb-eeee0a9d7ec9.OPERATION#flowable-async-job-executor-thread-33590#
[BuildApplicationDeployModelStep] Executing task "buildApplicationDeployModelTask" of process "03d932b5-783d-11f1-a5fe-eeee0a8eee86"...#
#2026 07 05 06:44:47.940#Z#DEBUG#fd809866-783c-11f1-b4eb-eeee0a9d7ec9.OPERATION#flowable-async-job-executor-thread-33590#
[BuildApplicationDeployModelStep] Building cloud deployment model for application "MyHANAApp-db-deployer"...#
#2026 07 05 06:44:47.944#Z#DEBUG#fd809866-783c-11f1-b4eb-eeee0a9d7ec9.OPERATION#flowable-async-job-executor-thread-33590#
[BuildApplicationDeployModelStep] No health-check-type is specified. Setting default type: port#
#2026 07 05 06:44:47.945#Z#INFO#fd809866-783c-11f1-b4eb-eeee0a9d7ec9.OPERATION#flowable-async-job-executor-thread-33590#
[BuildApplicationDeployModelStep] Building configuration entries for org CoE EMEA HANA Platform_D054555, space COE EMEA HANA TI Cloud, spaceId 4cc0a88c-ec98-47c4-9958-38b5e6ec9fcf and namespace null!#
#2026 07 05 06:44:47.945#Z#DEBUG#fd809866-783c-11f1-b4eb-eeee0a9d7ec9.OPERATION#flowable-async-job-executor-thread-33590#
[BuildApplicationDeployModelStep] Configuration entries to publish: [ ]#
#2026 07 05 06:44:47.945#Z#DEBUG#fd809866-783c-11f1-b4eb-eeee0a9d7ec9.OPERATION#flowable-async-job-executor-thread-33590#
[BuildApplicationDeployModelStep] Cloud deployment model for application built#
#2026 07 05 06:44:47.945#Z#DEBUG#fd809866-783c-11f1-b4eb-eeee0a9d7ec9.OPERATION#flowable-async-job-executor-thread-33590#
Step "Build Application Deploy Model" finished#
#2026 07 05 06:44:48.021#Z#DEBUG#fd809866-783c-11f1-b4eb-eeee0a9d7ec9.OPERATION#flowable-async-job-executor-thread-33592#
[ProcessDescriptorStep] Executing task "reprocessDescriptorTask" of process "03ec9446-783d-11f1-a5fe-eeee0a8eee86"...#
#2026 07 05 06:44:48.022#Z#DEBUG#fd809866-783c-11f1-b4eb-eeee0a9d7ec9.OPERATION#flowable-async-job-executor-thread-33592#
[ProcessDescriptorStep] Resolving properties and parameters in merged descriptor...#
#2026 07 05 06:44:48.026#Z#DEBUG#fd809866-783c-11f1-b4eb-eeee0a9d7ec9.OPERATION#flowable-async-job-executor-thread-33592#
[ProcessDescriptorStep] Subscriptions: [ ]#
#2026 07 05 06:44:48.031#Z#DEBUG#fd809866-783c-11f1-b4eb-eeee0a9d7ec9.OPERATION#flowable-async-job-executor-thread-33592#
[ProcessDescriptorStep] MTA modules: [MyHANAApp-srv, MyHANAApp, MyHANAApp-db-deployer]#
#2026 07 05 06:44:48.033#Z#DEBUG#fd809866-783c-11f1-b4eb-eeee0a9d7ec9.OPERATION#flowable-async-job-executor-thread-33592#
[ProcessDescriptorStep] Resolved deployment descriptor: {
  "majorSchemaVersion" : 3,
  "schemaVersion" : "3.3.0",
  "id" : "MyHANAApp",
  "version" : "1.0.0",
  "modules" : [ {
    "majorSchemaVersion" : 3,
    "name" : "MyHANAApp-srv",
    "type" : "javascript.nodejs",
    "path" : "MyHANAApp-srv",
    "properties" : { },
    "parameters" : {
      "default-url" : "https://coe-emea-hana-platform-d054555-coe-emea-hana-ti-cloud-m7c222000.cfapps.eu20.hana.ondemand.com",
      "default-app-name" : "MyHANAApp-srv",
      "generated-password" : "********",
      "default-live-url" : "https://coe-emea-hana-platform-d054555-coe-emea-hana-ti-cloud-m7c222000.cfapps.eu20.hana.ondemand.com",
      "default-uri" : "coe-emea-hana-platform-d054555-coe-emea-hana-ti-cloud-m7c222000.cfapps.eu20.hana.ondemand.com",
      "default-instances" : 1,
      "default-live-host" : "coe-emea-hana-platform-d054555-coe-emea-hana-ti-cloud-m7c222000",
      "instances" : 1,
      "buildpack" : "nodejs_buildpack",
      "default-host" : "coe-emea-hana-platform-d054555-coe-emea-hana-ti-cloud-m7c222000",
      "app-name" : "MyHANAApp-srv",
      "default-live-uri" : "coe-emea-hana-platform-d054555-coe-emea-hana-ti-cloud-m7c222000.cfapps.eu20.hana.ondemand.com",
      "protocol" : "https",
      "default-live-app-name" : "MyHANAApp-srv",
      "default-live-domain" : "cfapps.eu20.hana.ondemand.com",
      "domain" : "cfapps.eu20.hana.ondemand.com",
      "host" : "coe-emea-hana-platform-d054555-coe-emea-hana-ti-cloud-m7c222000",
      "generated-user" : "********"
    },
    "requiredDependencies" : [ {
      "majorSchemaVersion" : 3,
      "name" : "********",
      "properties" : { },
      "parameters" : { },
      "propertiesMetadata" : {
        "metadata" : { }
      },
      "parametersMetadata" : {
        "metadata" : { }
      }
    }, {
      "majorSchemaVersion" : 3,
      "name" : "MyHANAApp-db",
      "properties" : { },
      "parameters" : { },
      "propertiesMetadata" : {
        "metadata" : { }
      },
      "parametersMetadata" : {
        "metadata" : { }
      }
    } ],
    "providedDependencies" : [ {
      "majorSchemaVersion" : 3,
      "name" : "srv-api",
      "isPublic" : false,
      "properties" : {
        "srv-url" : "https://coe-emea-hana-platform-d054555-coe-emea-hana-ti-cloud-m7c222000.cfapps.eu20.hana.ondemand.com"
      },
      "parameters" : { },
      "propertiesMetadata" : {
        "metadata" : { }
      },
      "parametersMetadata" : {
        "metadata" : { }
      }
    }, {
      "majorSchemaVersion" : 3,
      "name" : "MyHANAApp-srv",
      "isPublic" : false,
      "properties" : { },
      "parameters" : { },
      "propertiesMetadata" : {
        "metadata" : { }
      },
      "parametersMetadata" : {
        "metadata" : { }
      }
    } ],
    "propertiesMetadata" : {
      "metadata" : { }
    },
    "parametersMetadata" : {
      "metadata" : { }
    },
    "hooks" : [ ]
  }, {
    "majorSchemaVersion" : 3,
    "name" : "MyHANAApp-db-deployer",
    "type" : "com.sap.xs.hdi",
    "path" : "MyHANAApp-db-deployer",
    "properties" : {
      "EXIT" : 1
    },
    "parameters" : {
      "default-url" : "https://coe-emea-hana-platform-d054555-coe-emea-hana-ti-cloud-m456f32b4.cfapps.eu20.hana.ondemand.com",
      "default-app-name" : "MyHANAApp-db-deployer",
      "generated-password" : "********",
      "default-live-url" : "https://coe-emea-hana-platform-d054555-coe-emea-hana-ti-cloud-m456f32b4.cfapps.eu20.hana.ondemand.com",
      "default-uri" : "coe-emea-hana-platform-d054555-coe-emea-hana-ti-cloud-m456f32b4.cfapps.eu20.hana.ondemand.com",
      "memory" : "256M",
      "default-instances" : 1,
      "no-route" : true,
      "default-live-host" : "coe-emea-hana-platform-d054555-coe-emea-hana-ti-cloud-m456f32b4",
      "instances" : 1,
      "buildpack" : "nodejs_buildpack",
      "default-host" : "coe-emea-hana-platform-d054555-coe-emea-hana-ti-cloud-m456f32b4",
      "app-name" : "MyHANAApp-db-deployer",
      "default-live-uri" : "coe-emea-hana-platform-d054555-coe-emea-hana-ti-cloud-m456f32b4.cfapps.eu20.hana.ondemand.com",
      "protocol" : "https",
      "default-live-app-name" : "MyHANAApp-db-deployer",
      "default-live-domain" : "cfapps.eu20.hana.ondemand.com",
      "dependency-type" : "hard",
      "domain" : "cfapps.eu20.hana.ondemand.com",
      "host" : "coe-emea-hana-platform-d054555-coe-emea-hana-ti-cloud-m456f32b4",
      "generated-user" : "********",
      "tasks" : [ {
        "command" : "npm start",
        "memory" : "256M",
        "name" : "deploy"
      } ],
      "no-start" : true
    },
    "requiredDependencies" : [ {
      "majorSchemaVersion" : 3,
      "name" : "MyHANAApp-db",
      "properties" : { },
      "parameters" : { },
      "propertiesMetadata" : {
        "metadata" : { }
      },
      "parametersMetadata" : {
        "metadata" : { }
      }
    } ],
    "providedDependencies" : [ {
      "majorSchemaVersion" : 3,
      "name" : "MyHANAApp-db-deployer",
      "isPublic" : false,
      "properties" : { },
      "parameters" : { },
      "propertiesMetadata" : {
        "metadata" : { }
      },
      "parametersMetadata" : {
        "metadata" : { }
      }
    } ],
    "propertiesMetadata" : {
      "metadata" : { }
    },
    "parametersMetadata" : {
      "metadata" : { }
    },
    "hooks" : [ ]
  }, {
    "majorSchemaVersion" : 3,
    "name" : "MyHANAApp",
    "type" : "javascript.nodejs",
    "path" : "MyHANAApp",
    "properties" : { },
    "parameters" : {
      "default-url" : "https://coe-emea-hana-platform-d054555-coe-emea-hana-ti-cloud-myhanaapp.cfapps.eu20.hana.ondemand.com",
      "default-app-name" : "MyHANAApp",
      "generated-password" : "********",
      "default-live-url" : "https://coe-emea-hana-platform-d054555-coe-emea-hana-ti-cloud-myhanaapp.cfapps.eu20.hana.ondemand.com",
      "default-uri" : "coe-emea-hana-platform-d054555-coe-emea-hana-ti-cloud-myhanaapp.cfapps.eu20.hana.ondemand.com",
      "memory" : "256M",
      "default-instances" : 1,
      "default-live-host" : "coe-emea-hana-platform-d054555-coe-emea-hana-ti-cloud-myhanaapp",
      "instances" : 1,
      "default-host" : "coe-emea-hana-platform-d054555-coe-emea-hana-ti-cloud-myhanaapp",
      "keep-existing-routes" : true,
      "app-name" : "MyHANAApp",
      "default-live-uri" : "coe-emea-hana-platform-d054555-coe-emea-hana-ti-cloud-myhanaapp.cfapps.eu20.hana.ondemand.com",
      "protocol" : "https",
      "default-live-app-name" : "MyHANAApp",
      "default-live-domain" : "cfapps.eu20.hana.ondemand.com",
      "disk-quota" : "256M",
      "domain" : "cfapps.eu20.hana.ondemand.com",
      "host" : "coe-emea-hana-platform-d054555-coe-emea-hana-ti-cloud-myhanaapp",
      "generated-user" : "********"
    },
    "requiredDependencies" : [ {
      "majorSchemaVersion" : 3,
      "name" : "srv-api",
      "group" : "destinations",
      "properties" : {
        "name" : "srv-api",
        "forwardAuthToken" : "********",
        "url" : "https://coe-emea-hana-platform-d054555-coe-emea-hana-ti-cloud-m7c222000.cfapps.eu20.hana.ondemand.com"
      },
      "parameters" : { },
      "propertiesMetadata" : {
        "metadata" : { }
      },
      "parametersMetadata" : {
        "metadata" : { }
      }
    }, {
      "majorSchemaVersion" : 3,
      "name" : "********",
      "properties" : { },
      "parameters" : { },
      "propertiesMetadata" : {
        "metadata" : { }
      },
      "parametersMetadata" : {
        "metadata" : { }
      }
    } ],
    "providedDependencies" : [ {
      "majorSchemaVersion" : 3,
      "name" : "app-api",
      "isPublic" : false,
      "properties" : {
        "app-protocol" : "https",
        "app-uri" : "coe-emea-hana-platform-d054555-coe-emea-hana-ti-cloud-myhanaapp.cfapps.eu20.hana.ondemand.com"
      },
      "parameters" : { },
      "propertiesMetadata" : {
        "metadata" : { }
      },
      "parametersMetadata" : {
        "metadata" : { }
      }
    }, {
      "majorSchemaVersion" : 3,
      "name" : "MyHANAApp",
      "isPublic" : false,
      "properties" : { },
      "parameters" : { },
      "propertiesMetadata" : {
        "metadata" : { }
      },
      "parametersMetadata" : {
        "metadata" : { }
      }
    } ],
    "propertiesMetadata" : {
      "metadata" : { }
    },
    "parametersMetadata" : {
      "metadata" : { }
    },
    "hooks" : [ ]
  } ],
  "resources" : [ {
    "majorSchemaVersion" : 3,
    "name" : "********",
    "type" : "org.cloudfoundry.managed-service",
    "properties" : { },
    "parameters" : {
      "generated-password" : "********",
      "path" : "./xs-security.json",
      "service-name" : "********",
      "service-plan" : "application",
      "service" : "xsuaa",
      "generated-user" : "********",
      "default-xsappname" : "********",
      "type" : "managed-service",
      "config" : {
        "oauth2-configuration" : "********",
        "tenant-mode" : "dedicated",
        "xsappname" : "MyHANAApp"
      },
      "default-service-name" : "********",
      "default-container-name" : "COE_EMEA_HANA_PLATFORM_D054555_COE_EMEA_HANA_TI_CLOUD_MY1DDCA651"
    },
    "isActive" : true,
    "isOptional" : false,
    "propertiesMetadata" : {
      "metadata" : { }
    },
    "parametersMetadata" : {
      "metadata" : { }
    },
    "requiredDependencies" : [ {
      "majorSchemaVersion" : 3,
      "name" : "app-api",
      "properties" : { },
      "parameters" : { },
      "propertiesMetadata" : {
        "metadata" : { }
      },
      "parametersMetadata" : {
        "metadata" : { }
      }
    } ],
    "processedAfter" : [ ]
  }, {
    "majorSchemaVersion" : 3,
    "name" : "MyHANAApp-db",
    "type" : "com.sap.xs.hdi-container",
    "properties" : { },
    "parameters" : {
      "generated-password" : "********",
      "service-name" : "MyHANAApp-db",
      "service-plan" : "hdi-shared",
      "service" : "hana",
      "generated-user" : "********",
      "default-xsappname" : "MyHANAApp-db",
      "type" : "managed-service",
      "default-service-name" : "MyHANAApp-db",
      "default-container-name" : "COE_EMEA_HANA_PLATFORM_D054555_COE_EMEA_HANA_TI_CLOUD_MYHAE41099"
    },
    "isActive" : true,
    "isOptional" : false,
    "propertiesMetadata" : {
      "metadata" : { }
    },
    "parametersMetadata" : {
      "metadata" : { }
    },
    "requiredDependencies" : [ ],
    "processedAfter" : [ ]
  } ],
  "parameters" : {
    "mta-id" : "MyHANAApp",
    "authorization-url" : "********",
    "org-guid" : "faa2a59b-a78e-4aa0-9dad-78ce96e1bc24",
    "org" : "CoE EMEA HANA Platform_D054555",
    "deploy-target" : "CoE EMEA HANA Platform_D054555 COE EMEA HANA TI Cloud",
    "enable-parallel-deployments" : true,
    "region-primary-domain" : "eu20.hana.ondemand.com",
    "space" : "COE EMEA HANA TI Cloud",
    "region-domain" : "eu20.hana.ondemand.com",
    "xs-api-url" : "https://api.cf.eu20.hana.ondemand.com",
    "deploy-url" : "deploy-service.cfapps.eu20.hana.ondemand.com",
    "xs-type" : "CF",
    "default-domain" : "cfapps.eu20.hana.ondemand.com",
    "mta-version" : "1.0.0",
    "xs-auth-url" : "********",
    "space-guid" : "4cc0a88c-ec98-47c4-9958-38b5e6ec9fcf",
    "user" : "********",
    "controller-url" : "https://api.cf.eu20.hana.ondemand.com",
    "timestamp" : "20260705064437"
  },
  "parametersMetadata" : {
    "metadata" : { }
  }
}#
#2026 07 05 06:44:48.033#Z#DEBUG#fd809866-783c-11f1-b4eb-eeee0a9d7ec9.OPERATION#flowable-async-job-executor-thread-33592#
[ProcessDescriptorStep] Merged descriptor properties and parameters resolved#
#2026 07 05 06:44:48.033#Z#DEBUG#fd809866-783c-11f1-b4eb-eeee0a9d7ec9.OPERATION#flowable-async-job-executor-thread-33592#
Step "Re-Process Descriptor Step" finished#
#2026 07 05 06:44:48.065#Z#DEBUG#fd809866-783c-11f1-b4eb-eeee0a9d7ec9.OPERATION#flowable-async-job-executor-thread-33593#
[BuildApplicationDeployModelStep] Executing task "buildApplicationDeployModelTask" of process "03ec9446-783d-11f1-a5fe-eeee0a8eee86"...#
#2026 07 05 06:44:48.069#Z#DEBUG#fd809866-783c-11f1-b4eb-eeee0a9d7ec9.OPERATION#flowable-async-job-executor-thread-33593#
[BuildApplicationDeployModelStep] Building cloud deployment model for application "MyHANAApp-srv"...#
#2026 07 05 06:44:48.072#Z#DEBUG#fd809866-783c-11f1-b4eb-eeee0a9d7ec9.OPERATION#flowable-async-job-executor-thread-33593#
[BuildApplicationDeployModelStep] No health-check-type is specified. Setting default type: port#
#2026 07 05 06:44:48.073#Z#INFO#fd809866-783c-11f1-b4eb-eeee0a9d7ec9.OPERATION#flowable-async-job-executor-thread-33593#
[BuildApplicationDeployModelStep] Building configuration entries for org CoE EMEA HANA Platform_D054555, space COE EMEA HANA TI Cloud, spaceId 4cc0a88c-ec98-47c4-9958-38b5e6ec9fcf and namespace null!#
#2026 07 05 06:44:48.073#Z#DEBUG#fd809866-783c-11f1-b4eb-eeee0a9d7ec9.OPERATION#flowable-async-job-executor-thread-33593#
[BuildApplicationDeployModelStep] Configuration entries to publish: [ ]#
#2026 07 05 06:44:48.074#Z#DEBUG#fd809866-783c-11f1-b4eb-eeee0a9d7ec9.OPERATION#flowable-async-job-executor-thread-33593#
[BuildApplicationDeployModelStep] Cloud deployment model for application built#
#2026 07 05 06:44:48.074#Z#DEBUG#fd809866-783c-11f1-b4eb-eeee0a9d7ec9.OPERATION#flowable-async-job-executor-thread-33593#
Step "Build Application Deploy Model" finished#
#2026 07 05 06:44:48.117#Z#DEBUG#fd809866-783c-11f1-b4eb-eeee0a9d7ec9.OPERATION#flowable-async-job-executor-thread-32747#
[ProcessDescriptorStep] Executing task "reprocessDescriptorTask" of process "03fc7225-783d-11f1-9ce6-eeee0a8bcd19"...#
#2026 07 05 06:44:48.117#Z#DEBUG#fd809866-783c-11f1-b4eb-eeee0a9d7ec9.OPERATION#flowable-async-job-executor-thread-32747#
[ProcessDescriptorStep] Resolving properties and parameters in merged descriptor...#
#2026 07 05 06:44:48.120#Z#DEBUG#fd809866-783c-11f1-b4eb-eeee0a9d7ec9.OPERATION#flowable-async-job-executor-thread-32747#
[ProcessDescriptorStep] Subscriptions: [ ]#
#2026 07 05 06:44:48.124#Z#DEBUG#fd809866-783c-11f1-b4eb-eeee0a9d7ec9.OPERATION#flowable-async-job-executor-thread-32747#
[ProcessDescriptorStep] MTA modules: [MyHANAApp-srv, MyHANAApp, MyHANAApp-db-deployer]#
#2026 07 05 06:44:48.126#Z#DEBUG#fd809866-783c-11f1-b4eb-eeee0a9d7ec9.OPERATION#flowable-async-job-executor-thread-32747#
[ProcessDescriptorStep] Resolved deployment descriptor: {
  "majorSchemaVersion" : 3,
  "schemaVersion" : "3.3.0",
  "id" : "MyHANAApp",
  "version" : "1.0.0",
  "modules" : [ {
    "majorSchemaVersion" : 3,
    "name" : "MyHANAApp-srv",
    "type" : "javascript.nodejs",
    "path" : "MyHANAApp-srv",
    "properties" : { },
    "parameters" : {
      "default-url" : "https://coe-emea-hana-platform-d054555-coe-emea-hana-ti-cloud-m7c222000.cfapps.eu20.hana.ondemand.com",
      "default-app-name" : "MyHANAApp-srv",
      "generated-password" : "********",
      "default-live-url" : "https://coe-emea-hana-platform-d054555-coe-emea-hana-ti-cloud-m7c222000.cfapps.eu20.hana.ondemand.com",
      "default-uri" : "coe-emea-hana-platform-d054555-coe-emea-hana-ti-cloud-m7c222000.cfapps.eu20.hana.ondemand.com",
      "default-instances" : 1,
      "default-live-host" : "coe-emea-hana-platform-d054555-coe-emea-hana-ti-cloud-m7c222000",
      "instances" : 1,
      "buildpack" : "nodejs_buildpack",
      "default-host" : "coe-emea-hana-platform-d054555-coe-emea-hana-ti-cloud-m7c222000",
      "app-name" : "MyHANAApp-srv",
      "default-live-uri" : "coe-emea-hana-platform-d054555-coe-emea-hana-ti-cloud-m7c222000.cfapps.eu20.hana.ondemand.com",
      "protocol" : "https",
      "default-live-app-name" : "MyHANAApp-srv",
      "default-live-domain" : "cfapps.eu20.hana.ondemand.com",
      "domain" : "cfapps.eu20.hana.ondemand.com",
      "host" : "coe-emea-hana-platform-d054555-coe-emea-hana-ti-cloud-m7c222000",
      "generated-user" : "********"
    },
    "requiredDependencies" : [ {
      "majorSchemaVersion" : 3,
      "name" : "********",
      "properties" : { },
      "parameters" : { },
      "propertiesMetadata" : {
        "metadata" : { }
      },
      "parametersMetadata" : {
        "metadata" : { }
      }
    }, {
      "majorSchemaVersion" : 3,
      "name" : "MyHANAApp-db",
      "properties" : { },
      "parameters" : { },
      "propertiesMetadata" : {
        "metadata" : { }
      },
      "parametersMetadata" : {
        "metadata" : { }
      }
    } ],
    "providedDependencies" : [ {
      "majorSchemaVersion" : 3,
      "name" : "srv-api",
      "isPublic" : false,
      "properties" : {
        "srv-url" : "https://coe-emea-hana-platform-d054555-coe-emea-hana-ti-cloud-m7c222000.cfapps.eu20.hana.ondemand.com"
      },
      "parameters" : { },
      "propertiesMetadata" : {
        "metadata" : { }
      },
      "parametersMetadata" : {
        "metadata" : { }
      }
    }, {
      "majorSchemaVersion" : 3,
      "name" : "MyHANAApp-srv",
      "isPublic" : false,
      "properties" : { },
      "parameters" : { },
      "propertiesMetadata" : {
        "metadata" : { }
      },
      "parametersMetadata" : {
        "metadata" : { }
      }
    } ],
    "propertiesMetadata" : {
      "metadata" : { }
    },
    "parametersMetadata" : {
      "metadata" : { }
    },
    "hooks" : [ ]
  }, {
    "majorSchemaVersion" : 3,
    "name" : "MyHANAApp-db-deployer",
    "type" : "com.sap.xs.hdi",
    "path" : "MyHANAApp-db-deployer",
    "properties" : {
      "EXIT" : 1
    },
    "parameters" : {
      "default-url" : "https://coe-emea-hana-platform-d054555-coe-emea-hana-ti-cloud-m456f32b4.cfapps.eu20.hana.ondemand.com",
      "default-app-name" : "MyHANAApp-db-deployer",
      "generated-password" : "********",
      "default-live-url" : "https://coe-emea-hana-platform-d054555-coe-emea-hana-ti-cloud-m456f32b4.cfapps.eu20.hana.ondemand.com",
      "default-uri" : "coe-emea-hana-platform-d054555-coe-emea-hana-ti-cloud-m456f32b4.cfapps.eu20.hana.ondemand.com",
      "memory" : "256M",
      "default-instances" : 1,
      "no-route" : true,
      "default-live-host" : "coe-emea-hana-platform-d054555-coe-emea-hana-ti-cloud-m456f32b4",
      "instances" : 1,
      "buildpack" : "nodejs_buildpack",
      "default-host" : "coe-emea-hana-platform-d054555-coe-emea-hana-ti-cloud-m456f32b4",
      "app-name" : "MyHANAApp-db-deployer",
      "default-live-uri" : "coe-emea-hana-platform-d054555-coe-emea-hana-ti-cloud-m456f32b4.cfapps.eu20.hana.ondemand.com",
      "protocol" : "https",
      "default-live-app-name" : "MyHANAApp-db-deployer",
      "default-live-domain" : "cfapps.eu20.hana.ondemand.com",
      "dependency-type" : "hard",
      "domain" : "cfapps.eu20.hana.ondemand.com",
      "host" : "coe-emea-hana-platform-d054555-coe-emea-hana-ti-cloud-m456f32b4",
      "generated-user" : "********",
      "tasks" : [ {
        "command" : "npm start",
        "memory" : "256M",
        "name" : "deploy"
      } ],
      "no-start" : true
    },
    "requiredDependencies" : [ {
      "majorSchemaVersion" : 3,
      "name" : "MyHANAApp-db",
      "properties" : { },
      "parameters" : { },
      "propertiesMetadata" : {
        "metadata" : { }
      },
      "parametersMetadata" : {
        "metadata" : { }
      }
    } ],
    "providedDependencies" : [ {
      "majorSchemaVersion" : 3,
      "name" : "MyHANAApp-db-deployer",
      "isPublic" : false,
      "properties" : { },
      "parameters" : { },
      "propertiesMetadata" : {
        "metadata" : { }
      },
      "parametersMetadata" : {
        "metadata" : { }
      }
    } ],
    "propertiesMetadata" : {
      "metadata" : { }
    },
    "parametersMetadata" : {
      "metadata" : { }
    },
    "hooks" : [ ]
  }, {
    "majorSchemaVersion" : 3,
    "name" : "MyHANAApp",
    "type" : "javascript.nodejs",
    "path" : "MyHANAApp",
    "properties" : { },
    "parameters" : {
      "default-url" : "https://coe-emea-hana-platform-d054555-coe-emea-hana-ti-cloud-myhanaapp.cfapps.eu20.hana.ondemand.com",
      "default-app-name" : "MyHANAApp",
      "generated-password" : "********",
      "default-live-url" : "https://coe-emea-hana-platform-d054555-coe-emea-hana-ti-cloud-myhanaapp.cfapps.eu20.hana.ondemand.com",
      "default-uri" : "coe-emea-hana-platform-d054555-coe-emea-hana-ti-cloud-myhanaapp.cfapps.eu20.hana.ondemand.com",
      "memory" : "256M",
      "default-instances" : 1,
      "default-live-host" : "coe-emea-hana-platform-d054555-coe-emea-hana-ti-cloud-myhanaapp",
      "instances" : 1,
      "default-host" : "coe-emea-hana-platform-d054555-coe-emea-hana-ti-cloud-myhanaapp",
      "keep-existing-routes" : true,
      "app-name" : "MyHANAApp",
      "default-live-uri" : "coe-emea-hana-platform-d054555-coe-emea-hana-ti-cloud-myhanaapp.cfapps.eu20.hana.ondemand.com",
      "protocol" : "https",
      "default-live-app-name" : "MyHANAApp",
      "default-live-domain" : "cfapps.eu20.hana.ondemand.com",
      "disk-quota" : "256M",
      "domain" : "cfapps.eu20.hana.ondemand.com",
      "host" : "coe-emea-hana-platform-d054555-coe-emea-hana-ti-cloud-myhanaapp",
      "generated-user" : "********"
    },
    "requiredDependencies" : [ {
      "majorSchemaVersion" : 3,
      "name" : "srv-api",
      "group" : "destinations",
      "properties" : {
        "name" : "srv-api",
        "forwardAuthToken" : "********",
        "url" : "https://coe-emea-hana-platform-d054555-coe-emea-hana-ti-cloud-m7c222000.cfapps.eu20.hana.ondemand.com"
      },
      "parameters" : { },
      "propertiesMetadata" : {
        "metadata" : { }
      },
      "parametersMetadata" : {
        "metadata" : { }
      }
    }, {
      "majorSchemaVersion" : 3,
      "name" : "********",
      "properties" : { },
      "parameters" : { },
      "propertiesMetadata" : {
        "metadata" : { }
      },
      "parametersMetadata" : {
        "metadata" : { }
      }
    } ],
    "providedDependencies" : [ {
      "majorSchemaVersion" : 3,
      "name" : "app-api",
      "isPublic" : false,
      "properties" : {
        "app-protocol" : "https",
        "app-uri" : "coe-emea-hana-platform-d054555-coe-emea-hana-ti-cloud-myhanaapp.cfapps.eu20.hana.ondemand.com"
      },
      "parameters" : { },
      "propertiesMetadata" : {
        "metadata" : { }
      },
      "parametersMetadata" : {
        "metadata" : { }
      }
    }, {
      "majorSchemaVersion" : 3,
      "name" : "MyHANAApp",
      "isPublic" : false,
      "properties" : { },
      "parameters" : { },
      "propertiesMetadata" : {
        "metadata" : { }
      },
      "parametersMetadata" : {
        "metadata" : { }
      }
    } ],
    "propertiesMetadata" : {
      "metadata" : { }
    },
    "parametersMetadata" : {
      "metadata" : { }
    },
    "hooks" : [ ]
  } ],
  "resources" : [ {
    "majorSchemaVersion" : 3,
    "name" : "********",
    "type" : "org.cloudfoundry.managed-service",
    "properties" : { },
    "parameters" : {
      "generated-password" : "********",
      "path" : "./xs-security.json",
      "service-name" : "********",
      "service-plan" : "application",
      "service" : "xsuaa",
      "generated-user" : "********",
      "default-xsappname" : "********",
      "type" : "managed-service",
      "config" : {
        "oauth2-configuration" : "********",
        "tenant-mode" : "dedicated",
        "xsappname" : "MyHANAApp"
      },
      "default-service-name" : "********",
      "default-container-name" : "COE_EMEA_HANA_PLATFORM_D054555_COE_EMEA_HANA_TI_CLOUD_MY1DDCA651"
    },
    "isActive" : true,
    "isOptional" : false,
    "propertiesMetadata" : {
      "metadata" : { }
    },
    "parametersMetadata" : {
      "metadata" : { }
    },
    "requiredDependencies" : [ {
      "majorSchemaVersion" : 3,
      "name" : "app-api",
      "properties" : { },
      "parameters" : { },
      "propertiesMetadata" : {
        "metadata" : { }
      },
      "parametersMetadata" : {
        "metadata" : { }
      }
    } ],
    "processedAfter" : [ ]
  }, {
    "majorSchemaVersion" : 3,
    "name" : "MyHANAApp-db",
    "type" : "com.sap.xs.hdi-container",
    "properties" : { },
    "parameters" : {
      "generated-password" : "********",
      "service-name" : "MyHANAApp-db",
      "service-plan" : "hdi-shared",
      "service" : "hana",
      "generated-user" : "********",
      "default-xsappname" : "MyHANAApp-db",
      "type" : "managed-service",
      "default-service-name" : "MyHANAApp-db",
      "default-container-name" : "COE_EMEA_HANA_PLATFORM_D054555_COE_EMEA_HANA_TI_CLOUD_MYHAE41099"
    },
    "isActive" : true,
    "isOptional" : false,
    "propertiesMetadata" : {
      "metadata" : { }
    },
    "parametersMetadata" : {
      "metadata" : { }
    },
    "requiredDependencies" : [ ],
    "processedAfter" : [ ]
  } ],
  "parameters" : {
    "mta-id" : "MyHANAApp",
    "authorization-url" : "********",
    "org-guid" : "faa2a59b-a78e-4aa0-9dad-78ce96e1bc24",
    "org" : "CoE EMEA HANA Platform_D054555",
    "deploy-target" : "CoE EMEA HANA Platform_D054555 COE EMEA HANA TI Cloud",
    "enable-parallel-deployments" : true,
    "region-primary-domain" : "eu20.hana.ondemand.com",
    "space" : "COE EMEA HANA TI Cloud",
    "region-domain" : "eu20.hana.ondemand.com",
    "xs-api-url" : "https://api.cf.eu20.hana.ondemand.com",
    "deploy-url" : "deploy-service.cfapps.eu20.hana.ondemand.com",
    "xs-type" : "CF",
    "default-domain" : "cfapps.eu20.hana.ondemand.com",
    "mta-version" : "1.0.0",
    "xs-auth-url" : "********",
    "space-guid" : "4cc0a88c-ec98-47c4-9958-38b5e6ec9fcf",
    "user" : "********",
    "controller-url" : "https://api.cf.eu20.hana.ondemand.com",
    "timestamp" : "20260705064437"
  },
  "parametersMetadata" : {
    "metadata" : { }
  }
}#
#2026 07 05 06:44:48.126#Z#DEBUG#fd809866-783c-11f1-b4eb-eeee0a9d7ec9.OPERATION#flowable-async-job-executor-thread-32747#
[ProcessDescriptorStep] Merged descriptor properties and parameters resolved#
#2026 07 05 06:44:48.126#Z#DEBUG#fd809866-783c-11f1-b4eb-eeee0a9d7ec9.OPERATION#flowable-async-job-executor-thread-32747#
Step "Re-Process Descriptor Step" finished#
#2026 07 05 06:44:48.158#Z#DEBUG#fd809866-783c-11f1-b4eb-eeee0a9d7ec9.OPERATION#flowable-async-job-executor-thread-32748#
[BuildApplicationDeployModelStep] Executing task "buildApplicationDeployModelTask" of process "03fc7225-783d-11f1-9ce6-eeee0a8bcd19"...#
#2026 07 05 06:44:48.159#Z#DEBUG#fd809866-783c-11f1-b4eb-eeee0a9d7ec9.OPERATION#flowable-async-job-executor-thread-32748#
[BuildApplicationDeployModelStep] Building cloud deployment model for application "MyHANAApp"...#
#2026 07 05 06:44:48.163#Z#DEBUG#fd809866-783c-11f1-b4eb-eeee0a9d7ec9.OPERATION#flowable-async-job-executor-thread-32748#
[BuildApplicationDeployModelStep] No health-check-type is specified. Setting default type: port#
#2026 07 05 06:44:48.164#Z#INFO#fd809866-783c-11f1-b4eb-eeee0a9d7ec9.OPERATION#flowable-async-job-executor-thread-32748#
[BuildApplicationDeployModelStep] Building configuration entries for org CoE EMEA HANA Platform_D054555, space COE EMEA HANA TI Cloud, spaceId 4cc0a88c-ec98-47c4-9958-38b5e6ec9fcf and namespace null!#
#2026 07 05 06:44:48.164#Z#DEBUG#fd809866-783c-11f1-b4eb-eeee0a9d7ec9.OPERATION#flowable-async-job-executor-thread-32748#
[BuildApplicationDeployModelStep] Configuration entries to publish: [ ]#
#2026 07 05 06:44:48.164#Z#DEBUG#fd809866-783c-11f1-b4eb-eeee0a9d7ec9.OPERATION#flowable-async-job-executor-thread-32748#
[BuildApplicationDeployModelStep] Cloud deployment model for application built#
#2026 07 05 06:44:48.164#Z#DEBUG#fd809866-783c-11f1-b4eb-eeee0a9d7ec9.OPERATION#flowable-async-job-executor-thread-32748#
Step "Build Application Deploy Model" finished#
#2026 07 05 06:44:47.991#Z#DEBUG#fd809866-783c-11f1-b4eb-eeee0a9d7ec9.OPERATION#flowable-async-job-executor-thread-33591#
[CreateOrUpdateAppStep] Executing task "createAppTask" of process "03d932b5-783d-11f1-a5fe-eeee0a8eee86"...#
#2026 07 05 06:44:47.992#Z#DEBUG#fd809866-783c-11f1-b4eb-eeee0a9d7ec9.OPERATION#flowable-async-job-executor-thread-33591#
[CreateOrUpdateAppStep] Getting application "MyHANAApp-db-deployer"...#
#2026 07 05 06:44:48.029#Z#INFO#fd809866-783c-11f1-b4eb-eeee0a9d7ec9.OPERATION#flowable-async-job-executor-thread-33591#
[CreateOrUpdateAppStep] Creating application "MyHANAApp-db-deployer" from MTA module "MyHANAApp-db-deployer"...#
#2026 07 05 06:44:48.037#Z#DEBUG#fd809866-783c-11f1-b4eb-eeee0a9d7ec9.OPERATION#flowable-async-job-executor-thread-33591#
[CreateOrUpdateAppStep] Creating application "MyHANAApp-db-deployer" with disk "null" memory "256", URIs "" and staging: "{
  "buildpacks" : [ "nodejs_buildpack" ],
  "healthCheckType" : "port",
  "appFeatures" : { }
}"#
#2026 07 05 06:44:48.124#Z#DEBUG#fd809866-783c-11f1-b4eb-eeee0a9d7ec9.OPERATION#flowable-async-job-executor-thread-33594#
[CreateOrUpdateAppStep] Executing task "createAppTask" of process "03ec9446-783d-11f1-a5fe-eeee0a8eee86"...#
#2026 07 05 06:44:48.126#Z#DEBUG#fd809866-783c-11f1-b4eb-eeee0a9d7ec9.OPERATION#flowable-async-job-executor-thread-33594#
[CreateOrUpdateAppStep] Getting application "MyHANAApp-srv"...#
#2026 07 05 06:44:48.163#Z#INFO#fd809866-783c-11f1-b4eb-eeee0a9d7ec9.OPERATION#flowable-async-job-executor-thread-33594#
[CreateOrUpdateAppStep] Creating application "MyHANAApp-srv" from MTA module "MyHANAApp-srv"...#
#2026 07 05 06:44:48.172#Z#DEBUG#fd809866-783c-11f1-b4eb-eeee0a9d7ec9.OPERATION#flowable-async-job-executor-thread-33594#
[CreateOrUpdateAppStep] Creating application "MyHANAApp-srv" with disk "null" memory "null", URIs "coe-emea-hana-platform-d054555-coe-emea-hana-ti-cloud-m7c222000.cfapps.eu20.hana.ondemand.com" and staging: "{
  "buildpacks" : [ "nodejs_buildpack" ],
  "healthCheckType" : "port",
  "appFeatures" : { }
}"#
#2026 07 05 06:44:48.485#Z#DEBUG#fd809866-783c-11f1-b4eb-eeee0a9d7ec9.OPERATION#flowable-async-job-executor-thread-33591#
[CreateOrUpdateAppStep] Application "MyHANAApp-db-deployer" created#
#2026 07 05 06:44:48.485#Z#DEBUG#fd809866-783c-11f1-b4eb-eeee0a9d7ec9.OPERATION#flowable-async-job-executor-thread-33591#
Step "Create App" finished#
#2026 07 05 06:44:48.586#Z#DEBUG#fd809866-783c-11f1-b4eb-eeee0a9d7ec9.OPERATION#flowable-async-job-executor-thread-33596#
[CheckServiceBindingOperationStep] Executing task "checkForServiceBindingOperationInProgress" of process "04482123-783d-11f1-a5fe-eeee0a8eee86"...#
#2026 07 05 06:44:48.587#Z#DEBUG#fd809866-783c-11f1-b4eb-eeee0a9d7ec9.OPERATION#flowable-async-job-executor-thread-33596#
[CheckServiceBindingOperationStep] Checking for service binding operation in progress between app "MyHANAApp-db-deployer" and service instance "MyHANAApp-db"#
#2026 07 05 06:44:48.587#Z#DEBUG#fd809866-783c-11f1-b4eb-eeee0a9d7ec9.OPERATION#flowable-async-job-executor-thread-33596#
[CheckServiceBindingOperationStep] Getting application guid "MyHANAApp-db-deployer"...#
#2026 07 05 06:44:48.626#Z#DEBUG#fd809866-783c-11f1-b4eb-eeee0a9d7ec9.OPERATION#flowable-async-job-executor-thread-33596#
[CheckServiceBindingOperationStep] Getting GUID of required service instance "MyHANAApp-db"...#
#2026 07 05 06:44:48.672#Z#DEBUG#fd809866-783c-11f1-b4eb-eeee0a9d7ec9.OPERATION#flowable-async-job-executor-thread-33596#
[CheckServiceBindingOperationStep] Getting binding of service instance "584becf6-3c17-4525-8c45-31f4a82598bd" with application "30f39fab-8d7b-4549-927d-378c796efb70"...#
#2026 07 05 06:44:48.699#Z#DEBUG#fd809866-783c-11f1-b4eb-eeee0a9d7ec9.OPERATION#flowable-async-job-executor-thread-33596#
Step "Check For Service Binding Operation In Progress" finished#
#2026 07 05 06:44:48.735#Z#DEBUG#fd809866-783c-11f1-b4eb-eeee0a9d7ec9.OPERATION#flowable-async-job-executor-thread-33597#
[DetermineApplicationServiceBindingActionsStep] Executing task "determineApplicationServiceBindingActionsTask" of process "04482123-783d-11f1-a5fe-eeee0a8eee86"...#
#2026 07 05 06:44:48.736#Z#DEBUG#fd809866-783c-11f1-b4eb-eeee0a9d7ec9.OPERATION#flowable-async-job-executor-thread-33597#
[DetermineApplicationServiceBindingActionsStep] Determine bind/unbind operations of application "MyHANAApp-db-deployer" to service instance "MyHANAApp-db"#
#2026 07 05 06:44:48.736#Z#DEBUG#fd809866-783c-11f1-b4eb-eeee0a9d7ec9.OPERATION#flowable-async-job-executor-thread-33597#
[DetermineApplicationServiceBindingActionsStep] Getting application "MyHANAApp-db-deployer"...#
#2026 07 05 06:44:48.782#Z#DEBUG#fd809866-783c-11f1-b4eb-eeee0a9d7ec9.OPERATION#flowable-async-job-executor-thread-33597#
[DetermineApplicationServiceBindingActionsStep] Binding parameters for application "MyHANAApp-db-deployer": { }#
#2026 07 05 06:44:48.826#Z#DEBUG#fd809866-783c-11f1-b4eb-eeee0a9d7ec9.OPERATION#flowable-async-job-executor-thread-33597#
[DetermineApplicationServiceBindingActionsStep] Calculated binding operations between application "MyHANAApp-db-deployer" and service instance "MyHANAApp-db": unbind - false bind - true#
#2026 07 05 06:44:48.826#Z#DEBUG#fd809866-783c-11f1-b4eb-eeee0a9d7ec9.OPERATION#flowable-async-job-executor-thread-33597#
Step "Determine Application Service Binding Actions" finished#
#2026 07 05 06:44:48.863#Z#DEBUG#fd809866-783c-11f1-b4eb-eeee0a9d7ec9.OPERATION#flowable-async-job-executor-thread-33598#
[BindServiceToApplicationStep] Executing task "bindServiceToApplicationTask" of process "04482123-783d-11f1-a5fe-eeee0a8eee86"...#
#2026 07 05 06:44:48.864#Z#INFO#fd809866-783c-11f1-b4eb-eeee0a9d7ec9.OPERATION#flowable-async-job-executor-thread-33598#
[BindServiceToApplicationStep] Binding service instance "MyHANAApp-db" to application "MyHANAApp-db-deployer"...#
#2026 07 05 06:44:48.873#Z#DEBUG#fd809866-783c-11f1-b4eb-eeee0a9d7ec9.OPERATION#flowable-async-job-executor-thread-33598#
[BindServiceToApplicationStep] Binding service instance "MyHANAApp-db" to application "MyHANAApp-db-deployer" with parameters: { }#
#2026 07 05 06:44:49.053#Z#DEBUG#fd809866-783c-11f1-b4eb-eeee0a9d7ec9.OPERATION#flowable-async-job-executor-thread-33598#
Step "Bind Service to Application" finished#
#2026 07 05 06:44:49.349#Z#DEBUG#fd809866-783c-11f1-b4eb-eeee0a9d7ec9.OPERATION#flowable-async-job-executor-thread-33594#
[CreateOrUpdateAppStep] Application "MyHANAApp-srv" created#
#2026 07 05 06:44:49.349#Z#DEBUG#fd809866-783c-11f1-b4eb-eeee0a9d7ec9.OPERATION#flowable-async-job-executor-thread-33594#
Step "Create App" finished#
#2026 07 05 06:44:48.209#Z#DEBUG#fd809866-783c-11f1-b4eb-eeee0a9d7ec9.OPERATION#flowable-async-job-executor-thread-32749#
[CreateOrUpdateAppStep] Executing task "createAppTask" of process "03fc7225-783d-11f1-9ce6-eeee0a8bcd19"...#
#2026 07 05 06:44:48.210#Z#DEBUG#fd809866-783c-11f1-b4eb-eeee0a9d7ec9.OPERATION#flowable-async-job-executor-thread-32749#
[CreateOrUpdateAppStep] Getting application "MyHANAApp"...#
#2026 07 05 06:44:48.240#Z#INFO#fd809866-783c-11f1-b4eb-eeee0a9d7ec9.OPERATION#flowable-async-job-executor-thread-32749#
[CreateOrUpdateAppStep] Creating application "MyHANAApp" from MTA module "MyHANAApp"...#
#2026 07 05 06:44:48.249#Z#DEBUG#fd809866-783c-11f1-b4eb-eeee0a9d7ec9.OPERATION#flowable-async-job-executor-thread-32749#
[CreateOrUpdateAppStep] Creating application "MyHANAApp" with disk "256" memory "256", URIs "coe-emea-hana-platform-d054555-coe-emea-hana-ti-cloud-myhanaapp.cfapps.eu20.hana.ondemand.com" and staging: "{
  "buildpacks" : [ ],
  "healthCheckType" : "port",
  "appFeatures" : { }
}"#
#2026 07 05 06:44:49.387#Z#DEBUG#fd809866-783c-11f1-b4eb-eeee0a9d7ec9.OPERATION#flowable-async-job-executor-thread-32749#
[CreateOrUpdateAppStep] Application "MyHANAApp" created#
#2026 07 05 06:44:49.387#Z#DEBUG#fd809866-783c-11f1-b4eb-eeee0a9d7ec9.OPERATION#flowable-async-job-executor-thread-32749#
Step "Create App" finished#
#2026 07 05 06:44:49.441#Z#DEBUG#fd809866-783c-11f1-b4eb-eeee0a9d7ec9.OPERATION#flowable-async-job-executor-thread-33601#
[CheckServiceBindingOperationStep] Executing task "checkForServiceBindingOperationInProgress" of process "04cc1e8f-783d-11f1-a5fe-eeee0a8eee86"...#
#2026 07 05 06:44:49.441#Z#DEBUG#fd809866-783c-11f1-b4eb-eeee0a9d7ec9.OPERATION#flowable-async-job-executor-thread-33601#
[CheckServiceBindingOperationStep] Checking for service binding operation in progress between app "MyHANAApp-srv" and service instance "MyHANAApp-db"#
#2026 07 05 06:44:49.442#Z#DEBUG#fd809866-783c-11f1-b4eb-eeee0a9d7ec9.OPERATION#flowable-async-job-executor-thread-33601#
[CheckServiceBindingOperationStep] Getting application guid "MyHANAApp-srv"...#
#2026 07 05 06:44:49.482#Z#DEBUG#fd809866-783c-11f1-b4eb-eeee0a9d7ec9.OPERATION#flowable-async-job-executor-thread-33601#
[CheckServiceBindingOperationStep] Getting GUID of required service instance "MyHANAApp-db"...#
#2026 07 05 06:44:49.527#Z#DEBUG#fd809866-783c-11f1-b4eb-eeee0a9d7ec9.OPERATION#flowable-async-job-executor-thread-33601#
[CheckServiceBindingOperationStep] Getting binding of service instance "584becf6-3c17-4525-8c45-31f4a82598bd" with application "06081fac-2ec2-4819-aa93-a6bf87d224c2"...#
#2026 07 05 06:44:49.567#Z#DEBUG#fd809866-783c-11f1-b4eb-eeee0a9d7ec9.OPERATION#flowable-async-job-executor-thread-33601#
Step "Check For Service Binding Operation In Progress" finished#
#2026 07 05 06:44:49.476#Z#DEBUG#fd809866-783c-11f1-b4eb-eeee0a9d7ec9.OPERATION#flowable-async-job-executor-thread-32751#
[CheckServiceBindingOperationStep] Executing task "checkForServiceBindingOperationInProgress" of process "04d10083-783d-11f1-9ce6-eeee0a8bcd19"...#
#2026 07 05 06:44:49.476#Z#DEBUG#fd809866-783c-11f1-b4eb-eeee0a9d7ec9.OPERATION#flowable-async-job-executor-thread-32751#
[CheckServiceBindingOperationStep] Checking for service binding operation in progress between app "MyHANAApp" and service instance "MyHANAApp-auth"#
#2026 07 05 06:44:49.476#Z#DEBUG#fd809866-783c-11f1-b4eb-eeee0a9d7ec9.OPERATION#flowable-async-job-executor-thread-32751#
[CheckServiceBindingOperationStep] Getting application guid "MyHANAApp"...#
#2026 07 05 06:44:49.517#Z#DEBUG#fd809866-783c-11f1-b4eb-eeee0a9d7ec9.OPERATION#flowable-async-job-executor-thread-32751#
[CheckServiceBindingOperationStep] Getting GUID of required service instance "MyHANAApp-auth"...#
#2026 07 05 06:44:49.558#Z#DEBUG#fd809866-783c-11f1-b4eb-eeee0a9d7ec9.OPERATION#flowable-async-job-executor-thread-32751#
[CheckServiceBindingOperationStep] Getting binding of service instance "0f5592d4-0ff0-41b1-84b5-54188c7cf4c6" with application "5cb54ac0-0756-403c-997d-73555b972d81"...#
#2026 07 05 06:44:49.588#Z#DEBUG#fd809866-783c-11f1-b4eb-eeee0a9d7ec9.OPERATION#flowable-async-job-executor-thread-32751#
Step "Check For Service Binding Operation In Progress" finished#
#2026 07 05 06:44:49.595#Z#DEBUG#fd809866-783c-11f1-b4eb-eeee0a9d7ec9.OPERATION#flowable-async-job-executor-thread-33602#
[DetermineApplicationServiceBindingActionsStep] Executing task "determineApplicationServiceBindingActionsTask" of process "04cc1e8f-783d-11f1-a5fe-eeee0a8eee86"...#
#2026 07 05 06:44:49.596#Z#DEBUG#fd809866-783c-11f1-b4eb-eeee0a9d7ec9.OPERATION#flowable-async-job-executor-thread-33602#
[DetermineApplicationServiceBindingActionsStep] Determine bind/unbind operations of application "MyHANAApp-srv" to service instance "MyHANAApp-db"#
#2026 07 05 06:44:49.596#Z#DEBUG#fd809866-783c-11f1-b4eb-eeee0a9d7ec9.OPERATION#flowable-async-job-executor-thread-33602#
[DetermineApplicationServiceBindingActionsStep] Getting application "MyHANAApp-srv"...#
#2026 07 05 06:44:49.645#Z#DEBUG#fd809866-783c-11f1-b4eb-eeee0a9d7ec9.OPERATION#flowable-async-job-executor-thread-33602#
[DetermineApplicationServiceBindingActionsStep] Binding parameters for application "MyHANAApp-srv": { }#
#2026 07 05 06:44:49.680#Z#DEBUG#fd809866-783c-11f1-b4eb-eeee0a9d7ec9.OPERATION#flowable-async-job-executor-thread-33602#
[DetermineApplicationServiceBindingActionsStep] Calculated binding operations between application "MyHANAApp-srv" and service instance "MyHANAApp-db": unbind - false bind - true#
#2026 07 05 06:44:49.680#Z#DEBUG#fd809866-783c-11f1-b4eb-eeee0a9d7ec9.OPERATION#flowable-async-job-executor-thread-33602#
Step "Determine Application Service Binding Actions" finished#
#2026 07 05 06:44:49.618#Z#DEBUG#fd809866-783c-11f1-b4eb-eeee0a9d7ec9.OPERATION#flowable-async-job-executor-thread-32752#
[DetermineApplicationServiceBindingActionsStep] Executing task "determineApplicationServiceBindingActionsTask" of process "04d10083-783d-11f1-9ce6-eeee0a8bcd19"...#
#2026 07 05 06:44:49.619#Z#DEBUG#fd809866-783c-11f1-b4eb-eeee0a9d7ec9.OPERATION#flowable-async-job-executor-thread-32752#
[DetermineApplicationServiceBindingActionsStep] Determine bind/unbind operations of application "MyHANAApp" to service instance "MyHANAApp-auth"#
#2026 07 05 06:44:49.619#Z#DEBUG#fd809866-783c-11f1-b4eb-eeee0a9d7ec9.OPERATION#flowable-async-job-executor-thread-32752#
[DetermineApplicationServiceBindingActionsStep] Getting application "MyHANAApp"...#
#2026 07 05 06:44:49.667#Z#DEBUG#fd809866-783c-11f1-b4eb-eeee0a9d7ec9.OPERATION#flowable-async-job-executor-thread-32752#
[DetermineApplicationServiceBindingActionsStep] Binding parameters for application "MyHANAApp": { }#
#2026 07 05 06:44:49.698#Z#DEBUG#fd809866-783c-11f1-b4eb-eeee0a9d7ec9.OPERATION#flowable-async-job-executor-thread-32752#
[DetermineApplicationServiceBindingActionsStep] Calculated binding operations between application "MyHANAApp" and service instance "MyHANAApp-auth": unbind - false bind - true#
#2026 07 05 06:44:49.698#Z#DEBUG#fd809866-783c-11f1-b4eb-eeee0a9d7ec9.OPERATION#flowable-async-job-executor-thread-32752#
Step "Determine Application Service Binding Actions" finished#
#2026 07 05 06:44:49.725#Z#DEBUG#fd809866-783c-11f1-b4eb-eeee0a9d7ec9.OPERATION#flowable-async-job-executor-thread-33603#
[BindServiceToApplicationStep] Executing task "bindServiceToApplicationTask" of process "04cc1e8f-783d-11f1-a5fe-eeee0a8eee86"...#
#2026 07 05 06:44:49.727#Z#INFO#fd809866-783c-11f1-b4eb-eeee0a9d7ec9.OPERATION#flowable-async-job-executor-thread-33603#
[BindServiceToApplicationStep] Binding service instance "MyHANAApp-db" to application "MyHANAApp-srv"...#
#2026 07 05 06:44:49.734#Z#DEBUG#fd809866-783c-11f1-b4eb-eeee0a9d7ec9.OPERATION#flowable-async-job-executor-thread-33603#
[BindServiceToApplicationStep] Binding service instance "MyHANAApp-db" to application "MyHANAApp-srv" with parameters: { }#
#2026 07 05 06:44:49.922#Z#DEBUG#fd809866-783c-11f1-b4eb-eeee0a9d7ec9.OPERATION#flowable-async-job-executor-thread-33603#
Step "Bind Service to Application" finished#
#2026 07 05 06:44:49.734#Z#DEBUG#fd809866-783c-11f1-b4eb-eeee0a9d7ec9.OPERATION#flowable-async-job-executor-thread-32753#
[BindServiceToApplicationStep] Executing task "bindServiceToApplicationTask" of process "04d10083-783d-11f1-9ce6-eeee0a8bcd19"...#
#2026 07 05 06:44:49.735#Z#INFO#fd809866-783c-11f1-b4eb-eeee0a9d7ec9.OPERATION#flowable-async-job-executor-thread-32753#
[BindServiceToApplicationStep] Binding service instance "MyHANAApp-auth" to application "MyHANAApp"...#
#2026 07 05 06:44:49.743#Z#DEBUG#fd809866-783c-11f1-b4eb-eeee0a9d7ec9.OPERATION#flowable-async-job-executor-thread-32753#
[BindServiceToApplicationStep] Binding service instance "MyHANAApp-auth" to application "MyHANAApp" with parameters: { }#
#2026 07 05 06:44:49.924#Z#DEBUG#fd809866-783c-11f1-b4eb-eeee0a9d7ec9.OPERATION#flowable-async-job-executor-thread-32753#
Step "Bind Service to Application" finished#
#2026 07 05 06:44:50.985#Z#DEBUG#fd809866-783c-11f1-b4eb-eeee0a9d7ec9.OPERATION#flowable-async-job-executor-thread-33605#
[CheckServiceBindingOperationStep] Executing task "checkForServiceBindingOperationInProgress" of process "05b6cbf3-783d-11f1-a5fe-eeee0a8eee86"...#
#2026 07 05 06:44:50.985#Z#DEBUG#fd809866-783c-11f1-b4eb-eeee0a9d7ec9.OPERATION#flowable-async-job-executor-thread-33605#
[CheckServiceBindingOperationStep] Checking for service binding operation in progress between app "MyHANAApp-srv" and service instance "MyHANAApp-auth"#
#2026 07 05 06:44:50.986#Z#DEBUG#fd809866-783c-11f1-b4eb-eeee0a9d7ec9.OPERATION#flowable-async-job-executor-thread-33605#
[CheckServiceBindingOperationStep] Getting application guid "MyHANAApp-srv"...#
#2026 07 05 06:44:51.068#Z#DEBUG#fd809866-783c-11f1-b4eb-eeee0a9d7ec9.OPERATION#flowable-async-job-executor-thread-33605#
[CheckServiceBindingOperationStep] Getting GUID of required service instance "MyHANAApp-auth"...#
#2026 07 05 06:44:51.110#Z#DEBUG#fd809866-783c-11f1-b4eb-eeee0a9d7ec9.OPERATION#flowable-async-job-executor-thread-33605#
[CheckServiceBindingOperationStep] Getting binding of service instance "0f5592d4-0ff0-41b1-84b5-54188c7cf4c6" with application "06081fac-2ec2-4819-aa93-a6bf87d224c2"...#
#2026 07 05 06:44:51.177#Z#DEBUG#fd809866-783c-11f1-b4eb-eeee0a9d7ec9.OPERATION#flowable-async-job-executor-thread-33605#
Step "Check For Service Binding Operation In Progress" finished#
#2026 07 05 06:44:51.208#Z#DEBUG#fd809866-783c-11f1-b4eb-eeee0a9d7ec9.OPERATION#flowable-async-job-executor-thread-33606#
[DetermineApplicationServiceBindingActionsStep] Executing task "determineApplicationServiceBindingActionsTask" of process "05b6cbf3-783d-11f1-a5fe-eeee0a8eee86"...#
#2026 07 05 06:44:51.209#Z#DEBUG#fd809866-783c-11f1-b4eb-eeee0a9d7ec9.OPERATION#flowable-async-job-executor-thread-33606#
[DetermineApplicationServiceBindingActionsStep] Determine bind/unbind operations of application "MyHANAApp-srv" to service instance "MyHANAApp-auth"#
#2026 07 05 06:44:51.209#Z#DEBUG#fd809866-783c-11f1-b4eb-eeee0a9d7ec9.OPERATION#flowable-async-job-executor-thread-33606#
[DetermineApplicationServiceBindingActionsStep] Getting application "MyHANAApp-srv"...#
#2026 07 05 06:44:51.259#Z#DEBUG#fd809866-783c-11f1-b4eb-eeee0a9d7ec9.OPERATION#flowable-async-job-executor-thread-33606#
[DetermineApplicationServiceBindingActionsStep] Binding parameters for application "MyHANAApp-srv": { }#
#2026 07 05 06:44:51.297#Z#DEBUG#fd809866-783c-11f1-b4eb-eeee0a9d7ec9.OPERATION#flowable-async-job-executor-thread-33606#
[DetermineApplicationServiceBindingActionsStep] Calculated binding operations between application "MyHANAApp-srv" and service instance "MyHANAApp-auth": unbind - false bind - true#
#2026 07 05 06:44:51.297#Z#DEBUG#fd809866-783c-11f1-b4eb-eeee0a9d7ec9.OPERATION#flowable-async-job-executor-thread-33606#
Step "Determine Application Service Binding Actions" finished#
#2026 07 05 06:44:51.332#Z#DEBUG#fd809866-783c-11f1-b4eb-eeee0a9d7ec9.OPERATION#flowable-async-job-executor-thread-33607#
[BindServiceToApplicationStep] Executing task "bindServiceToApplicationTask" of process "05b6cbf3-783d-11f1-a5fe-eeee0a8eee86"...#
#2026 07 05 06:44:51.334#Z#INFO#fd809866-783c-11f1-b4eb-eeee0a9d7ec9.OPERATION#flowable-async-job-executor-thread-33607#
[BindServiceToApplicationStep] Binding service instance "MyHANAApp-auth" to application "MyHANAApp-srv"...#
#2026 07 05 06:44:51.342#Z#DEBUG#fd809866-783c-11f1-b4eb-eeee0a9d7ec9.OPERATION#flowable-async-job-executor-thread-33607#
[BindServiceToApplicationStep] Binding service instance "MyHANAApp-auth" to application "MyHANAApp-srv" with parameters: { }#
#2026 07 05 06:44:51.528#Z#DEBUG#fd809866-783c-11f1-b4eb-eeee0a9d7ec9.OPERATION#flowable-async-job-executor-thread-33607#
Step "Bind Service to Application" finished#
#2026 07 05 06:44:57.142#Z#DEBUG#fd809866-783c-11f1-b4eb-eeee0a9d7ec9.OPERATION#flowable-async-job-executor-thread-33611#
[BindServiceToApplicationStep] Executing task "bindServiceToApplicationTask" of process "04482123-783d-11f1-a5fe-eeee0a8eee86"...#
#2026 07 05 06:44:57.143#Z#DEBUG#fd809866-783c-11f1-b4eb-eeee0a9d7ec9.OPERATION#flowable-async-job-executor-thread-33611#
[BindServiceToApplicationStep] Getting async job "f5b2fa4c-a08c-4924-9b88-70597552b2aa"#
#2026 07 05 06:44:57.157#Z#DEBUG#fd809866-783c-11f1-b4eb-eeee0a9d7ec9.OPERATION#flowable-async-job-executor-thread-33613#
[BindServiceToApplicationStep] Executing task "bindServiceToApplicationTask" of process "04cc1e8f-783d-11f1-a5fe-eeee0a8eee86"...#
#2026 07 05 06:44:57.158#Z#DEBUG#fd809866-783c-11f1-b4eb-eeee0a9d7ec9.OPERATION#flowable-async-job-executor-thread-33613#
[BindServiceToApplicationStep] Getting async job "25b203de-5299-4332-9cf8-600af084a1f3"#
#2026 07 05 06:44:57.171#Z#DEBUG#fd809866-783c-11f1-b4eb-eeee0a9d7ec9.OPERATION#flowable-async-job-executor-thread-33614#
[BindServiceToApplicationStep] Executing task "bindServiceToApplicationTask" of process "05b6cbf3-783d-11f1-a5fe-eeee0a8eee86"...#
#2026 07 05 06:44:57.172#Z#DEBUG#fd809866-783c-11f1-b4eb-eeee0a9d7ec9.OPERATION#flowable-async-job-executor-thread-33614#
[BindServiceToApplicationStep] Getting async job "9acbf0fe-a647-44a9-a011-0b11e3228ceb"#
#2026 07 05 06:44:57.174#Z#DEBUG#fd809866-783c-11f1-b4eb-eeee0a9d7ec9.OPERATION#flowable-async-job-executor-thread-33615#
[BindServiceToApplicationStep] Executing task "bindServiceToApplicationTask" of process "04d10083-783d-11f1-9ce6-eeee0a8bcd19"...#
#2026 07 05 06:44:57.175#Z#DEBUG#fd809866-783c-11f1-b4eb-eeee0a9d7ec9.OPERATION#flowable-async-job-executor-thread-33615#
[BindServiceToApplicationStep] Getting async job "c3bab27d-e7de-4045-8521-a36946dd0689"#
#2026 07 05 06:44:57.189#Z#DEBUG#fd809866-783c-11f1-b4eb-eeee0a9d7ec9.OPERATION#flowable-async-job-executor-thread-33611#
[BindServiceToApplicationStep] Getting service instance "MyHANAApp-db"...#
#2026 07 05 06:44:57.190#Z#DEBUG#fd809866-783c-11f1-b4eb-eeee0a9d7ec9.OPERATION#flowable-async-job-executor-thread-33613#
[BindServiceToApplicationStep] Getting service instance "MyHANAApp-db"...#
#2026 07 05 06:44:57.205#Z#DEBUG#fd809866-783c-11f1-b4eb-eeee0a9d7ec9.OPERATION#flowable-async-job-executor-thread-33615#
[BindServiceToApplicationStep] Getting service instance "MyHANAApp-auth"...#
#2026 07 05 06:44:57.211#Z#DEBUG#fd809866-783c-11f1-b4eb-eeee0a9d7ec9.OPERATION#flowable-async-job-executor-thread-33614#
[BindServiceToApplicationStep] Getting service instance "MyHANAApp-auth"...#
#2026 07 05 06:44:57.313#Z#DEBUG#fd809866-783c-11f1-b4eb-eeee0a9d7ec9.OPERATION#flowable-async-job-executor-thread-33613#
[BindServiceToApplicationStep] Async service binding operation with id "25b203de-5299-4332-9cf8-600af084a1f3" finished#
#2026 07 05 06:44:57.314#Z#DEBUG#fd809866-783c-11f1-b4eb-eeee0a9d7ec9.OPERATION#flowable-async-job-executor-thread-33613#
Step "Bind Service to Application" finished#
#2026 07 05 06:44:57.338#Z#DEBUG#fd809866-783c-11f1-b4eb-eeee0a9d7ec9.OPERATION#flowable-async-job-executor-thread-33611#
[BindServiceToApplicationStep] Async service binding operation with id "f5b2fa4c-a08c-4924-9b88-70597552b2aa" finished#
#2026 07 05 06:44:57.338#Z#DEBUG#fd809866-783c-11f1-b4eb-eeee0a9d7ec9.OPERATION#flowable-async-job-executor-thread-33611#
Step "Bind Service to Application" finished#
#2026 07 05 06:44:57.351#Z#DEBUG#fd809866-783c-11f1-b4eb-eeee0a9d7ec9.OPERATION#flowable-async-job-executor-thread-33615#
[BindServiceToApplicationStep] Async service binding operation with id "c3bab27d-e7de-4045-8521-a36946dd0689" finished#
#2026 07 05 06:44:57.352#Z#DEBUG#fd809866-783c-11f1-b4eb-eeee0a9d7ec9.OPERATION#flowable-async-job-executor-thread-33615#
Step "Bind Service to Application" finished#
#2026 07 05 06:44:57.353#Z#DEBUG#fd809866-783c-11f1-b4eb-eeee0a9d7ec9.OPERATION#flowable-async-job-executor-thread-33614#
[BindServiceToApplicationStep] Async service binding operation with id "9acbf0fe-a647-44a9-a011-0b11e3228ceb" finished#
#2026 07 05 06:44:57.354#Z#DEBUG#fd809866-783c-11f1-b4eb-eeee0a9d7ec9.OPERATION#flowable-async-job-executor-thread-33614#
Step "Bind Service to Application" finished#
#2026 07 05 06:44:57.435#Z#DEBUG#fd809866-783c-11f1-b4eb-eeee0a9d7ec9.OPERATION#flowable-async-job-executor-thread-33620#
[DetermineVcapServicesPropertiesChangedStep] Executing task "determineVcapServicesPropertiesChangedTask" of process "098f4b81-783d-11f1-a5fe-eeee0a8eee86"...#
#2026 07 05 06:44:57.437#Z#DEBUG#fd809866-783c-11f1-b4eb-eeee0a9d7ec9.OPERATION#flowable-async-job-executor-thread-33620#
[DetermineVcapServicesPropertiesChangedStep] VCAP_SERVICES properties for application "MyHANAApp-db-deployer" changed: true#
#2026 07 05 06:44:57.437#Z#DEBUG#fd809866-783c-11f1-b4eb-eeee0a9d7ec9.OPERATION#flowable-async-job-executor-thread-33620#
Step "Determine vcap services properties changed" finished#
#2026 07 05 06:44:57.456#Z#DEBUG#fd809866-783c-11f1-b4eb-eeee0a9d7ec9.OPERATION#flowable-async-job-executor-thread-33621#
[DetermineVcapServicesPropertiesChangedStep] Executing task "determineVcapServicesPropertiesChangedTask" of process "0992f505-783d-11f1-a5fe-eeee0a8eee86"...#
#2026 07 05 06:44:57.457#Z#DEBUG#fd809866-783c-11f1-b4eb-eeee0a9d7ec9.OPERATION#flowable-async-job-executor-thread-33621#
[DetermineVcapServicesPropertiesChangedStep] VCAP_SERVICES properties for application "MyHANAApp" changed: true#
#2026 07 05 06:44:57.457#Z#DEBUG#fd809866-783c-11f1-b4eb-eeee0a9d7ec9.OPERATION#flowable-async-job-executor-thread-33621#
Step "Determine vcap services properties changed" finished#
#2026 07 05 06:44:57.464#Z#DEBUG#fd809866-783c-11f1-b4eb-eeee0a9d7ec9.OPERATION#flowable-async-job-executor-thread-33622#
[UploadAppStep] Executing task "uploadAppTask" of process "098f4b81-783d-11f1-a5fe-eeee0a8eee86"...#
#2026 07 05 06:44:57.466#Z#DEBUG#fd809866-783c-11f1-b4eb-eeee0a9d7ec9.OPERATION#flowable-async-job-executor-thread-33622#
[UploadAppStep] Application upload timeout is default one: 3,600 seconds#
#2026 07 05 06:44:57.466#Z#INFO#fd809866-783c-11f1-b4eb-eeee0a9d7ec9.OPERATION#flowable-async-job-executor-thread-33622#
[UploadAppStep] Uploading application "MyHANAApp-db-deployer"...#
#2026 07 05 06:44:57.476#Z#DEBUG#fd809866-783c-11f1-b4eb-eeee0a9d7ec9.OPERATION#flowable-async-job-executor-thread-33622#
[UploadAppStep] Getting application "MyHANAApp-db-deployer"...#
#2026 07 05 06:44:57.486#Z#DEBUG#fd809866-783c-11f1-b4eb-eeee0a9d7ec9.OPERATION#flowable-async-job-executor-thread-33623#
[UploadAppStep] Executing task "uploadAppTask" of process "0992f505-783d-11f1-a5fe-eeee0a8eee86"...#
#2026 07 05 06:44:57.488#Z#DEBUG#fd809866-783c-11f1-b4eb-eeee0a9d7ec9.OPERATION#flowable-async-job-executor-thread-33623#
[UploadAppStep] Application upload timeout is default one: 3,600 seconds#
#2026 07 05 06:44:57.488#Z#INFO#fd809866-783c-11f1-b4eb-eeee0a9d7ec9.OPERATION#flowable-async-job-executor-thread-33623#
[UploadAppStep] Uploading application "MyHANAApp"...#
#2026 07 05 06:44:57.495#Z#DEBUG#fd809866-783c-11f1-b4eb-eeee0a9d7ec9.OPERATION#flowable-async-job-executor-thread-33623#
[UploadAppStep] Getting application "MyHANAApp"...#
#2026 07 05 06:44:57.522#Z#DEBUG#fd809866-783c-11f1-b4eb-eeee0a9d7ec9.OPERATION#flowable-async-job-executor-thread-33622#
[UploadAppStep] Getting environment of application "30f39fab-8d7b-4549-927d-378c796efb70"...#
#2026 07 05 06:44:57.533#Z#DEBUG#fd809866-783c-11f1-b4eb-eeee0a9d7ec9.OPERATION#flowable-async-job-executor-thread-33623#
[UploadAppStep] Getting environment of application "5cb54ac0-0756-403c-997d-73555b972d81"...#
#2026 07 05 06:44:57.583#Z#INFO#fd809866-783c-11f1-b4eb-eeee0a9d7ec9.OPERATION#flowable-async-job-executor-thread-33623#
[UploadAppStep] Calculating application digest: "MyHANAApp"#
#2026 07 05 06:44:57.586#Z#INFO#fd809866-783c-11f1-b4eb-eeee0a9d7ec9.OPERATION#flowable-async-job-executor-thread-33622#
[UploadAppStep] Calculating application digest: "MyHANAApp-db-deployer"#
#2026 07 05 06:44:57.606#Z#DEBUG#fd809866-783c-11f1-b4eb-eeee0a9d7ec9.OPERATION#flowable-async-job-executor-thread-33623#
Step "Upload App" finished#
#2026 07 05 06:44:57.759#Z#DEBUG#fd809866-783c-11f1-b4eb-eeee0a9d7ec9.OPERATION#flowable-async-job-executor-thread-33622#
Step "Upload App" finished#
#2026 07 05 06:45:00.005#Z#DEBUG#fd809866-783c-11f1-b4eb-eeee0a9d7ec9.OPERATION#flowable-async-job-executor-thread-33625#
[DetermineVcapServicesPropertiesChangedStep] Executing task "determineVcapServicesPropertiesChangedTask" of process "0b17995d-783d-11f1-a5fe-eeee0a8eee86"...#
#2026 07 05 06:45:00.007#Z#DEBUG#fd809866-783c-11f1-b4eb-eeee0a9d7ec9.OPERATION#flowable-async-job-executor-thread-33625#
[DetermineVcapServicesPropertiesChangedStep] VCAP_SERVICES properties for application "MyHANAApp-srv" changed: true#
#2026 07 05 06:45:00.007#Z#DEBUG#fd809866-783c-11f1-b4eb-eeee0a9d7ec9.OPERATION#flowable-async-job-executor-thread-33625#
Step "Determine vcap services properties changed" finished#
#2026 07 05 06:45:00.042#Z#DEBUG#fd809866-783c-11f1-b4eb-eeee0a9d7ec9.OPERATION#flowable-async-job-executor-thread-33626#
[UploadAppStep] Executing task "uploadAppTask" of process "0b17995d-783d-11f1-a5fe-eeee0a8eee86"...#
#2026 07 05 06:45:00.044#Z#DEBUG#fd809866-783c-11f1-b4eb-eeee0a9d7ec9.OPERATION#flowable-async-job-executor-thread-33626#
[UploadAppStep] Application upload timeout is default one: 3,600 seconds#
#2026 07 05 06:45:00.044#Z#INFO#fd809866-783c-11f1-b4eb-eeee0a9d7ec9.OPERATION#flowable-async-job-executor-thread-33626#
[UploadAppStep] Uploading application "MyHANAApp-srv"...#
#2026 07 05 06:45:00.051#Z#DEBUG#fd809866-783c-11f1-b4eb-eeee0a9d7ec9.OPERATION#flowable-async-job-executor-thread-33626#
[UploadAppStep] Getting application "MyHANAApp-srv"...#
#2026 07 05 06:45:00.092#Z#DEBUG#fd809866-783c-11f1-b4eb-eeee0a9d7ec9.OPERATION#flowable-async-job-executor-thread-33626#
[UploadAppStep] Getting environment of application "06081fac-2ec2-4819-aa93-a6bf87d224c2"...#
#2026 07 05 06:45:00.163#Z#INFO#fd809866-783c-11f1-b4eb-eeee0a9d7ec9.OPERATION#flowable-async-job-executor-thread-33626#
[UploadAppStep] Calculating application digest: "MyHANAApp-srv"#
#2026 07 05 06:45:00.498#Z#DEBUG#fd809866-783c-11f1-b4eb-eeee0a9d7ec9.OPERATION#flowable-async-job-executor-thread-33626#
Step "Upload App" finished#
#2026 07 05 06:45:07.186#Z#DEBUG#fd809866-783c-11f1-b4eb-eeee0a9d7ec9.OPERATION#flowable-async-job-executor-thread-33630#
[UploadAppStep] Executing task "uploadAppTask" of process "0992f505-783d-11f1-a5fe-eeee0a8eee86"...#
#2026 07 05 06:45:07.188#Z#DEBUG#fd809866-783c-11f1-b4eb-eeee0a9d7ec9.OPERATION#flowable-async-job-executor-thread-33630#
[UploadAppStep] Application upload timeout is default one: 3,600 seconds#
#2026 07 05 06:45:07.189#Z#DEBUG#fd809866-783c-11f1-b4eb-eeee0a9d7ec9.OPERATION#pool-21-thread-5#
[UploadAppStep] Upload of application: MyHANAApp started on instance: 0#
#2026 07 05 06:45:07.189#Z#DEBUG#fd809866-783c-11f1-b4eb-eeee0a9d7ec9.OPERATION#pool-21-thread-5#
[UploadAppStep] Uploading file "MyHANAApp/data.zip" for application "MyHANAApp"#
#2026 07 05 06:45:07.197#Z#DEBUG#fd809866-783c-11f1-b4eb-eeee0a9d7ec9.OPERATION#flowable-async-job-executor-thread-33631#
[UploadAppStep] Executing task "uploadAppTask" of process "098f4b81-783d-11f1-a5fe-eeee0a8eee86"...#
#2026 07 05 06:45:07.197#Z#INFO#fd809866-783c-11f1-b4eb-eeee0a9d7ec9.OPERATION#pool-21-thread-5#
[UploadAppStep] Time elapsed for app binary download: 7 in millis#
#2026 07 05 06:45:07.197#Z#INFO#fd809866-783c-11f1-b4eb-eeee0a9d7ec9.OPERATION#pool-21-thread-5#
[UploadAppStep] Size of app MyHANAApp is 23,091 bytes#
#2026 07 05 06:45:07.197#Z#DEBUG#fd809866-783c-11f1-b4eb-eeee0a9d7ec9.OPERATION#pool-21-thread-5#
[UploadAppStep] Asynchronously uploading binaries for application "MyHANAApp"...#
#2026 07 05 06:45:07.199#Z#DEBUG#fd809866-783c-11f1-b4eb-eeee0a9d7ec9.OPERATION#flowable-async-job-executor-thread-33631#
[UploadAppStep] Application upload timeout is default one: 3,600 seconds#
#2026 07 05 06:45:07.200#Z#DEBUG#fd809866-783c-11f1-b4eb-eeee0a9d7ec9.OPERATION#flowable-async-job-executor-thread-33632#
[UploadAppStep] Executing task "uploadAppTask" of process "0b17995d-783d-11f1-a5fe-eeee0a8eee86"...#
#2026 07 05 06:45:07.200#Z#DEBUG#fd809866-783c-11f1-b4eb-eeee0a9d7ec9.OPERATION#pool-21-thread-3#
[UploadAppStep] Upload of application: MyHANAApp-db-deployer started on instance: 0#
#2026 07 05 06:45:07.200#Z#DEBUG#fd809866-783c-11f1-b4eb-eeee0a9d7ec9.OPERATION#pool-21-thread-3#
[UploadAppStep] Uploading file "MyHANAApp-db-deployer/data.zip" for application "MyHANAApp-db-deployer"#
#2026 07 05 06:45:07.202#Z#DEBUG#fd809866-783c-11f1-b4eb-eeee0a9d7ec9.OPERATION#flowable-async-job-executor-thread-33632#
[UploadAppStep] Application upload timeout is default one: 3,600 seconds#
#2026 07 05 06:45:07.203#Z#DEBUG#fd809866-783c-11f1-b4eb-eeee0a9d7ec9.OPERATION#pool-21-thread-6#
[UploadAppStep] Upload of application: MyHANAApp-srv started on instance: 0#
#2026 07 05 06:45:07.203#Z#DEBUG#fd809866-783c-11f1-b4eb-eeee0a9d7ec9.OPERATION#pool-21-thread-6#
[UploadAppStep] Uploading file "MyHANAApp-srv/data.zip" for application "MyHANAApp-srv"#
#2026 07 05 06:45:07.333#Z#INFO#fd809866-783c-11f1-b4eb-eeee0a9d7ec9.OPERATION#pool-21-thread-3#
[UploadAppStep] Time elapsed for app binary download: 131 in millis#
#2026 07 05 06:45:07.333#Z#INFO#fd809866-783c-11f1-b4eb-eeee0a9d7ec9.OPERATION#pool-21-thread-3#
[UploadAppStep] Size of app MyHANAApp-db-deployer is 2,789,823 bytes#
#2026 07 05 06:45:07.333#Z#DEBUG#fd809866-783c-11f1-b4eb-eeee0a9d7ec9.OPERATION#pool-21-thread-3#
[UploadAppStep] Asynchronously uploading binaries for application "MyHANAApp-db-deployer"...#
#2026 07 05 06:45:07.523#Z#INFO#fd809866-783c-11f1-b4eb-eeee0a9d7ec9.OPERATION#pool-21-thread-5#
[UploadAppStep] Started async upload of application "MyHANAApp"#
#2026 07 05 06:45:07.545#Z#INFO#fd809866-783c-11f1-b4eb-eeee0a9d7ec9.OPERATION#flowable-async-job-executor-thread-33630#
[UploadAppStep] Time elapsed for upload: 356 in millis#
#2026 07 05 06:45:07.545#Z#DEBUG#fd809866-783c-11f1-b4eb-eeee0a9d7ec9.OPERATION#flowable-async-job-executor-thread-33630#
[UploadAppStep] Getting application "MyHANAApp"...#
#2026 07 05 06:45:07.568#Z#DEBUG#fd809866-783c-11f1-b4eb-eeee0a9d7ec9.OPERATION#App upload monitor: 0aa9bc19-fa5b-4cb1-a8e3-eab360eb4d82#
[UploadAppStep] Upload status: PROCESSING_UPLOAD#
#2026 07 05 06:45:07.585#Z#DEBUG#fd809866-783c-11f1-b4eb-eeee0a9d7ec9.OPERATION#flowable-async-job-executor-thread-33630#
[UploadAppStep] Getting environment of application "5cb54ac0-0756-403c-997d-73555b972d81"...#
#2026 07 05 06:45:07.586#Z#INFO#fd809866-783c-11f1-b4eb-eeee0a9d7ec9.OPERATION#pool-21-thread-6#
[UploadAppStep] Time elapsed for app binary download: 383 in millis#
#2026 07 05 06:45:07.586#Z#INFO#fd809866-783c-11f1-b4eb-eeee0a9d7ec9.OPERATION#pool-21-thread-6#
[UploadAppStep] Size of app MyHANAApp-srv is 7,899,526 bytes#
#2026 07 05 06:45:07.586#Z#DEBUG#fd809866-783c-11f1-b4eb-eeee0a9d7ec9.OPERATION#pool-21-thread-6#
[UploadAppStep] Asynchronously uploading binaries for application "MyHANAApp-srv"...#
#2026 07 05 06:45:07.645#Z#DEBUG#fd809866-783c-11f1-b4eb-eeee0a9d7ec9.OPERATION#flowable-async-job-executor-thread-33630#
[UploadAppStep] Updating environment of application "MyHANAApp"#
#2026 07 05 06:45:07.746#Z#INFO#fd809866-783c-11f1-b4eb-eeee0a9d7ec9.OPERATION#pool-21-thread-3#
[UploadAppStep] Started async upload of application "MyHANAApp-db-deployer"#
#2026 07 05 06:45:07.754#Z#INFO#fd809866-783c-11f1-b4eb-eeee0a9d7ec9.OPERATION#flowable-async-job-executor-thread-33631#
[UploadAppStep] Time elapsed for upload: 554 in millis#
#2026 07 05 06:45:07.754#Z#DEBUG#fd809866-783c-11f1-b4eb-eeee0a9d7ec9.OPERATION#flowable-async-job-executor-thread-33631#
[UploadAppStep] Getting application "MyHANAApp-db-deployer"...#
#2026 07 05 06:45:07.779#Z#DEBUG#fd809866-783c-11f1-b4eb-eeee0a9d7ec9.OPERATION#flowable-async-job-executor-thread-33630#
Step "Upload App" finished#
#2026 07 05 06:45:07.782#Z#DEBUG#fd809866-783c-11f1-b4eb-eeee0a9d7ec9.OPERATION#App upload monitor: 451f8c5c-64cc-46a7-a315-f875e438c721#
[UploadAppStep] Upload status: PROCESSING_UPLOAD#
#2026 07 05 06:45:07.798#Z#DEBUG#fd809866-783c-11f1-b4eb-eeee0a9d7ec9.OPERATION#flowable-async-job-executor-thread-33631#
[UploadAppStep] Getting environment of application "30f39fab-8d7b-4549-927d-378c796efb70"...#
#2026 07 05 06:45:07.862#Z#DEBUG#fd809866-783c-11f1-b4eb-eeee0a9d7ec9.OPERATION#flowable-async-job-executor-thread-33631#
[UploadAppStep] Updating environment of application "MyHANAApp-db-deployer"#
#2026 07 05 06:45:07.895#Z#INFO#fd809866-783c-11f1-b4eb-eeee0a9d7ec9.OPERATION#pool-21-thread-6#
[UploadAppStep] Started async upload of application "MyHANAApp-srv"#
#2026 07 05 06:45:07.905#Z#INFO#fd809866-783c-11f1-b4eb-eeee0a9d7ec9.OPERATION#flowable-async-job-executor-thread-33632#
[UploadAppStep] Time elapsed for upload: 703 in millis#
#2026 07 05 06:45:07.906#Z#DEBUG#fd809866-783c-11f1-b4eb-eeee0a9d7ec9.OPERATION#flowable-async-job-executor-thread-33632#
[UploadAppStep] Getting application "MyHANAApp-srv"...#
#2026 07 05 06:45:07.926#Z#DEBUG#fd809866-783c-11f1-b4eb-eeee0a9d7ec9.OPERATION#App upload monitor: ce73ccd6-69ea-43c9-ac91-2116f66d8dc4#
[UploadAppStep] Upload status: PROCESSING_UPLOAD#
#2026 07 05 06:45:07.953#Z#DEBUG#fd809866-783c-11f1-b4eb-eeee0a9d7ec9.OPERATION#flowable-async-job-executor-thread-33632#
[UploadAppStep] Getting environment of application "06081fac-2ec2-4819-aa93-a6bf87d224c2"...#
#2026 07 05 06:45:07.980#Z#DEBUG#fd809866-783c-11f1-b4eb-eeee0a9d7ec9.OPERATION#flowable-async-job-executor-thread-33631#
Step "Upload App" finished#
#2026 07 05 06:45:08.040#Z#DEBUG#fd809866-783c-11f1-b4eb-eeee0a9d7ec9.OPERATION#flowable-async-job-executor-thread-33632#
[UploadAppStep] Updating environment of application "MyHANAApp-srv"#
#2026 07 05 06:45:08.146#Z#DEBUG#fd809866-783c-11f1-b4eb-eeee0a9d7ec9.OPERATION#flowable-async-job-executor-thread-33632#
Step "Upload App" finished#
#2026 07 05 06:45:12.604#Z#DEBUG#fd809866-783c-11f1-b4eb-eeee0a9d7ec9.OPERATION#App upload monitor: 0aa9bc19-fa5b-4cb1-a8e3-eab360eb4d82#
[UploadAppStep] Upload status: READY#
#2026 07 05 06:45:12.816#Z#DEBUG#fd809866-783c-11f1-b4eb-eeee0a9d7ec9.OPERATION#App upload monitor: 451f8c5c-64cc-46a7-a315-f875e438c721#
[UploadAppStep] Upload status: PROCESSING_UPLOAD#
#2026 07 05 06:45:12.982#Z#DEBUG#fd809866-783c-11f1-b4eb-eeee0a9d7ec9.OPERATION#App upload monitor: ce73ccd6-69ea-43c9-ac91-2116f66d8dc4#
[UploadAppStep] Upload status: PROCESSING_UPLOAD#
#2026 07 05 06:45:17.218#Z#DEBUG#fd809866-783c-11f1-b4eb-eeee0a9d7ec9.OPERATION#flowable-async-job-executor-thread-33636#
[UploadAppStep] Executing task "uploadAppTask" of process "0992f505-783d-11f1-a5fe-eeee0a8eee86"...#
#2026 07 05 06:45:17.219#Z#DEBUG#fd809866-783c-11f1-b4eb-eeee0a9d7ec9.OPERATION#flowable-async-job-executor-thread-33636#
[UploadAppStep] Application upload timeout is default one: 3,600 seconds#
#2026 07 05 06:45:17.219#Z#DEBUG#fd809866-783c-11f1-b4eb-eeee0a9d7ec9.OPERATION#flowable-async-job-executor-thread-33636#
[UploadAppStep] Checking upload status of application "MyHANAApp"...#
#2026 07 05 06:45:17.220#Z#DEBUG#fd809866-783c-11f1-b4eb-eeee0a9d7ec9.OPERATION#flowable-async-job-executor-thread-33636#
[UploadAppStep] Getting package "0aa9bc19-fa5b-4cb1-a8e3-eab360eb4d82"...#
#2026 07 05 06:45:17.228#Z#DEBUG#fd809866-783c-11f1-b4eb-eeee0a9d7ec9.OPERATION#flowable-async-job-executor-thread-33637#
[UploadAppStep] Executing task "uploadAppTask" of process "0b17995d-783d-11f1-a5fe-eeee0a8eee86"...#
#2026 07 05 06:45:17.230#Z#DEBUG#fd809866-783c-11f1-b4eb-eeee0a9d7ec9.OPERATION#flowable-async-job-executor-thread-33638#
[UploadAppStep] Executing task "uploadAppTask" of process "098f4b81-783d-11f1-a5fe-eeee0a8eee86"...#
#2026 07 05 06:45:17.230#Z#DEBUG#fd809866-783c-11f1-b4eb-eeee0a9d7ec9.OPERATION#flowable-async-job-executor-thread-33637#
[UploadAppStep] Application upload timeout is default one: 3,600 seconds#
#2026 07 05 06:45:17.230#Z#DEBUG#fd809866-783c-11f1-b4eb-eeee0a9d7ec9.OPERATION#flowable-async-job-executor-thread-33637#
[UploadAppStep] Checking upload status of application "MyHANAApp-srv"...#
#2026 07 05 06:45:17.231#Z#DEBUG#fd809866-783c-11f1-b4eb-eeee0a9d7ec9.OPERATION#flowable-async-job-executor-thread-33637#
[UploadAppStep] Getting package "ce73ccd6-69ea-43c9-ac91-2116f66d8dc4"...#
#2026 07 05 06:45:17.232#Z#DEBUG#fd809866-783c-11f1-b4eb-eeee0a9d7ec9.OPERATION#flowable-async-job-executor-thread-33638#
[UploadAppStep] Application upload timeout is default one: 3,600 seconds#
#2026 07 05 06:45:17.232#Z#DEBUG#fd809866-783c-11f1-b4eb-eeee0a9d7ec9.OPERATION#flowable-async-job-executor-thread-33638#
[UploadAppStep] Checking upload status of application "MyHANAApp-db-deployer"...#
#2026 07 05 06:45:17.232#Z#DEBUG#fd809866-783c-11f1-b4eb-eeee0a9d7ec9.OPERATION#flowable-async-job-executor-thread-33638#
[UploadAppStep] Getting package "451f8c5c-64cc-46a7-a315-f875e438c721"...#
#2026 07 05 06:45:17.259#Z#DEBUG#fd809866-783c-11f1-b4eb-eeee0a9d7ec9.OPERATION#flowable-async-job-executor-thread-33636#
[UploadAppStep] Application "MyHANAApp" uploaded#
#2026 07 05 06:45:17.260#Z#DEBUG#fd809866-783c-11f1-b4eb-eeee0a9d7ec9.OPERATION#flowable-async-job-executor-thread-33636#
Step "Upload App" finished#
#2026 07 05 06:45:17.271#Z#DEBUG#fd809866-783c-11f1-b4eb-eeee0a9d7ec9.OPERATION#flowable-async-job-executor-thread-33637#
[UploadAppStep] Application "MyHANAApp-srv" uploaded#
#2026 07 05 06:45:17.272#Z#DEBUG#fd809866-783c-11f1-b4eb-eeee0a9d7ec9.OPERATION#flowable-async-job-executor-thread-33637#
Step "Upload App" finished#
#2026 07 05 06:45:17.287#Z#DEBUG#fd809866-783c-11f1-b4eb-eeee0a9d7ec9.OPERATION#flowable-async-job-executor-thread-33638#
[UploadAppStep] Application "MyHANAApp-db-deployer" uploaded#
#2026 07 05 06:45:17.288#Z#DEBUG#fd809866-783c-11f1-b4eb-eeee0a9d7ec9.OPERATION#flowable-async-job-executor-thread-33638#
Step "Upload App" finished#
#2026 07 05 06:45:17.296#Z#DEBUG#fd809866-783c-11f1-b4eb-eeee0a9d7ec9.OPERATION#flowable-async-job-executor-thread-33639#
[ScaleAppStep] Executing task "scaleAppTask" of process "0992f505-783d-11f1-a5fe-eeee0a8eee86"...#
#2026 07 05 06:45:17.297#Z#DEBUG#fd809866-783c-11f1-b4eb-eeee0a9d7ec9.OPERATION#flowable-async-job-executor-thread-33639#
[ScaleAppStep] Scaling application "MyHANAApp"...#
#2026 07 05 06:45:17.297#Z#DEBUG#fd809866-783c-11f1-b4eb-eeee0a9d7ec9.OPERATION#flowable-async-job-executor-thread-33639#
[ScaleAppStep] Application "MyHANAApp" scaled#
#2026 07 05 06:45:17.297#Z#DEBUG#fd809866-783c-11f1-b4eb-eeee0a9d7ec9.OPERATION#flowable-async-job-executor-thread-33639#
Step "Scale App" finished#
#2026 07 05 06:45:17.309#Z#DEBUG#fd809866-783c-11f1-b4eb-eeee0a9d7ec9.OPERATION#flowable-async-job-executor-thread-33640#
[ScaleAppStep] Executing task "scaleAppTask" of process "0b17995d-783d-11f1-a5fe-eeee0a8eee86"...#
#2026 07 05 06:45:17.311#Z#DEBUG#fd809866-783c-11f1-b4eb-eeee0a9d7ec9.OPERATION#flowable-async-job-executor-thread-33640#
[ScaleAppStep] Scaling application "MyHANAApp-srv"...#
#2026 07 05 06:45:17.311#Z#DEBUG#fd809866-783c-11f1-b4eb-eeee0a9d7ec9.OPERATION#flowable-async-job-executor-thread-33640#
[ScaleAppStep] Application "MyHANAApp-srv" scaled#
#2026 07 05 06:45:17.311#Z#DEBUG#fd809866-783c-11f1-b4eb-eeee0a9d7ec9.OPERATION#flowable-async-job-executor-thread-33640#
Step "Scale App" finished#
#2026 07 05 06:45:17.323#Z#DEBUG#fd809866-783c-11f1-b4eb-eeee0a9d7ec9.OPERATION#flowable-async-job-executor-thread-33641#
[ScaleAppStep] Executing task "scaleAppTask" of process "098f4b81-783d-11f1-a5fe-eeee0a8eee86"...#
#2026 07 05 06:45:17.324#Z#DEBUG#fd809866-783c-11f1-b4eb-eeee0a9d7ec9.OPERATION#flowable-async-job-executor-thread-33641#
[ScaleAppStep] Scaling application "MyHANAApp-db-deployer"...#
#2026 07 05 06:45:17.324#Z#DEBUG#fd809866-783c-11f1-b4eb-eeee0a9d7ec9.OPERATION#flowable-async-job-executor-thread-33641#
[ScaleAppStep] Application "MyHANAApp-db-deployer" scaled#
#2026 07 05 06:45:17.324#Z#DEBUG#fd809866-783c-11f1-b4eb-eeee0a9d7ec9.OPERATION#flowable-async-job-executor-thread-33641#
Step "Scale App" finished#
#2026 07 05 06:45:17.327#Z#DEBUG#fd809866-783c-11f1-b4eb-eeee0a9d7ec9.OPERATION#flowable-async-job-executor-thread-33642#
[DetermineDesiredStateAchievingActionsStep] Executing task "determineDesiredStateAchievingActionsTask" of process "0992f505-783d-11f1-a5fe-eeee0a8eee86"...#
#2026 07 05 06:45:17.328#Z#DEBUG#fd809866-783c-11f1-b4eb-eeee0a9d7ec9.OPERATION#flowable-async-job-executor-thread-33642#
[DetermineDesiredStateAchievingActionsStep] Getting application "MyHANAApp"...#
#2026 07 05 06:45:17.344#Z#DEBUG#fd809866-783c-11f1-b4eb-eeee0a9d7ec9.OPERATION#flowable-async-job-executor-thread-33643#
[DetermineDesiredStateAchievingActionsStep] Executing task "determineDesiredStateAchievingActionsTask" of process "0b17995d-783d-11f1-a5fe-eeee0a8eee86"...#
#2026 07 05 06:45:17.345#Z#DEBUG#fd809866-783c-11f1-b4eb-eeee0a9d7ec9.OPERATION#flowable-async-job-executor-thread-33643#
[DetermineDesiredStateAchievingActionsStep] Getting application "MyHANAApp-srv"...#
#2026 07 05 06:45:17.355#Z#DEBUG#fd809866-783c-11f1-b4eb-eeee0a9d7ec9.OPERATION#flowable-async-job-executor-thread-33644#
[DetermineDesiredStateAchievingActionsStep] Executing task "determineDesiredStateAchievingActionsTask" of process "098f4b81-783d-11f1-a5fe-eeee0a8eee86"...#
#2026 07 05 06:45:17.356#Z#DEBUG#fd809866-783c-11f1-b4eb-eeee0a9d7ec9.OPERATION#flowable-async-job-executor-thread-33644#
[DetermineDesiredStateAchievingActionsStep] Getting application "MyHANAApp-db-deployer"...#
#2026 07 05 06:45:17.361#Z#DEBUG#fd809866-783c-11f1-b4eb-eeee0a9d7ec9.OPERATION#flowable-async-job-executor-thread-33642#
[DetermineDesiredStateAchievingActionsStep] Getting instances for application "MyHANAApp"...#
#2026 07 05 06:45:17.361#Z#DEBUG#fd809866-783c-11f1-b4eb-eeee0a9d7ec9.OPERATION#flowable-async-job-executor-thread-33642#
[DetermineDesiredStateAchievingActionsStep] Getting environment of application "5cb54ac0-0756-403c-997d-73555b972d81"...#
#2026 07 05 06:45:17.391#Z#DEBUG#fd809866-783c-11f1-b4eb-eeee0a9d7ec9.OPERATION#flowable-async-job-executor-thread-33644#
[DetermineDesiredStateAchievingActionsStep] Getting instances for application "MyHANAApp-db-deployer"...#
#2026 07 05 06:45:17.391#Z#DEBUG#fd809866-783c-11f1-b4eb-eeee0a9d7ec9.OPERATION#flowable-async-job-executor-thread-33644#
[DetermineDesiredStateAchievingActionsStep] Getting environment of application "30f39fab-8d7b-4549-927d-378c796efb70"...#
#2026 07 05 06:45:17.397#Z#DEBUG#fd809866-783c-11f1-b4eb-eeee0a9d7ec9.OPERATION#flowable-async-job-executor-thread-33643#
[DetermineDesiredStateAchievingActionsStep] Getting instances for application "MyHANAApp-srv"...#
#2026 07 05 06:45:17.397#Z#DEBUG#fd809866-783c-11f1-b4eb-eeee0a9d7ec9.OPERATION#flowable-async-job-executor-thread-33643#
[DetermineDesiredStateAchievingActionsStep] Getting environment of application "06081fac-2ec2-4819-aa93-a6bf87d224c2"...#
#2026 07 05 06:45:17.400#Z#DEBUG#fd809866-783c-11f1-b4eb-eeee0a9d7ec9.OPERATION#flowable-async-job-executor-thread-33642#
[DetermineDesiredStateAchievingActionsStep] Current state of application MyHANAApp: STOPPED#
#2026 07 05 06:45:17.400#Z#DEBUG#fd809866-783c-11f1-b4eb-eeee0a9d7ec9.OPERATION#flowable-async-job-executor-thread-33642#
[DetermineDesiredStateAchievingActionsStep] Desired state of application MyHANAApp: STARTED#
#2026 07 05 06:45:17.400#Z#DEBUG#fd809866-783c-11f1-b4eb-eeee0a9d7ec9.OPERATION#flowable-async-job-executor-thread-33642#
[DetermineDesiredStateAchievingActionsStep] Actions that should be executed on application MyHANAApp: [STAGE, START]#
#2026 07 05 06:45:17.400#Z#DEBUG#fd809866-783c-11f1-b4eb-eeee0a9d7ec9.OPERATION#flowable-async-job-executor-thread-33642#
Step "Determine Desired State Achieving Actions" finished#
#2026 07 05 06:45:17.446#Z#DEBUG#fd809866-783c-11f1-b4eb-eeee0a9d7ec9.OPERATION#flowable-async-job-executor-thread-33643#
[DetermineDesiredStateAchievingActionsStep] Current state of application MyHANAApp-srv: STOPPED#
#2026 07 05 06:45:17.446#Z#DEBUG#fd809866-783c-11f1-b4eb-eeee0a9d7ec9.OPERATION#flowable-async-job-executor-thread-33643#
[DetermineDesiredStateAchievingActionsStep] Desired state of application MyHANAApp-srv: STARTED#
#2026 07 05 06:45:17.446#Z#DEBUG#fd809866-783c-11f1-b4eb-eeee0a9d7ec9.OPERATION#flowable-async-job-executor-thread-33643#
[DetermineDesiredStateAchievingActionsStep] Actions that should be executed on application MyHANAApp-srv: [STAGE, START]#
#2026 07 05 06:45:17.446#Z#DEBUG#fd809866-783c-11f1-b4eb-eeee0a9d7ec9.OPERATION#flowable-async-job-executor-thread-33643#
Step "Determine Desired State Achieving Actions" finished#
#2026 07 05 06:45:17.449#Z#DEBUG#fd809866-783c-11f1-b4eb-eeee0a9d7ec9.OPERATION#flowable-async-job-executor-thread-33644#
[DetermineDesiredStateAchievingActionsStep] Current state of application MyHANAApp-db-deployer: STOPPED#
#2026 07 05 06:45:17.449#Z#DEBUG#fd809866-783c-11f1-b4eb-eeee0a9d7ec9.OPERATION#flowable-async-job-executor-thread-33644#
[DetermineDesiredStateAchievingActionsStep] Desired state of application MyHANAApp-db-deployer: STOPPED#
#2026 07 05 06:45:17.449#Z#DEBUG#fd809866-783c-11f1-b4eb-eeee0a9d7ec9.OPERATION#flowable-async-job-executor-thread-33644#
[DetermineDesiredStateAchievingActionsStep] Actions that should be executed on application MyHANAApp-db-deployer: [STAGE]#
#2026 07 05 06:45:17.449#Z#DEBUG#fd809866-783c-11f1-b4eb-eeee0a9d7ec9.OPERATION#flowable-async-job-executor-thread-33644#
Step "Determine Desired State Achieving Actions" finished#
#2026 07 05 06:45:17.845#Z#DEBUG#fd809866-783c-11f1-b4eb-eeee0a9d7ec9.OPERATION#App upload monitor: 451f8c5c-64cc-46a7-a315-f875e438c721#
[UploadAppStep] Upload status: READY#
#2026 07 05 06:45:17.436#Z#DEBUG#fd809866-783c-11f1-b4eb-eeee0a9d7ec9.OPERATION#flowable-async-job-executor-thread-33645#
[StageAppStep] Executing task "stageAppTask" of process "0992f505-783d-11f1-a5fe-eeee0a8eee86"...#
#2026 07 05 06:45:17.437#Z#DEBUG#fd809866-783c-11f1-b4eb-eeee0a9d7ec9.OPERATION#flowable-async-job-executor-thread-33645#
[StageAppStep] Application stage timeout is default one: 3,600 seconds#
#2026 07 05 06:45:17.438#Z#INFO#fd809866-783c-11f1-b4eb-eeee0a9d7ec9.OPERATION#flowable-async-job-executor-thread-33645#
[StageAppStep] Staging application "MyHANAApp"...#
#2026 07 05 06:45:17.446#Z#DEBUG#fd809866-783c-11f1-b4eb-eeee0a9d7ec9.OPERATION#flowable-async-job-executor-thread-33645#
[StageAppStep] Creating build for package "0aa9bc19-fa5b-4cb1-a8e3-eab360eb4d82"...#
#2026 07 05 06:45:17.480#Z#DEBUG#fd809866-783c-11f1-b4eb-eeee0a9d7ec9.OPERATION#flowable-async-job-executor-thread-33646#
[StageAppStep] Executing task "stageAppTask" of process "0b17995d-783d-11f1-a5fe-eeee0a8eee86"...#
#2026 07 05 06:45:17.482#Z#DEBUG#fd809866-783c-11f1-b4eb-eeee0a9d7ec9.OPERATION#flowable-async-job-executor-thread-33646#
[StageAppStep] Application stage timeout is default one: 3,600 seconds#
#2026 07 05 06:45:17.482#Z#DEBUG#fd809866-783c-11f1-b4eb-eeee0a9d7ec9.OPERATION#flowable-async-job-executor-thread-33647#
[StageAppStep] Executing task "stageAppTask" of process "098f4b81-783d-11f1-a5fe-eeee0a8eee86"...#
#2026 07 05 06:45:17.483#Z#INFO#fd809866-783c-11f1-b4eb-eeee0a9d7ec9.OPERATION#flowable-async-job-executor-thread-33646#
[StageAppStep] Staging application "MyHANAApp-srv"...#
#2026 07 05 06:45:17.483#Z#DEBUG#fd809866-783c-11f1-b4eb-eeee0a9d7ec9.OPERATION#flowable-async-job-executor-thread-33647#
[StageAppStep] Application stage timeout is default one: 3,600 seconds#
#2026 07 05 06:45:17.485#Z#INFO#fd809866-783c-11f1-b4eb-eeee0a9d7ec9.OPERATION#flowable-async-job-executor-thread-33647#
[StageAppStep] Staging application "MyHANAApp-db-deployer"...#
#2026 07 05 06:45:17.491#Z#DEBUG#fd809866-783c-11f1-b4eb-eeee0a9d7ec9.OPERATION#flowable-async-job-executor-thread-33646#
[StageAppStep] Creating build for package "ce73ccd6-69ea-43c9-ac91-2116f66d8dc4"...#
#2026 07 05 06:45:17.497#Z#DEBUG#fd809866-783c-11f1-b4eb-eeee0a9d7ec9.OPERATION#flowable-async-job-executor-thread-33647#
[StageAppStep] Creating build for package "451f8c5c-64cc-46a7-a315-f875e438c721"...#
#2026 07 05 06:45:17.944#Z#DEBUG#fd809866-783c-11f1-b4eb-eeee0a9d7ec9.OPERATION#flowable-async-job-executor-thread-33647#
Step "Stage App" finished#
#2026 07 05 06:45:18.023#Z#DEBUG#fd809866-783c-11f1-b4eb-eeee0a9d7ec9.OPERATION#App upload monitor: ce73ccd6-69ea-43c9-ac91-2116f66d8dc4#
[UploadAppStep] Upload status: READY#
#2026 07 05 06:45:18.089#Z#DEBUG#fd809866-783c-11f1-b4eb-eeee0a9d7ec9.OPERATION#flowable-async-job-executor-thread-33646#
Step "Stage App" finished#
#2026 07 05 06:45:19.879#Z#DEBUG#fd809866-783c-11f1-b4eb-eeee0a9d7ec9.OPERATION#flowable-async-job-executor-thread-33645#
Step "Stage App" finished#
#2026 07 05 06:45:27.248#Z#DEBUG#fd809866-783c-11f1-b4eb-eeee0a9d7ec9.OPERATION#flowable-async-job-executor-thread-32756#
[StageAppStep] Executing task "stageAppTask" of process "098f4b81-783d-11f1-a5fe-eeee0a8eee86"...#
#2026 07 05 06:45:27.251#Z#DEBUG#fd809866-783c-11f1-b4eb-eeee0a9d7ec9.OPERATION#flowable-async-job-executor-thread-32756#
[StageAppStep] Application stage timeout is default one: 3,600 seconds#
#2026 07 05 06:45:27.251#Z#DEBUG#fd809866-783c-11f1-b4eb-eeee0a9d7ec9.OPERATION#flowable-async-job-executor-thread-32756#
[StageAppStep] Checking status of application "MyHANAApp-db-deployer"...#
#2026 07 05 06:45:27.251#Z#DEBUG#fd809866-783c-11f1-b4eb-eeee0a9d7ec9.OPERATION#flowable-async-job-executor-thread-32756#
[StageAppStep] Getting build "9f726461-cf8d-4c21-977c-d4c5095418ef"...#
#2026 07 05 06:45:27.268#Z#DEBUG#fd809866-783c-11f1-b4eb-eeee0a9d7ec9.OPERATION#flowable-async-job-executor-thread-32757#
[StageAppStep] Executing task "stageAppTask" of process "0b17995d-783d-11f1-a5fe-eeee0a8eee86"...#
#2026 07 05 06:45:27.270#Z#DEBUG#fd809866-783c-11f1-b4eb-eeee0a9d7ec9.OPERATION#flowable-async-job-executor-thread-32757#
[StageAppStep] Application stage timeout is default one: 3,600 seconds#
#2026 07 05 06:45:27.270#Z#DEBUG#fd809866-783c-11f1-b4eb-eeee0a9d7ec9.OPERATION#flowable-async-job-executor-thread-32757#
[StageAppStep] Checking status of application "MyHANAApp-srv"...#
#2026 07 05 06:45:27.270#Z#DEBUG#fd809866-783c-11f1-b4eb-eeee0a9d7ec9.OPERATION#flowable-async-job-executor-thread-32757#
[StageAppStep] Getting build "ca233f67-ba98-4151-a65e-ec814fbccc54"...#
#2026 07 05 06:45:27.285#Z#DEBUG#fd809866-783c-11f1-b4eb-eeee0a9d7ec9.OPERATION#flowable-async-job-executor-thread-32756#
[StageAppStep] Staging status of application "MyHANAApp-db-deployer": PENDING#
#2026 07 05 06:45:27.287#Z#DEBUG#fd809866-783c-11f1-b4eb-eeee0a9d7ec9.OPERATION#flowable-async-job-executor-thread-32756#
[StageAppStep] Getting application guid "MyHANAApp-db-deployer"...#
#2026 07 05 06:45:27.326#Z#DEBUG#fd809866-783c-11f1-b4eb-eeee0a9d7ec9.OPERATION#flowable-async-job-executor-thread-32757#
[StageAppStep] Staging status of application "MyHANAApp-srv": PENDING#
#2026 07 05 06:45:27.327#Z#DEBUG#fd809866-783c-11f1-b4eb-eeee0a9d7ec9.OPERATION#flowable-async-job-executor-thread-32757#
[StageAppStep] Getting application guid "MyHANAApp-srv"...#
#2026 07 05 06:45:27.412#Z#DEBUG#fd809866-783c-11f1-b4eb-eeee0a9d7ec9.OPERATION#flowable-async-job-executor-thread-32756#
Step "Stage App" finished#
#2026 07 05 06:45:27.448#Z#DEBUG#fd809866-783c-11f1-b4eb-eeee0a9d7ec9.OPERATION#flowable-async-job-executor-thread-32757#
Step "Stage App" finished#
#2026 07 05 06:45:27.292#Z#DEBUG#fd809866-783c-11f1-b4eb-eeee0a9d7ec9.OPERATION#flowable-async-job-executor-thread-9605#
[StageAppStep] Executing task "stageAppTask" of process "0992f505-783d-11f1-a5fe-eeee0a8eee86"...#
#2026 07 05 06:45:27.297#Z#DEBUG#fd809866-783c-11f1-b4eb-eeee0a9d7ec9.OPERATION#flowable-async-job-executor-thread-9605#
[StageAppStep] Application stage timeout is default one: 3,600 seconds#
#2026 07 05 06:45:27.299#Z#DEBUG#fd809866-783c-11f1-b4eb-eeee0a9d7ec9.OPERATION#flowable-async-job-executor-thread-9605#
[StageAppStep] Checking status of application "MyHANAApp"...#
#2026 07 05 06:45:27.299#Z#DEBUG#fd809866-783c-11f1-b4eb-eeee0a9d7ec9.OPERATION#flowable-async-job-executor-thread-9605#
[StageAppStep] Getting build "bec159e2-bb2e-4a6a-9994-8c086ac2e3a3"...#
#2026 07 05 06:45:27.333#Z#DEBUG#fd809866-783c-11f1-b4eb-eeee0a9d7ec9.OPERATION#flowable-async-job-executor-thread-9605#
[StageAppStep] Staging status of application "MyHANAApp": PENDING#
#2026 07 05 06:45:27.335#Z#DEBUG#fd809866-783c-11f1-b4eb-eeee0a9d7ec9.OPERATION#flowable-async-job-executor-thread-9605#
[StageAppStep] Getting application guid "MyHANAApp"...#
#2026 07 05 06:45:27.488#Z#DEBUG#fd809866-783c-11f1-b4eb-eeee0a9d7ec9.OPERATION#flowable-async-job-executor-thread-9605#
Step "Stage App" finished#
#2026 07 05 06:45:37.276#Z#DEBUG#fd809866-783c-11f1-b4eb-eeee0a9d7ec9.OPERATION#flowable-async-job-executor-thread-32761#
[StageAppStep] Executing task "stageAppTask" of process "098f4b81-783d-11f1-a5fe-eeee0a8eee86"...#
#2026 07 05 06:45:37.278#Z#DEBUG#fd809866-783c-11f1-b4eb-eeee0a9d7ec9.OPERATION#flowable-async-job-executor-thread-32761#
[StageAppStep] Application stage timeout is default one: 3,600 seconds#
#2026 07 05 06:45:37.279#Z#DEBUG#fd809866-783c-11f1-b4eb-eeee0a9d7ec9.OPERATION#flowable-async-job-executor-thread-32761#
[StageAppStep] Checking status of application "MyHANAApp-db-deployer"...#
#2026 07 05 06:45:37.279#Z#DEBUG#fd809866-783c-11f1-b4eb-eeee0a9d7ec9.OPERATION#flowable-async-job-executor-thread-32761#
[StageAppStep] Getting build "9f726461-cf8d-4c21-977c-d4c5095418ef"...#
#2026 07 05 06:45:37.291#Z#DEBUG#fd809866-783c-11f1-b4eb-eeee0a9d7ec9.OPERATION#flowable-async-job-executor-thread-32762#
[StageAppStep] Executing task "stageAppTask" of process "0b17995d-783d-11f1-a5fe-eeee0a8eee86"...#
#2026 07 05 06:45:37.294#Z#DEBUG#fd809866-783c-11f1-b4eb-eeee0a9d7ec9.OPERATION#flowable-async-job-executor-thread-32762#
[StageAppStep] Application stage timeout is default one: 3,600 seconds#
#2026 07 05 06:45:37.294#Z#DEBUG#fd809866-783c-11f1-b4eb-eeee0a9d7ec9.OPERATION#flowable-async-job-executor-thread-32762#
[StageAppStep] Checking status of application "MyHANAApp-srv"...#
#2026 07 05 06:45:37.294#Z#DEBUG#fd809866-783c-11f1-b4eb-eeee0a9d7ec9.OPERATION#flowable-async-job-executor-thread-32762#
[StageAppStep] Getting build "ca233f67-ba98-4151-a65e-ec814fbccc54"...#
#2026 07 05 06:45:37.306#Z#DEBUG#fd809866-783c-11f1-b4eb-eeee0a9d7ec9.OPERATION#flowable-async-job-executor-thread-32763#
[StageAppStep] Executing task "stageAppTask" of process "0992f505-783d-11f1-a5fe-eeee0a8eee86"...#
#2026 07 05 06:45:37.307#Z#DEBUG#fd809866-783c-11f1-b4eb-eeee0a9d7ec9.OPERATION#flowable-async-job-executor-thread-32763#
[StageAppStep] Application stage timeout is default one: 3,600 seconds#
#2026 07 05 06:45:37.308#Z#DEBUG#fd809866-783c-11f1-b4eb-eeee0a9d7ec9.OPERATION#flowable-async-job-executor-thread-32763#
[StageAppStep] Checking status of application "MyHANAApp"...#
#2026 07 05 06:45:37.308#Z#DEBUG#fd809866-783c-11f1-b4eb-eeee0a9d7ec9.OPERATION#flowable-async-job-executor-thread-32763#
[StageAppStep] Getting build "bec159e2-bb2e-4a6a-9994-8c086ac2e3a3"...#
#2026 07 05 06:45:37.327#Z#DEBUG#fd809866-783c-11f1-b4eb-eeee0a9d7ec9.OPERATION#flowable-async-job-executor-thread-32761#
[StageAppStep] Staging status of application "MyHANAApp-db-deployer": PENDING#
#2026 07 05 06:45:37.328#Z#DEBUG#fd809866-783c-11f1-b4eb-eeee0a9d7ec9.OPERATION#flowable-async-job-executor-thread-32761#
[StageAppStep] Getting application guid "MyHANAApp-db-deployer"...#
#2026 07 05 06:45:37.335#Z#DEBUG#fd809866-783c-11f1-b4eb-eeee0a9d7ec9.OPERATION#flowable-async-job-executor-thread-32763#
[StageAppStep] Staging status of application "MyHANAApp": PENDING#
#2026 07 05 06:45:37.337#Z#DEBUG#fd809866-783c-11f1-b4eb-eeee0a9d7ec9.OPERATION#flowable-async-job-executor-thread-32763#
[StageAppStep] Getting application guid "MyHANAApp"...#
#2026 07 05 06:45:37.350#Z#DEBUG#fd809866-783c-11f1-b4eb-eeee0a9d7ec9.OPERATION#flowable-async-job-executor-thread-32762#
[StageAppStep] Staging status of application "MyHANAApp-srv": PENDING#
#2026 07 05 06:45:37.351#Z#DEBUG#fd809866-783c-11f1-b4eb-eeee0a9d7ec9.OPERATION#flowable-async-job-executor-thread-32762#
[StageAppStep] Getting application guid "MyHANAApp-srv"...#
#2026 07 05 06:45:37.474#Z#DEBUG#fd809866-783c-11f1-b4eb-eeee0a9d7ec9.OPERATION#flowable-async-job-executor-thread-32763#
Step "Stage App" finished#
#2026 07 05 06:45:37.477#Z#DEBUG#fd809866-783c-11f1-b4eb-eeee0a9d7ec9.OPERATION#flowable-async-job-executor-thread-32761#
Step "Stage App" finished#
#2026 07 05 06:45:37.499#Z#DEBUG#fd809866-783c-11f1-b4eb-eeee0a9d7ec9.OPERATION#flowable-async-job-executor-thread-32762#
Step "Stage App" finished#
#2026 07 05 06:45:47.321#Z#DEBUG#fd809866-783c-11f1-b4eb-eeee0a9d7ec9.OPERATION#flowable-async-job-executor-thread-33688#
[StageAppStep] Executing task "stageAppTask" of process "0b17995d-783d-11f1-a5fe-eeee0a8eee86"...#
#2026 07 05 06:45:47.322#Z#DEBUG#fd809866-783c-11f1-b4eb-eeee0a9d7ec9.OPERATION#flowable-async-job-executor-thread-33688#
[StageAppStep] Application stage timeout is default one: 3,600 seconds#
#2026 07 05 06:45:47.323#Z#DEBUG#fd809866-783c-11f1-b4eb-eeee0a9d7ec9.OPERATION#flowable-async-job-executor-thread-33688#
[StageAppStep] Checking status of application "MyHANAApp-srv"...#
#2026 07 05 06:45:47.323#Z#DEBUG#fd809866-783c-11f1-b4eb-eeee0a9d7ec9.OPERATION#flowable-async-job-executor-thread-33688#
[StageAppStep] Getting build "ca233f67-ba98-4151-a65e-ec814fbccc54"...#
#2026 07 05 06:45:47.370#Z#DEBUG#fd809866-783c-11f1-b4eb-eeee0a9d7ec9.OPERATION#flowable-async-job-executor-thread-33688#
[StageAppStep] Staging status of application "MyHANAApp-srv": STAGED#
#2026 07 05 06:45:47.371#Z#DEBUG#fd809866-783c-11f1-b4eb-eeee0a9d7ec9.OPERATION#flowable-async-job-executor-thread-33688#
[StageAppStep] Getting application guid "MyHANAApp-srv"...#
#2026 07 05 06:45:47.498#Z#DEBUG#fd809866-783c-11f1-b4eb-eeee0a9d7ec9.OPERATION#flowable-async-job-executor-thread-33688#
[StageAppStep] Getting build "ca233f67-ba98-4151-a65e-ec814fbccc54"...#
#2026 07 05 06:45:47.535#Z#DEBUG#fd809866-783c-11f1-b4eb-eeee0a9d7ec9.OPERATION#flowable-async-job-executor-thread-33688#
[StageAppStep] Binding droplet "01616799-cc6f-4db5-8159-29d7866ebb0c" to application "06081fac-2ec2-4819-aa93-a6bf87d224c2"...#
#2026 07 05 06:45:47.591#Z#INFO#fd809866-783c-11f1-b4eb-eeee0a9d7ec9.OPERATION#flowable-async-job-executor-thread-33688#
[StageAppStep] Application "MyHANAApp-srv" staged#
#2026 07 05 06:45:47.600#Z#DEBUG#fd809866-783c-11f1-b4eb-eeee0a9d7ec9.OPERATION#flowable-async-job-executor-thread-33688#
Step "Stage App" finished#
#2026 07 05 06:45:47.312#Z#DEBUG#fd809866-783c-11f1-b4eb-eeee0a9d7ec9.OPERATION#flowable-async-job-executor-thread-25803#
[StageAppStep] Executing task "stageAppTask" of process "098f4b81-783d-11f1-a5fe-eeee0a8eee86"...#
#2026 07 05 06:45:47.314#Z#DEBUG#fd809866-783c-11f1-b4eb-eeee0a9d7ec9.OPERATION#flowable-async-job-executor-thread-25803#
[StageAppStep] Application stage timeout is default one: 3,600 seconds#
#2026 07 05 06:45:47.314#Z#DEBUG#fd809866-783c-11f1-b4eb-eeee0a9d7ec9.OPERATION#flowable-async-job-executor-thread-25803#
[StageAppStep] Checking status of application "MyHANAApp-db-deployer"...#
#2026 07 05 06:45:47.314#Z#DEBUG#fd809866-783c-11f1-b4eb-eeee0a9d7ec9.OPERATION#flowable-async-job-executor-thread-25803#
[StageAppStep] Getting build "9f726461-cf8d-4c21-977c-d4c5095418ef"...#
#2026 07 05 06:45:47.317#Z#DEBUG#fd809866-783c-11f1-b4eb-eeee0a9d7ec9.OPERATION#flowable-async-job-executor-thread-25804#
[StageAppStep] Executing task "stageAppTask" of process "0992f505-783d-11f1-a5fe-eeee0a8eee86"...#
#2026 07 05 06:45:47.319#Z#DEBUG#fd809866-783c-11f1-b4eb-eeee0a9d7ec9.OPERATION#flowable-async-job-executor-thread-25804#
[StageAppStep] Application stage timeout is default one: 3,600 seconds#
#2026 07 05 06:45:47.319#Z#DEBUG#fd809866-783c-11f1-b4eb-eeee0a9d7ec9.OPERATION#flowable-async-job-executor-thread-25804#
[StageAppStep] Checking status of application "MyHANAApp"...#
#2026 07 05 06:45:47.319#Z#DEBUG#fd809866-783c-11f1-b4eb-eeee0a9d7ec9.OPERATION#flowable-async-job-executor-thread-25804#
[StageAppStep] Getting build "bec159e2-bb2e-4a6a-9994-8c086ac2e3a3"...#
#2026 07 05 06:45:47.357#Z#DEBUG#fd809866-783c-11f1-b4eb-eeee0a9d7ec9.OPERATION#flowable-async-job-executor-thread-25804#
[StageAppStep] Staging status of application "MyHANAApp": STAGED#
#2026 07 05 06:45:47.360#Z#DEBUG#fd809866-783c-11f1-b4eb-eeee0a9d7ec9.OPERATION#flowable-async-job-executor-thread-25804#
[StageAppStep] Getting application guid "MyHANAApp"...#
#2026 07 05 06:45:47.361#Z#DEBUG#fd809866-783c-11f1-b4eb-eeee0a9d7ec9.OPERATION#flowable-async-job-executor-thread-25803#
[StageAppStep] Staging status of application "MyHANAApp-db-deployer": STAGED#
#2026 07 05 06:45:47.362#Z#DEBUG#fd809866-783c-11f1-b4eb-eeee0a9d7ec9.OPERATION#flowable-async-job-executor-thread-25803#
[StageAppStep] Getting application guid "MyHANAApp-db-deployer"...#
#2026 07 05 06:45:47.486#Z#DEBUG#fd809866-783c-11f1-b4eb-eeee0a9d7ec9.OPERATION#flowable-async-job-executor-thread-25803#
[StageAppStep] Getting build "9f726461-cf8d-4c21-977c-d4c5095418ef"...#
#2026 07 05 06:45:47.492#Z#DEBUG#fd809866-783c-11f1-b4eb-eeee0a9d7ec9.OPERATION#flowable-async-job-executor-thread-25804#
[StageAppStep] Getting build "bec159e2-bb2e-4a6a-9994-8c086ac2e3a3"...#
#2026 07 05 06:45:47.520#Z#DEBUG#fd809866-783c-11f1-b4eb-eeee0a9d7ec9.OPERATION#flowable-async-job-executor-thread-25803#
[StageAppStep] Binding droplet "10ac5cb2-f05a-4dc7-b52e-2815972e82a2" to application "30f39fab-8d7b-4549-927d-378c796efb70"...#
#2026 07 05 06:45:47.559#Z#DEBUG#fd809866-783c-11f1-b4eb-eeee0a9d7ec9.OPERATION#flowable-async-job-executor-thread-25804#
[StageAppStep] Binding droplet "f4d62560-4b47-4f45-bde9-0184d9eb729e" to application "5cb54ac0-0756-403c-997d-73555b972d81"...#
#2026 07 05 06:45:47.620#Z#INFO#fd809866-783c-11f1-b4eb-eeee0a9d7ec9.OPERATION#flowable-async-job-executor-thread-25804#
[StageAppStep] Application "MyHANAApp" staged#
#2026 07 05 06:45:47.627#Z#DEBUG#fd809866-783c-11f1-b4eb-eeee0a9d7ec9.OPERATION#flowable-async-job-executor-thread-25804#
Step "Stage App" finished#
#2026 07 05 06:45:47.640#Z#INFO#fd809866-783c-11f1-b4eb-eeee0a9d7ec9.OPERATION#flowable-async-job-executor-thread-25803#
[StageAppStep] Application "MyHANAApp-db-deployer" staged#
#2026 07 05 06:45:47.649#Z#DEBUG#fd809866-783c-11f1-b4eb-eeee0a9d7ec9.OPERATION#flowable-async-job-executor-thread-25803#
Step "Stage App" finished#
#2026 07 05 06:45:47.733#Z#DEBUG#fd809866-783c-11f1-b4eb-eeee0a9d7ec9.OPERATION#flowable-async-job-executor-thread-25807#
[PrepareToExecuteTasksStep] Executing task "prepareToExecuteTasksTask" of process "278a293b-783d-11f1-9ea3-eeee0a930194"...#
#2026 07 05 06:45:47.734#Z#DEBUG#fd809866-783c-11f1-b4eb-eeee0a9d7ec9.OPERATION#flowable-async-job-executor-thread-25807#
Step "Prepare To Execute Tasks" finished#
#2026 07 05 06:45:47.636#Z#DEBUG#fd809866-783c-11f1-b4eb-eeee0a9d7ec9.OPERATION#flowable-async-job-executor-thread-33690#
[RestartAppStep] Executing task "startAppTask" of process "0b17995d-783d-11f1-a5fe-eeee0a8eee86"...#
#2026 07 05 06:45:47.640#Z#DEBUG#fd809866-783c-11f1-b4eb-eeee0a9d7ec9.OPERATION#flowable-async-job-executor-thread-33690#
[RestartAppStep] Application start timeout is default one: 3,600 seconds#
#2026 07 05 06:45:47.641#Z#DEBUG#fd809866-783c-11f1-b4eb-eeee0a9d7ec9.OPERATION#flowable-async-job-executor-thread-33690#
[RestartAppStep] Getting application "MyHANAApp-srv"...#
#2026 07 05 06:45:47.685#Z#INFO#fd809866-783c-11f1-b4eb-eeee0a9d7ec9.OPERATION#flowable-async-job-executor-thread-33690#
[RestartAppStep] Starting application "MyHANAApp-srv"...#
#2026 07 05 06:45:47.693#Z#DEBUG#fd809866-783c-11f1-b4eb-eeee0a9d7ec9.OPERATION#flowable-async-job-executor-thread-33690#
[RestartAppStep] Starting application "MyHANAApp-srv"...#
#2026 07 05 06:45:47.982#Z#DEBUG#fd809866-783c-11f1-b4eb-eeee0a9d7ec9.OPERATION#flowable-async-job-executor-thread-33690#
Step "Start App" finished#
#2026 07 05 06:45:47.669#Z#DEBUG#fd809866-783c-11f1-b4eb-eeee0a9d7ec9.OPERATION#flowable-async-job-executor-thread-25805#
[RestartAppStep] Executing task "startAppTask" of process "0992f505-783d-11f1-a5fe-eeee0a8eee86"...#
#2026 07 05 06:45:47.672#Z#DEBUG#fd809866-783c-11f1-b4eb-eeee0a9d7ec9.OPERATION#flowable-async-job-executor-thread-25805#
[RestartAppStep] Application start timeout is default one: 3,600 seconds#
#2026 07 05 06:45:47.673#Z#DEBUG#fd809866-783c-11f1-b4eb-eeee0a9d7ec9.OPERATION#flowable-async-job-executor-thread-25805#
[RestartAppStep] Getting application "MyHANAApp"...#
#2026 07 05 06:45:47.708#Z#INFO#fd809866-783c-11f1-b4eb-eeee0a9d7ec9.OPERATION#flowable-async-job-executor-thread-25805#
[RestartAppStep] Starting application "MyHANAApp"...#
#2026 07 05 06:45:47.719#Z#DEBUG#fd809866-783c-11f1-b4eb-eeee0a9d7ec9.OPERATION#flowable-async-job-executor-thread-25805#
[RestartAppStep] Starting application "MyHANAApp"...#
#2026 07 05 06:45:48.104#Z#DEBUG#fd809866-783c-11f1-b4eb-eeee0a9d7ec9.OPERATION#flowable-async-job-executor-thread-25805#
Step "Start App" finished#
#2026 07 05 06:45:47.766#Z#DEBUG#fd809866-783c-11f1-b4eb-eeee0a9d7ec9.OPERATION#flowable-async-job-executor-thread-25808#
[ExecuteTaskStep] Executing task "executeTaskTask" of process "278a293b-783d-11f1-9ea3-eeee0a930194"...#
#2026 07 05 06:45:47.768#Z#DEBUG#fd809866-783c-11f1-b4eb-eeee0a9d7ec9.OPERATION#flowable-async-job-executor-thread-25808#
[ExecuteTaskStep] Application task execution timeout is default one: 43,200 seconds#
#2026 07 05 06:45:47.769#Z#INFO#fd809866-783c-11f1-b4eb-eeee0a9d7ec9.OPERATION#flowable-async-job-executor-thread-25808#
[ExecuteTaskStep] Executing task "deploy" on application "MyHANAApp-db-deployer"...#
#2026 07 05 06:45:47.778#Z#DEBUG#fd809866-783c-11f1-b4eb-eeee0a9d7ec9.OPERATION#flowable-async-job-executor-thread-25808#
[ExecuteTaskStep] Running task on application "MyHANAApp-db-deployer": {
  "name" : "deploy",
  "command" : "npm start",
  "limits" : {
    "memory" : 256
  }
}#
#2026 07 05 06:45:48.212#Z#DEBUG#fd809866-783c-11f1-b4eb-eeee0a9d7ec9.OPERATION#flowable-async-job-executor-thread-25808#
Step "Execute Task" finished#
#2026 07 05 06:45:57.361#Z#DEBUG#fd809866-783c-11f1-b4eb-eeee0a9d7ec9.OPERATION#flowable-async-job-executor-thread-33736#
[ExecuteTaskStep] Executing task "executeTaskTask" of process "278a293b-783d-11f1-9ea3-eeee0a930194"...#
#2026 07 05 06:45:57.363#Z#DEBUG#fd809866-783c-11f1-b4eb-eeee0a9d7ec9.OPERATION#flowable-async-job-executor-thread-33736#
[ExecuteTaskStep] Application task execution timeout is default one: 43,200 seconds#
#2026 07 05 06:45:57.364#Z#DEBUG#fd809866-783c-11f1-b4eb-eeee0a9d7ec9.OPERATION#flowable-async-job-executor-thread-33736#
[ExecuteTaskStep] Getting task "ec1c2f71-bcc8-4dc0-bef2-a45f15b98b03"...#
#2026 07 05 06:45:57.407#Z#DEBUG#fd809866-783c-11f1-b4eb-eeee0a9d7ec9.OPERATION#flowable-async-job-executor-thread-33736#
[ExecuteTaskStep] Task execution status: succeeded#
#2026 07 05 06:45:57.408#Z#DEBUG#fd809866-783c-11f1-b4eb-eeee0a9d7ec9.OPERATION#flowable-async-job-executor-thread-33736#
[ExecuteTaskStep] Getting application guid "MyHANAApp-db-deployer"...#
#2026 07 05 06:45:57.520#Z#DEBUG#fd809866-783c-11f1-b4eb-eeee0a9d7ec9.OPERATION#flowable-async-job-executor-thread-33736#
Step "Execute Task" finished#
#2026 07 05 06:45:57.555#Z#DEBUG#fd809866-783c-11f1-b4eb-eeee0a9d7ec9.OPERATION#flowable-async-job-executor-thread-33738#
[IncrementIndexStep] Executing task "incrementTaskIndexTask" of process "278a293b-783d-11f1-9ea3-eeee0a930194"...#
#2026 07 05 06:45:57.556#Z#DEBUG#fd809866-783c-11f1-b4eb-eeee0a9d7ec9.OPERATION#flowable-async-job-executor-thread-33738#
Step "Increment Task Index" finished#
#2026 07 05 06:45:57.612#Z#DEBUG#fd809866-783c-11f1-b4eb-eeee0a9d7ec9.OPERATION#flowable-async-job-executor-thread-33739#
[PublishConfigurationEntriesStep] Executing task "publishProvidedDependenciesTask" of process "098f4b81-783d-11f1-a5fe-eeee0a8eee86"...#
#2026 07 05 06:45:57.612#Z#DEBUG#fd809866-783c-11f1-b4eb-eeee0a9d7ec9.OPERATION#flowable-async-job-executor-thread-33739#
[PublishConfigurationEntriesStep] Publishing public provided dependencies for application "MyHANAApp-db-deployer"...#
#2026 07 05 06:45:57.613#Z#DEBUG#fd809866-783c-11f1-b4eb-eeee0a9d7ec9.OPERATION#flowable-async-job-executor-thread-33739#
[PublishConfigurationEntriesStep] No public provided dependencies for publishing#
#2026 07 05 06:45:57.613#Z#DEBUG#fd809866-783c-11f1-b4eb-eeee0a9d7ec9.OPERATION#flowable-async-job-executor-thread-33739#
Step "Publish Provided Dependencies" finished#
#2026 07 05 06:45:57.645#Z#DEBUG#fd809866-783c-11f1-b4eb-eeee0a9d7ec9.OPERATION#flowable-async-job-executor-thread-33740#
[CreateOrUpdateServiceBrokerStep] Executing task "createOrUpdateServiceBrokerTask" of process "098f4b81-783d-11f1-a5fe-eeee0a8eee86"...#
#2026 07 05 06:45:57.646#Z#DEBUG#fd809866-783c-11f1-b4eb-eeee0a9d7ec9.OPERATION#flowable-async-job-executor-thread-33740#
[CreateOrUpdateServiceBrokerStep] Creating service brokers...#
#2026 07 05 06:45:57.647#Z#DEBUG#fd809866-783c-11f1-b4eb-eeee0a9d7ec9.OPERATION#flowable-async-job-executor-thread-33740#
Step "Create Or Update Service Broker " finished#
#2026 07 05 06:45:57.329#Z#DEBUG#fd809866-783c-11f1-b4eb-eeee0a9d7ec9.OPERATION#flowable-async-job-executor-thread-33733#
[RestartAppStep] Executing task "startAppTask" of process "27c9ca61-783d-11f1-9ea3-eeee0a930194"...#
#2026 07 05 06:45:57.331#Z#DEBUG#fd809866-783c-11f1-b4eb-eeee0a9d7ec9.OPERATION#flowable-async-job-executor-thread-33733#
[RestartAppStep] Application start timeout is default one: 3,600 seconds#
#2026 07 05 06:45:57.332#Z#DEBUG#fd809866-783c-11f1-b4eb-eeee0a9d7ec9.OPERATION#flowable-async-job-executor-thread-33733#
[RestartAppStep] Checking status of application "MyHANAApp"...#
#2026 07 05 06:45:57.332#Z#DEBUG#fd809866-783c-11f1-b4eb-eeee0a9d7ec9.OPERATION#flowable-async-job-executor-thread-33733#
[RestartAppStep] Getting application "MyHANAApp"...#
#2026 07 05 06:45:57.375#Z#DEBUG#fd809866-783c-11f1-b4eb-eeee0a9d7ec9.OPERATION#flowable-async-job-executor-thread-33733#
[RestartAppStep] Getting instances for application "MyHANAApp"...#
#2026 07 05 06:45:57.607#Z#DEBUG#fd809866-783c-11f1-b4eb-eeee0a9d7ec9.OPERATION#flowable-async-job-executor-thread-33733#
[RestartAppStep] Application "MyHANAApp": 1 of 1 instances running (1 running)#
#2026 07 05 06:45:57.646#Z#DEBUG#fd809866-783c-11f1-b4eb-eeee0a9d7ec9.OPERATION#flowable-async-job-executor-thread-33733#
[RestartAppStep] Getting routes for application "5cb54ac0-0756-403c-997d-73555b972d81"...#
#2026 07 05 06:45:57.695#Z#INFO#fd809866-783c-11f1-b4eb-eeee0a9d7ec9.OPERATION#flowable-async-job-executor-thread-33733#
[RestartAppStep] Application "MyHANAApp" started and available at "coe-emea-hana-platform-d054555-coe-emea-hana-ti-cloud-myhanaapp.cfapps.eu20.hana.ondemand.com"#
#2026 07 05 06:45:57.704#Z#DEBUG#fd809866-783c-11f1-b4eb-eeee0a9d7ec9.OPERATION#flowable-async-job-executor-thread-33733#
Step "Start App" finished#
#2026 07 05 06:45:57.364#Z#DEBUG#fd809866-783c-11f1-b4eb-eeee0a9d7ec9.OPERATION#flowable-async-job-executor-thread-25812#
[RestartAppStep] Executing task "startAppTask" of process "27b72c33-783d-11f1-a5fe-eeee0a8eee86"...#
#2026 07 05 06:45:57.367#Z#DEBUG#fd809866-783c-11f1-b4eb-eeee0a9d7ec9.OPERATION#flowable-async-job-executor-thread-25812#
[RestartAppStep] Application start timeout is default one: 3,600 seconds#
#2026 07 05 06:45:57.368#Z#DEBUG#fd809866-783c-11f1-b4eb-eeee0a9d7ec9.OPERATION#flowable-async-job-executor-thread-25812#
[RestartAppStep] Checking status of application "MyHANAApp-srv"...#
#2026 07 05 06:45:57.368#Z#DEBUG#fd809866-783c-11f1-b4eb-eeee0a9d7ec9.OPERATION#flowable-async-job-executor-thread-25812#
[RestartAppStep] Getting application "MyHANAApp-srv"...#
#2026 07 05 06:45:57.398#Z#DEBUG#fd809866-783c-11f1-b4eb-eeee0a9d7ec9.OPERATION#flowable-async-job-executor-thread-25812#
[RestartAppStep] Getting instances for application "MyHANAApp-srv"...#
#2026 07 05 06:45:58.181#Z#DEBUG#fd809866-783c-11f1-b4eb-eeee0a9d7ec9.OPERATION#flowable-async-job-executor-thread-25812#
[RestartAppStep] Application "MyHANAApp-srv": 1 of 1 instances running (1 running)#
#2026 07 05 06:45:58.266#Z#DEBUG#fd809866-783c-11f1-b4eb-eeee0a9d7ec9.OPERATION#flowable-async-job-executor-thread-25812#
[RestartAppStep] Getting routes for application "06081fac-2ec2-4819-aa93-a6bf87d224c2"...#
#2026 07 05 06:45:58.318#Z#INFO#fd809866-783c-11f1-b4eb-eeee0a9d7ec9.OPERATION#flowable-async-job-executor-thread-25812#
[RestartAppStep] Application "MyHANAApp-srv" started and available at "coe-emea-hana-platform-d054555-coe-emea-hana-ti-cloud-m7c222000.cfapps.eu20.hana.ondemand.com"#
#2026 07 05 06:45:58.328#Z#DEBUG#fd809866-783c-11f1-b4eb-eeee0a9d7ec9.OPERATION#flowable-async-job-executor-thread-25812#
Step "Start App" finished#
#2026 07 05 06:46:07.425#Z#DEBUG#fd809866-783c-11f1-b4eb-eeee0a9d7ec9.OPERATION#flowable-async-job-executor-thread-33755#
[RestartAppStep] Executing task "startAppTask" of process "2d82c942-783d-11f1-a5fe-eeee0a8eee86"...#
#2026 07 05 06:46:07.427#Z#DEBUG#fd809866-783c-11f1-b4eb-eeee0a9d7ec9.OPERATION#flowable-async-job-executor-thread-33755#
[RestartAppStep] Application start timeout is default one: 3,600 seconds#
#2026 07 05 06:46:07.429#Z#DEBUG#fd809866-783c-11f1-b4eb-eeee0a9d7ec9.OPERATION#flowable-async-job-executor-thread-33755#
Step "Start App" finished#
#2026 07 05 06:46:07.436#Z#DEBUG#fd809866-783c-11f1-b4eb-eeee0a9d7ec9.OPERATION#flowable-async-job-executor-thread-33756#
[RestartAppStep] Executing task "startAppTask" of process "2de20095-783d-11f1-9ea3-eeee0a930194"...#
#2026 07 05 06:46:07.439#Z#DEBUG#fd809866-783c-11f1-b4eb-eeee0a9d7ec9.OPERATION#flowable-async-job-executor-thread-33756#
[RestartAppStep] Application start timeout is default one: 3,600 seconds#
#2026 07 05 06:46:07.440#Z#DEBUG#fd809866-783c-11f1-b4eb-eeee0a9d7ec9.OPERATION#flowable-async-job-executor-thread-33756#
Step "Start App" finished#
#2026 07 05 06:46:07.515#Z#DEBUG#fd809866-783c-11f1-b4eb-eeee0a9d7ec9.OPERATION#flowable-async-job-executor-thread-33762#
[PrepareToExecuteTasksStep] Executing task "prepareToExecuteTasksTask" of process "33556a83-783d-11f1-a5fe-eeee0a8eee86"...#
#2026 07 05 06:46:07.516#Z#DEBUG#fd809866-783c-11f1-b4eb-eeee0a9d7ec9.OPERATION#flowable-async-job-executor-thread-33762#
Step "Prepare To Execute Tasks" finished#
#2026 07 05 06:46:07.518#Z#DEBUG#fd809866-783c-11f1-b4eb-eeee0a9d7ec9.OPERATION#flowable-async-job-executor-thread-33763#
[PrepareToExecuteTasksStep] Executing task "prepareToExecuteTasksTask" of process "335606e4-783d-11f1-a5fe-eeee0a8eee86"...#
#2026 07 05 06:46:07.520#Z#DEBUG#fd809866-783c-11f1-b4eb-eeee0a9d7ec9.OPERATION#flowable-async-job-executor-thread-33763#
Step "Prepare To Execute Tasks" finished#
#2026 07 05 06:46:07.569#Z#DEBUG#fd809866-783c-11f1-b4eb-eeee0a9d7ec9.OPERATION#flowable-async-job-executor-thread-33765#
[PublishConfigurationEntriesStep] Executing task "publishProvidedDependenciesTask" of process "334e8d77-783d-11f1-a5fe-eeee0a8eee86"...#
#2026 07 05 06:46:07.570#Z#DEBUG#fd809866-783c-11f1-b4eb-eeee0a9d7ec9.OPERATION#flowable-async-job-executor-thread-33766#
[PublishConfigurationEntriesStep] Executing task "publishProvidedDependenciesTask" of process "33503a39-783d-11f1-a5fe-eeee0a8eee86"...#
#2026 07 05 06:46:07.570#Z#DEBUG#fd809866-783c-11f1-b4eb-eeee0a9d7ec9.OPERATION#flowable-async-job-executor-thread-33765#
[PublishConfigurationEntriesStep] Publishing public provided dependencies for application "MyHANAApp"...#
#2026 07 05 06:46:07.571#Z#DEBUG#fd809866-783c-11f1-b4eb-eeee0a9d7ec9.OPERATION#flowable-async-job-executor-thread-33765#
[PublishConfigurationEntriesStep] No public provided dependencies for publishing#
#2026 07 05 06:46:07.571#Z#DEBUG#fd809866-783c-11f1-b4eb-eeee0a9d7ec9.OPERATION#flowable-async-job-executor-thread-33765#
Step "Publish Provided Dependencies" finished#
#2026 07 05 06:46:07.571#Z#DEBUG#fd809866-783c-11f1-b4eb-eeee0a9d7ec9.OPERATION#flowable-async-job-executor-thread-33766#
[PublishConfigurationEntriesStep] Publishing public provided dependencies for application "MyHANAApp-srv"...#
#2026 07 05 06:46:07.572#Z#DEBUG#fd809866-783c-11f1-b4eb-eeee0a9d7ec9.OPERATION#flowable-async-job-executor-thread-33766#
[PublishConfigurationEntriesStep] No public provided dependencies for publishing#
#2026 07 05 06:46:07.572#Z#DEBUG#fd809866-783c-11f1-b4eb-eeee0a9d7ec9.OPERATION#flowable-async-job-executor-thread-33766#
Step "Publish Provided Dependencies" finished#
#2026 07 05 06:46:07.604#Z#DEBUG#fd809866-783c-11f1-b4eb-eeee0a9d7ec9.OPERATION#flowable-async-job-executor-thread-33769#
[CreateOrUpdateServiceBrokerStep] Executing task "createOrUpdateServiceBrokerTask" of process "33503a39-783d-11f1-a5fe-eeee0a8eee86"...#
#2026 07 05 06:46:07.605#Z#DEBUG#fd809866-783c-11f1-b4eb-eeee0a9d7ec9.OPERATION#flowable-async-job-executor-thread-33769#
[CreateOrUpdateServiceBrokerStep] Creating service brokers...#
#2026 07 05 06:46:07.605#Z#DEBUG#fd809866-783c-11f1-b4eb-eeee0a9d7ec9.OPERATION#flowable-async-job-executor-thread-33769#
Step "Create Or Update Service Broker " finished#
#2026 07 05 06:46:07.607#Z#DEBUG#fd809866-783c-11f1-b4eb-eeee0a9d7ec9.OPERATION#flowable-async-job-executor-thread-33768#
[CreateOrUpdateServiceBrokerStep] Executing task "createOrUpdateServiceBrokerTask" of process "334e8d77-783d-11f1-a5fe-eeee0a8eee86"...#
#2026 07 05 06:46:07.608#Z#DEBUG#fd809866-783c-11f1-b4eb-eeee0a9d7ec9.OPERATION#flowable-async-job-executor-thread-33768#
[CreateOrUpdateServiceBrokerStep] Creating service brokers...#
#2026 07 05 06:46:07.609#Z#DEBUG#fd809866-783c-11f1-b4eb-eeee0a9d7ec9.OPERATION#flowable-async-job-executor-thread-33768#
Step "Create Or Update Service Broker " finished#
#2026 07 05 06:46:09.107#Z#DEBUG#fd809866-783c-11f1-b4eb-eeee0a9d7ec9.OPERATION#flowable-async-job-executor-thread-33790#
[CreateSubscriptionsStep] Executing task "createSubscriptionsTask" of process "34417826-783d-11f1-a5fe-eeee0a8eee86"...#
#2026 07 05 06:46:09.108#Z#DEBUG#fd809866-783c-11f1-b4eb-eeee0a9d7ec9.OPERATION#flowable-async-job-executor-thread-33790#
[CreateSubscriptionsStep] Creating subscriptions...#
#2026 07 05 06:46:09.108#Z#DEBUG#fd809866-783c-11f1-b4eb-eeee0a9d7ec9.OPERATION#flowable-async-job-executor-thread-33790#
[CreateSubscriptionsStep] Subscriptions created#
#2026 07 05 06:46:09.108#Z#DEBUG#fd809866-783c-11f1-b4eb-eeee0a9d7ec9.OPERATION#flowable-async-job-executor-thread-33790#
Step "Create Subscriptions" finished#
#2026 07 05 06:46:09.138#Z#DEBUG#fd809866-783c-11f1-b4eb-eeee0a9d7ec9.OPERATION#flowable-async-job-executor-thread-33792#
[DeleteSubscriptionsStep] Executing task "deleteSubscriptionsTask" of process "34417826-783d-11f1-a5fe-eeee0a8eee86"...#
#2026 07 05 06:46:09.139#Z#DEBUG#fd809866-783c-11f1-b4eb-eeee0a9d7ec9.OPERATION#flowable-async-job-executor-thread-33792#
[DeleteSubscriptionsStep] Deleting discontinued subscriptions...#
#2026 07 05 06:46:09.140#Z#DEBUG#fd809866-783c-11f1-b4eb-eeee0a9d7ec9.OPERATION#flowable-async-job-executor-thread-33792#
[DeleteSubscriptionsStep] Subscriptions to delete: [ ]#
#2026 07 05 06:46:09.140#Z#DEBUG#fd809866-783c-11f1-b4eb-eeee0a9d7ec9.OPERATION#flowable-async-job-executor-thread-33792#
[DeleteSubscriptionsStep] Deleted discontinued subscriptions#
#2026 07 05 06:46:09.140#Z#DEBUG#fd809866-783c-11f1-b4eb-eeee0a9d7ec9.OPERATION#flowable-async-job-executor-thread-33792#
Step "Delete Subscriptions" finished#
#2026 07 05 06:46:09.166#Z#DEBUG#fd809866-783c-11f1-b4eb-eeee0a9d7ec9.OPERATION#flowable-async-job-executor-thread-33794#
[DeleteDiscontinuedConfigurationEntriesStep] Executing task "deleteDiscontinuedConfigurationEntriesTask" of process "34417826-783d-11f1-a5fe-eeee0a8eee86"...#
#2026 07 05 06:46:09.167#Z#DEBUG#fd809866-783c-11f1-b4eb-eeee0a9d7ec9.OPERATION#flowable-async-job-executor-thread-33794#
[DeleteDiscontinuedConfigurationEntriesStep] Deleting discontinued published dependencies...#
#2026 07 05 06:46:09.242#Z#DEBUG#fd809866-783c-11f1-b4eb-eeee0a9d7ec9.OPERATION#flowable-async-job-executor-thread-33794#
[DeleteDiscontinuedConfigurationEntriesStep] Deleted entries: [ ]#
#2026 07 05 06:46:09.242#Z#DEBUG#fd809866-783c-11f1-b4eb-eeee0a9d7ec9.OPERATION#flowable-async-job-executor-thread-33794#
[DeleteDiscontinuedConfigurationEntriesStep] Discontinued published dependencies deleted#
#2026 07 05 06:46:09.242#Z#DEBUG#fd809866-783c-11f1-b4eb-eeee0a9d7ec9.OPERATION#flowable-async-job-executor-thread-33794#
Step "Delete Discontinued Configuration Entries" finished#
#2026 07 05 06:46:09.246#Z#WARN#fd809866-783c-11f1-b4eb-eeee0a9d7ec9.OPERATION#flowable-async-job-executor-thread-33794#
[DoNotDeleteServicesListener] Skipping deletion of services, because the command line option "--delete-services" is not specified.#
#2026 07 05 06:46:09.291#Z#DEBUG#fd809866-783c-11f1-b4eb-eeee0a9d7ec9.OPERATION#flowable-async-job-executor-thread-33795#
[DetachServicesFromMtaStep] Executing task "detachServicesFromMtaTask" of process "3463585f-783d-11f1-a5fe-eeee0a8eee86"...#
#2026 07 05 06:46:09.292#Z#DEBUG#fd809866-783c-11f1-b4eb-eeee0a9d7ec9.OPERATION#flowable-async-job-executor-thread-33795#
[DetachServicesFromMtaStep] Detaching services from MTA...#
#2026 07 05 06:46:09.294#Z#DEBUG#fd809866-783c-11f1-b4eb-eeee0a9d7ec9.OPERATION#flowable-async-job-executor-thread-33795#
[DetachServicesFromMtaStep] Getting service instances without auxiliary content by names []...#
#2026 07 05 06:46:09.294#Z#DEBUG#fd809866-783c-11f1-b4eb-eeee0a9d7ec9.OPERATION#flowable-async-job-executor-thread-33795#
[DetachServicesFromMtaStep] Detached services from MTA#
#2026 07 05 06:46:09.294#Z#DEBUG#fd809866-783c-11f1-b4eb-eeee0a9d7ec9.OPERATION#flowable-async-job-executor-thread-33795#
Step "Detach Services from MTA" finished#
#2026 07 05 06:46:09.324#Z#DEBUG#fd809866-783c-11f1-b4eb-eeee0a9d7ec9.OPERATION#flowable-async-job-executor-thread-33796#
[UpdateSubscribersStep] Executing task "updateSubscribersTask" of process "3463585f-783d-11f1-a5fe-eeee0a8eee86"...#
#2026 07 05 06:46:09.325#Z#DEBUG#fd809866-783c-11f1-b4eb-eeee0a9d7ec9.OPERATION#flowable-async-job-executor-thread-33796#
[UpdateSubscribersStep] Updating subscribers...#
#2026 07 05 06:46:09.417#Z#DEBUG#fd809866-783c-11f1-b4eb-eeee0a9d7ec9.OPERATION#flowable-async-job-executor-thread-33796#
[UpdateSubscribersStep] Subscribers updated#
#2026 07 05 06:46:09.417#Z#DEBUG#fd809866-783c-11f1-b4eb-eeee0a9d7ec9.OPERATION#flowable-async-job-executor-thread-33796#
Step "Update Subscribers" finished#
#2026 07 05 06:46:09.453#Z#DEBUG#fd809866-783c-11f1-b4eb-eeee0a9d7ec9.OPERATION#flowable-async-job-executor-thread-33798#
[RestartSubscribersStep] Executing task "restartSubscribersTask" of process "3463585f-783d-11f1-a5fe-eeee0a8eee86"...#
#2026 07 05 06:46:09.454#Z#DEBUG#fd809866-783c-11f1-b4eb-eeee0a9d7ec9.OPERATION#flowable-async-job-executor-thread-33798#
Step "Restart Subscribers" finished#
#2026 07 05 06:46:09.482#Z#DEBUG#fd809866-783c-11f1-b4eb-eeee0a9d7ec9.OPERATION#flowable-async-job-executor-thread-33799#
[PrepareToRestartServiceBrokerSubscribersStep] Executing task "prepareToRestartServiceBrokerSubscribersTask" of process "3463585f-783d-11f1-a5fe-eeee0a8eee86"...#
#2026 07 05 06:46:09.483#Z#DEBUG#fd809866-783c-11f1-b4eb-eeee0a9d7ec9.OPERATION#flowable-async-job-executor-thread-33799#
Step "Prepare To Restart Service Brokers Subscribers" finished#
